# Blender v2.75 (sub 0) OBJ File: ''
# www.blender.org
mtllib AsaroHeadStudy_afisher decimated 06.mtl
o subtool1.001
v -0.349670 -0.227722 0.641418
v 0.587311 0.260956 0.498261
v 0.538988 0.116368 0.502634
v -0.720977 0.556446 0.324115
v -0.738918 0.515031 0.181961
v -0.158157 -1.621299 -0.929604
v -0.081886 -1.363944 -0.941851
v -0.109528 -1.619294 -0.938065
v 0.408475 1.631529 0.300125
v 0.277496 1.709167 0.311280
v 0.603903 -0.696361 -0.451948
v 0.016020 -1.630984 0.505959
v 0.261528 -0.552765 0.210995
v 0.220814 -0.706331 0.210087
v -0.522623 0.088115 -0.466597
v -0.516352 0.221727 -0.533538
v -0.530093 1.666817 -0.252563
v -0.430638 1.740274 -0.302609
v -0.514500 1.606106 -0.617216
v -0.575331 1.523436 -0.642209
v -0.530426 1.633850 -0.541504
v 0.623849 1.572759 -0.435970
v 0.497398 1.687687 -0.446869
v 0.491180 0.186920 -0.547294
v 0.442157 0.246473 -0.626132
v 0.091034 1.508942 -0.985641
v 0.004894 1.606237 -0.876763
v 0.094272 0.497470 -1.088810
v -0.564580 0.419718 -0.622686
v 0.749207 0.469971 0.069458
v 0.780360 0.689241 -0.061119
v 0.635547 0.058821 0.230047
v -0.140184 -0.152355 0.918457
v -0.244675 -0.098576 0.836889
v -0.520534 1.462592 0.441386
v -0.045883 1.351257 0.807770
v 0.295008 1.407078 0.696194
v 0.284540 1.342822 0.736304
v 0.403934 1.370387 0.616478
v -0.721883 1.348206 -0.674835
v -0.728419 1.008594 0.180878
v 0.648355 0.917116 0.444275
v 0.659714 0.839355 0.513123
v 0.709096 0.876096 0.178563
v 0.406403 -1.355987 -0.823044
v 0.164566 -1.630878 -0.919407
v 0.632721 -1.630879 -0.548340
v 0.630371 -1.631213 0.127685
v 0.710230 -1.022221 -0.040126
v 0.725058 -1.031324 -0.135800
v -0.646713 -1.013008 0.091949
v -0.622711 -1.017574 0.149139
v 0.543316 -1.428828 0.278686
v 0.579184 -1.451055 0.236298
v 0.289921 -1.007649 0.342557
v -0.005931 -1.018673 0.510559
v 0.228366 -0.423212 0.300589
v 0.294161 -0.413443 0.211572
v -0.229126 -0.673477 0.209480
v 0.163071 -0.873161 -0.910246
v 0.178861 -0.716273 -0.896641
v -0.243622 0.551079 -1.139000
v -0.213425 0.423554 -1.005524
v -0.356476 -0.233818 0.617485
v 0.242523 -0.303597 0.381058
v -0.521745 -0.384474 -0.060259
v -0.550224 -0.141983 -0.055267
v -0.444942 -0.394566 -0.582156
v -0.439585 -0.420232 -0.630308
v 0.611423 1.562937 -0.521186
v -0.566433 -0.548583 -0.201790
v -0.610493 -0.013077 -0.122482
v -0.640181 -0.011829 -0.254995
v 0.375786 1.053437 -1.102974
v 0.549684 1.037771 -0.961172
v 0.091255 0.906328 -1.130616
v 0.070933 -0.333196 0.474614
v 0.130648 -0.297814 0.846326
v 0.031551 -0.296820 0.860123
v -0.002304 1.059448 -1.109886
v -0.266052 1.008423 -1.119003
v -0.708414 0.951824 -0.818504
v -0.707224 0.801226 -0.732147
v -0.181614 -1.004811 0.266861
v -0.292747 -1.007186 0.322935
v 0.175071 -1.005358 0.353210
v -0.051925 -1.004560 0.413074
v 0.174858 -1.006249 0.438873
v -0.377655 0.641266 0.748444
v -0.271088 0.629581 0.807160
v 0.473179 0.805583 0.672623
v 0.705437 -1.168938 -0.367951
v -0.673923 0.067707 -0.037338
v -0.636612 0.051031 -0.062153
v -0.582633 -0.009438 -0.024490
v -0.556122 -0.029533 -0.030621
v 0.703774 0.850160 -0.771978
v 0.769041 1.210434 -0.266590
v -0.630213 -0.754194 -0.316638
v -0.710539 -1.631251 -0.137041
v -0.643677 -1.630604 0.110046
v -0.625069 1.242331 0.401148
v -0.651495 1.311392 0.259942
v -0.503769 0.924900 0.696427
v -0.411407 -0.517242 -0.807625
v -0.699135 -1.174858 -0.385697
v -0.652588 -1.183594 -0.502594
v -0.670574 -1.297617 -0.476851
v 0.620092 -0.078033 -0.176865
v 0.550769 -0.375326 -0.114104
v 0.153905 1.647464 0.505898
v 0.000305 1.647949 0.517700
v 0.240144 1.614868 0.566284
v 0.110107 1.350342 0.812744
v 0.209030 1.408203 0.774719
v -0.007538 1.486938 0.729065
v -0.309631 -1.630780 0.433166
v -0.381760 -1.613212 0.412002
v -0.342834 -1.624926 0.428589
v 0.344025 -0.804535 -0.850388
v 0.335297 -0.563080 -0.844971
v 0.403543 -0.623419 -0.819770
v 0.450722 -0.531628 -0.780302
v 0.391262 -0.456883 -0.786972
v -0.177462 1.100270 0.962496
v 0.318720 0.951745 0.846601
v 0.370290 0.955872 0.820428
v -0.618359 -0.905998 -0.213478
v -0.457687 -0.987486 0.015732
v -0.497238 -1.010046 0.278168
v -0.393116 1.619296 -0.780426
v -0.360595 1.563934 -0.904754
v -0.494701 0.907350 -1.016353
v 0.786629 0.411401 -0.243381
v 0.834257 0.399328 -0.310661
v 0.722794 0.772278 -0.663391
v 0.693756 0.588299 -0.667419
v -0.700522 1.373602 -0.046985
v -0.655766 1.537708 -0.032318
v -0.580404 1.603432 -0.032513
v -0.149780 -1.629760 0.493812
v 0.216934 -1.034294 0.486957
v -0.066934 0.061157 -0.821814
v 0.018372 -0.042663 -0.827157
v 0.242767 -0.109955 -0.797028
v 0.000748 1.732605 -0.707885
v -0.189629 1.833447 -0.277816
v -0.493011 -0.122894 -0.443054
v -0.386736 -0.027195 -0.590057
v 0.629498 0.133625 -0.112696
v -0.267485 1.362363 0.748175
v -0.341394 0.949585 0.811356
v -0.068853 1.822133 -0.504758
v 0.431611 1.735059 -0.271015
v 0.506142 1.678780 -0.188965
v -0.672863 0.622978 0.584114
v -0.625061 0.598389 0.644470
v 0.679369 -1.005213 -0.086926
v 0.537437 -0.690738 -0.164261
v 0.505108 -0.751762 -0.100655
v 0.533710 -0.821815 -0.182987
v 0.443604 1.533935 0.477906
v 0.525391 1.521011 0.383240
v 0.745832 1.116714 -0.064070
v -0.385344 0.402311 -0.871227
v -0.351896 0.473419 -1.003903
v -0.683453 0.852257 -0.849291
v -0.233521 0.169944 0.923798
v -0.093796 0.531479 1.104920
v 0.363030 -1.005232 0.256889
v 0.276366 -1.007369 0.224052
v 0.406097 -1.031405 0.394935
v -0.734512 0.895640 -0.670196
v -0.715935 0.722328 -0.662720
v -0.658502 0.226605 -0.178860
v -0.649088 0.064176 -0.258419
v -0.627964 0.123993 -0.113661
v -0.035779 0.415074 1.108663
v -0.100914 0.474949 1.088333
v 0.194153 -0.122406 0.876678
v -0.336426 -1.630497 -0.857514
v -0.626160 -1.630590 -0.565613
v -0.536804 -1.359718 -0.709351
v -0.168868 1.660756 0.474548
v -0.062408 1.714706 0.363556
v -0.446411 1.532638 0.480622
v -0.392287 1.610043 0.384307
v 0.109764 0.393955 0.994283
v 0.068619 0.684036 1.043884
v -0.459973 0.094053 0.608633
v -0.537060 0.130097 0.483786
v -0.531130 -0.090225 0.094275
v 0.631287 1.443085 -0.683838
v 0.743475 1.221264 -0.603921
v 0.227341 0.720535 0.752030
v 0.298584 0.703554 0.737838
v 0.263451 0.161992 0.898308
v 0.196854 0.267429 0.920727
v 0.190914 0.217922 0.941488
v 0.416820 0.459088 -0.917323
v 0.505320 0.946257 -1.006218
v -0.261416 -0.442865 0.246200
v 0.252298 1.019056 0.934394
v 0.128349 0.756767 0.835312
v 0.150654 0.750552 0.789238
v -0.275528 -0.520636 -0.857457
v -0.251312 -0.446747 -0.855778
v 0.065433 -0.334845 -0.862643
v -0.062219 -1.012490 0.284522
v -0.178502 -1.005182 0.357567
v -0.166595 -0.479925 0.360846
v -0.114548 -0.601753 0.360878
v 0.357912 0.832962 0.752142
v 0.334243 0.788879 0.752722
v 0.175795 0.867446 0.838168
v 0.138034 0.826007 0.819695
v -0.825124 0.450726 -0.317818
v -0.780169 0.461950 -0.317913
v -0.794238 0.431406 -0.255554
v -0.321136 -1.608812 0.445511
v -0.797767 0.647674 -0.465488
v -0.796840 0.372132 -0.132142
v -0.834551 0.418442 -0.153679
v -0.829350 0.364158 -0.148976
v 0.336014 -0.188235 0.684666
v 0.282497 -0.262627 0.720447
v 0.357056 -0.233955 0.619446
v -0.810880 0.862763 -0.384529
v -0.830976 0.878511 -0.329861
v -0.750229 1.329956 -0.479522
v -0.669840 -1.310529 0.081478
v -0.676834 -1.597137 0.071533
v 0.266411 1.416016 -1.028229
v 0.587711 1.209337 -0.889640
v 0.593399 1.273988 -0.855870
v 0.679832 -1.353325 0.059524
v -0.725833 -1.031024 -0.146744
v -0.711266 -1.020906 -0.053736
v -0.589439 -0.994568 -0.115697
v -0.688341 -1.007457 -0.078915
v 0.557472 -0.058128 0.055317
v 0.607304 -0.018223 0.070816
v 0.556463 -0.130182 -0.062096
v 0.523980 -0.332574 -0.052467
v -0.181531 1.267184 -1.069445
v -0.156462 1.197196 -1.087384
v -0.559288 1.256180 -0.897931
v -0.577486 1.193957 -0.907334
v -0.457848 0.288452 0.725555
v -0.538633 0.450904 0.702779
v -0.473228 0.403297 0.771933
v 0.272011 -0.972470 0.170959
v 0.126122 -0.830071 0.280817
v 0.033306 -0.688980 0.296515
v -0.180201 1.819904 -0.156418
v -0.239350 1.789503 -0.007999
v 0.606309 -0.699987 -0.374899
v 0.340469 -0.039246 -0.644287
v 0.475708 -0.214294 -0.453125
v -0.200111 0.604964 0.900269
v -0.164742 0.669952 0.883026
v -0.265692 1.015332 0.926939
v -0.259960 0.931060 0.834758
v -0.187882 -0.585223 0.284323
v -0.265808 -0.548576 0.208435
v 0.637554 0.138893 -0.102898
v 0.659017 0.256378 -0.132542
v 0.717958 0.226873 0.083844
v 0.713140 0.110009 0.040794
v 0.372681 -1.620798 -0.845001
v 0.069523 -1.149959 -0.939198
v 0.134590 -1.384193 -0.935043
v -0.593062 -0.357372 -0.216743
v -0.374237 -0.146149 -0.596619
v 0.656441 0.482666 0.466522
v 0.487160 0.412277 0.721969
v 0.640766 -0.003159 -0.260857
v 0.627273 -0.130497 -0.240755
v 0.512207 -0.195663 -0.404678
v 0.521800 -0.235004 -0.384148
v 0.422226 0.388428 0.750214
v 0.293800 -0.026058 0.822662
v 0.330092 -0.108653 0.735738
v -0.539198 -0.499229 -0.347237
v -0.563736 -0.399933 -0.291733
v -0.537010 -0.506265 -0.363705
v 0.323990 1.704140 0.246308
v 0.428137 1.659324 0.180295
v 0.381181 1.696743 0.155069
v 0.665251 1.537124 -0.116150
v 0.680916 1.521973 -0.270691
v 0.356744 0.489266 -1.021891
v 0.371639 0.175504 -0.666793
v 0.371460 0.113800 -0.644409
v 0.774128 0.769257 0.014649
v 0.761848 0.739578 0.176514
v 0.578659 0.635345 0.670288
v 0.621613 0.585510 0.647858
v 0.638453 0.639813 0.594449
v 0.163231 1.796158 0.014649
v 0.176229 1.716837 0.325505
v 0.484131 0.533760 0.765503
v 0.491646 0.608244 0.716794
v 0.741403 0.421758 -0.275691
v 0.727260 0.412389 -0.214240
v 0.634462 0.494818 -0.623442
v 0.638460 0.421313 -0.489348
v -0.730267 1.139673 -0.727508
v -0.739807 0.991501 -0.681396
v 0.615566 -1.004444 0.089393
v 0.522644 -1.005449 0.217895
v 0.604177 -1.294076 0.199717
v 0.629785 -1.298743 0.159264
v 0.776673 0.417295 -0.107686
v 0.798645 0.413332 -0.129997
v 0.789450 0.487415 -0.121378
v -0.720209 0.237000 0.035722
v -0.708818 0.113552 0.073761
v -0.708293 0.208710 0.165588
v -0.385239 0.304306 -0.729172
v -0.359459 0.132356 -0.662946
v -0.430109 0.188392 -0.613947
v -0.378256 0.210965 -0.674650
v -0.051975 0.782654 0.984589
v 0.065277 0.754303 1.002197
v -0.004617 0.892290 0.936752
v 0.055267 0.888202 0.935216
v 0.748444 0.889618 -0.604401
v 0.748173 0.971399 -0.626421
v 0.843967 0.803980 -0.339264
v 0.821255 0.782406 -0.292232
v 0.850950 0.760742 -0.326507
v -0.624372 0.455598 -0.572258
v -0.734724 0.415350 -0.232893
v 0.403503 -0.879608 -0.820297
v 0.465065 -0.708572 -0.786301
v 0.452799 -0.902185 -0.783112
v 0.672577 -0.836517 -0.487061
v 0.569794 -1.601677 -0.673050
v 0.482117 -1.630824 -0.749695
v 0.892456 0.538378 -0.465672
v 0.823318 0.700320 -0.290539
v 0.821912 0.626350 -0.278233
v 0.850004 0.686285 -0.319073
v -0.070320 -1.617144 0.515821
v -0.200332 0.841244 0.795999
v 0.825840 0.779131 -0.460030
v 0.820326 0.853729 -0.419220
v 0.790967 0.861534 -0.410873
v 0.112344 0.259622 0.985030
v -0.110214 0.356735 0.946350
v -0.428925 0.815910 0.734543
v -0.375107 0.769485 0.767120
v -0.360249 0.723381 0.743897
v 0.280506 0.141428 0.875778
v 0.193909 0.169704 0.952782
v -0.264236 0.151890 0.895889
v 0.858353 0.840219 -0.322570
v 0.824108 0.794890 -0.292448
v 0.723349 1.010655 0.077030
v -0.781484 1.058621 -0.145225
v -0.238770 0.066681 0.893890
v 0.104485 0.086548 0.939880
v 0.187412 0.716629 0.770611
v 0.340512 0.445959 0.851515
v 0.261093 0.496696 0.864552
v 0.288757 0.381241 0.850866
v -0.698715 1.453693 -0.225866
v -0.711652 1.462744 -0.374296
v -0.725571 1.377552 -0.230986
v -0.596649 1.588287 -0.485839
v -0.633482 1.558418 -0.468941
v 0.034698 -0.645721 0.306248
v 0.094485 -0.575917 0.404391
v 0.109838 -0.519455 0.414329
v 0.120071 -0.601433 0.354858
v -0.120616 0.015662 0.953926
v -0.174728 -0.013397 0.906082
v -0.105787 0.010753 0.952053
v 0.245367 -0.071488 0.845024
v 0.247864 0.026947 0.873322
v 0.304696 0.036835 0.829010
v 0.466021 1.204886 0.677740
v 0.540962 1.179218 0.635615
v 0.447571 1.024216 0.829529
v 0.442102 0.939746 0.766921
v 0.571442 0.998009 0.729370
v -0.667510 1.143936 0.328620
v -0.509225 0.649144 0.678401
v -0.561074 0.687167 0.622464
v -0.037629 -0.181976 0.920883
v -0.141739 -0.193115 0.899872
v -0.102393 -0.231560 0.888068
v 0.112888 -0.081787 0.894585
v 0.359772 1.040470 0.893524
v 0.193426 1.161072 0.931854
v 0.130955 1.243346 0.883317
v 0.006689 1.238601 0.885448
v -0.529853 -0.991987 -0.143935
v -0.526070 -0.991682 -0.029049
v -0.529967 -0.739978 -0.156666
v 0.525581 -0.937408 -0.712265
v 0.526825 -0.760589 -0.729981
v 0.518272 -0.600494 -0.728317
v 0.462751 -0.522468 -0.726429
v -0.245041 -0.002182 -0.783539
v -0.214212 0.047249 -0.817232
v -0.217285 -0.064049 -0.819567
v -0.415989 -0.457504 -0.735236
v -0.368874 -0.434543 -0.800671
v 0.034948 0.388435 1.065445
v -0.044970 0.354029 1.009296
v 0.008686 0.621307 1.085747
v -0.062790 0.755554 1.000580
v -0.344749 -0.968204 0.112144
v -0.303352 -0.969678 0.146507
v -0.474117 -0.903940 -0.057167
v -0.517541 -0.953682 -0.165989
v -0.008413 -1.630386 -0.936479
v 0.661154 1.148080 -0.844337
v 0.742085 1.138369 -0.647050
v -0.699100 -1.630135 -0.028778
v -0.595779 -1.030104 0.208008
v 0.779872 0.611409 -0.460614
v 0.788068 0.688895 -0.465406
v 0.720932 0.545460 -0.546966
v 0.756214 0.523178 -0.466068
v -0.458601 -0.538160 -0.773666
v -0.527893 -0.761291 -0.728195
v -0.168369 1.811775 -0.579088
v -0.876232 0.798040 -0.379898
v -0.852272 0.740662 -0.305134
v -0.845501 0.754986 -0.451948
v -0.791660 0.718298 -0.464740
v -0.860521 0.633826 -0.461365
v -0.516922 -0.596619 -0.724587
v -0.464495 -0.522285 -0.723969
v -0.605391 -0.699629 -0.422228
v -0.429760 1.214709 0.704318
v -0.839985 0.415089 -0.313477
v -0.821548 0.432987 -0.285965
v -0.812119 0.413334 -0.253914
v -0.926247 0.423065 -0.312790
v -0.583466 -0.694580 -0.669647
v -0.688271 -0.954472 -0.413574
v -0.698143 -0.887253 -0.404205
v -0.064907 0.504291 1.154279
v -0.337181 0.399299 0.823258
v -0.942284 0.466309 -0.370483
v -0.875708 0.442497 -0.379677
v -0.911633 0.742973 -0.500460
v -0.903989 0.820015 -0.484861
v 0.262143 0.729050 -1.148047
v -0.246239 0.027893 0.875748
v -0.433033 0.007891 0.623083
v 0.766818 0.366713 -0.126508
v 0.716262 0.239372 -0.061575
v 0.552039 -0.562003 -0.359147
v 0.340594 -0.295587 -0.731027
v 0.346734 -0.373424 -0.776480
v -0.119974 -0.140028 0.931321
v -0.146637 -0.139202 0.915001
v 0.798967 0.678139 -0.239380
v 0.821139 0.665867 -0.199833
v 0.822144 0.776451 -0.203461
v 0.803401 0.756025 -0.239112
v 0.430847 -1.629943 0.366562
v 0.365784 -1.608101 0.421585
v 0.422195 -1.606791 0.386108
v -0.725037 0.697388 0.383545
v -0.712439 0.382889 0.306076
v -0.050003 -1.049888 -0.939631
v -0.110596 -0.687607 -0.909714
v 0.095803 -0.564873 0.408133
v 0.042496 0.021385 0.964508
v 0.847397 0.883209 -0.239181
v 0.826225 0.853226 -0.186096
v 0.912175 0.922913 -0.385465
v 0.864681 0.923474 -0.351614
v -0.627345 -0.129654 -0.242256
v -0.636366 -0.030243 -0.259466
v -0.560241 -0.073227 -0.360697
v -0.522278 -0.313137 -0.380203
v -0.217163 1.084053 0.956219
v -0.296173 -1.614414 -0.884873
v -0.262161 -1.400246 -0.898590
v -0.479767 -1.630494 -0.753784
v -0.824795 0.672827 -0.275103
v -0.849110 0.729755 -0.276794
v -0.889053 0.688500 -0.343017
v -0.779481 0.687891 -0.008005
v -0.774770 0.562067 -0.047165
v 0.072889 0.183708 1.001572
v -0.000012 0.147919 0.979584
v 0.073054 0.283653 0.999352
v -0.488068 -1.035304 0.331665
v -0.458468 1.659670 0.110897
v -0.405029 1.658657 0.228240
v -0.165401 1.782455 0.085450
v -0.810741 0.733397 -0.212547
v -0.799778 0.687640 -0.209965
v -0.805326 0.691926 -0.194608
v 0.586076 1.339968 -0.824535
v 0.434166 -0.376974 -0.594616
v 0.341019 -0.146027 -0.658936
v 0.372986 -0.142822 -0.598907
v -0.803020 0.426902 -0.127201
v -0.819471 0.574314 -0.191108
v -0.792089 0.610870 -0.169172
v 0.124268 1.832287 -0.212982
v 0.090866 1.818146 -0.098999
v 0.560803 -0.614441 -0.203195
v 0.541182 -0.508526 -0.341244
v 0.563293 -0.420776 -0.291122
v -0.664681 0.162530 -0.086571
v -0.627711 0.078957 -0.081577
v 0.140541 0.435334 1.027023
v 0.138054 0.530745 0.970908
v 0.729591 -1.055183 -0.157501
v 0.729936 -1.427775 -0.206336
v 0.620957 -0.755054 -0.230557
v -0.797417 1.017022 -0.381847
v -0.786644 0.987160 -0.472992
v -0.791496 0.873474 -0.399772
v 0.746926 0.586693 0.189061
v 0.078655 -0.611099 -0.907202
v 0.156403 -0.427429 -0.870377
v 0.099495 -0.694015 -0.912285
v 0.275520 -0.273880 -0.814987
v 0.387769 0.140811 0.746945
v -0.849759 0.787918 -0.183407
v -0.819790 0.752805 -0.228788
v -0.838751 0.755832 -0.176495
v -0.437136 0.646933 -1.053092
v -0.364136 0.714585 -1.126755
v -0.363831 0.848506 0.787674
v -0.448959 0.845852 0.727875
v -0.306000 0.821487 0.785790
v -0.263737 0.788562 0.766059
v -0.906942 0.904388 -0.324951
v -0.873158 0.881432 -0.242660
v -0.812977 0.776011 -0.139591
v -0.824938 0.827437 -0.152733
v -0.840772 0.766853 -0.171786
v 0.246277 -0.014137 -0.782562
v -0.571432 -0.033883 0.339390
v -0.502859 -0.030096 0.471859
v -0.547374 0.061542 0.429647
v -0.511418 -0.130098 0.247576
v -0.478395 -0.162914 0.326889
v -0.870642 0.622726 -0.464580
v -0.865894 0.440231 -0.368530
v -0.699816 -1.480924 -0.412514
v -0.731446 -1.609599 -0.245875
v 0.353378 1.528198 -0.951294
v 0.382277 1.712830 -0.664917
v 0.610901 -1.170166 -0.586792
v 0.626175 -1.381378 -0.584992
v -0.671170 -0.847294 -0.297000
v -0.675945 -0.875738 -0.242422
v 0.645195 1.521156 0.092255
v 0.570444 1.596750 0.032618
v 0.598790 0.814964 0.601111
v 0.689938 0.696136 0.511139
v 0.690918 0.049952 0.050110
v -0.835018 0.352196 -0.228569
v -0.818941 0.358589 -0.247187
v -0.861160 0.396629 -0.334042
v -0.904836 0.393187 -0.311253
v -0.170990 1.714950 0.332930
v -0.133793 1.740163 0.262754
v 0.773840 0.383709 -0.110397
v 0.822179 0.364888 -0.170913
v 0.873428 0.486294 -0.237427
v 0.887897 0.444662 -0.272530
v -0.892765 0.838227 -0.477743
v -0.845180 0.861662 -0.392116
v -0.851283 0.895329 -0.356544
v -0.383082 1.416787 0.615176
v -0.247757 1.648895 0.493653
v -0.362610 1.551575 0.558228
v 0.344002 -1.023047 0.427158
v 0.421013 -1.020659 0.376404
v 0.269409 -1.034966 0.468017
v -0.071909 0.281494 0.998779
v -0.077976 0.221336 1.019584
v 0.040694 0.348108 1.004719
v 0.802881 0.524761 -0.403885
v 0.828592 0.446259 -0.326073
v 0.838112 0.435379 -0.337707
v -0.487353 1.686026 -0.136080
v -0.378758 1.757070 -0.159246
v -0.307819 1.764816 0.060608
v -0.323196 1.724915 0.184571
v 0.619015 1.030514 0.510428
v 0.676386 1.193807 0.212085
v -0.080540 0.845756 0.947964
v -0.089108 0.774879 0.916374
v -0.035488 0.882017 0.937343
v 0.014023 0.844005 0.951882
v -0.829532 0.871486 -0.256961
v -0.855057 0.901284 -0.310350
v -0.790573 0.894054 -0.108581
v 0.793393 0.709022 -0.119619
v 0.792680 0.649456 -0.171720
v 0.819812 0.661202 -0.194836
v 0.862953 0.503290 -0.224026
v 0.899698 0.538944 -0.316059
v 0.864103 0.553280 -0.303673
v 0.219711 1.083412 0.955635
v 0.276978 1.098236 0.910706
v -0.679848 0.583496 0.537476
v -0.680134 0.433986 0.424574
v -0.617087 0.374972 0.505672
v 0.818087 0.764313 -0.146660
v 0.799110 0.778939 -0.143887
v -0.358055 1.586548 -0.879028
v -0.304077 1.684876 -0.755005
v -0.177399 1.734985 -0.709472
v -0.448767 -0.965292 -0.000803
v -0.453995 -0.892788 -0.021164
v -0.433960 -0.636047 0.023575
v -0.590492 0.866707 0.597313
v -0.506226 0.887497 0.665871
v -0.420227 0.734354 0.726334
v -0.461322 0.770875 0.696508
v 0.452142 -0.596479 0.005055
v 0.416946 -0.663956 0.041138
v 0.447922 -0.692444 -0.000244
v -0.745632 1.230261 -0.600719
v -0.720683 1.249939 -0.754608
v -0.672211 1.206513 -0.817932
v -0.590487 1.293539 -0.849183
v -0.242706 -0.981013 0.192184
v -0.029940 -0.989518 0.262293
v -0.094817 -0.996237 0.267009
v -0.756860 0.523024 -0.465340
v -0.732697 0.544228 -0.526123
v -0.742622 0.559399 -0.515274
v 0.375854 1.606843 0.416998
v -0.258812 -1.033868 0.472469
v -0.274475 -1.612658 0.465988
v 0.543404 -0.616431 -0.664072
v 0.484419 -0.517521 -0.645851
v 0.466049 -0.416000 -0.536804
v -0.400085 -1.611947 -0.828659
v 0.731753 0.637258 -0.566414
v 0.761975 0.708869 -0.515087
v 0.772530 0.599608 -0.463142
v 0.763443 0.537484 -0.464250
v 0.274082 -0.861438 -0.881735
v 0.272690 -1.391769 -0.894219
v -0.417267 -1.379516 -0.816239
v -0.420258 -0.924309 -0.807465
v -0.381866 -0.855591 -0.833969
v 0.189056 -0.580265 0.285339
v 0.132421 -0.742966 0.293426
v 0.852123 0.903828 -0.362931
v 0.866730 0.890706 -0.423668
v -0.515123 -0.552523 -0.594551
v -0.485479 -0.524177 -0.657188
v -0.515018 -0.476498 -0.437279
v -0.515388 -0.519506 -0.509338
v 0.909732 0.448326 -0.344677
v 0.887529 0.394254 -0.295546
v 0.388744 -0.841217 0.067039
v 0.412576 -0.999330 0.162453
v -0.390170 -0.230688 0.207346
v -0.397510 -0.236956 0.347511
v -0.454831 -0.402649 0.029984
v 0.701035 1.093628 0.159058
v 0.661163 0.978462 0.345520
v -0.711788 -1.408121 -0.042093
v -0.437625 0.477862 -0.917711
v -0.674568 0.593006 -0.747261
v 0.765671 0.921211 -0.522735
v 0.788832 0.937687 -0.367035
v 0.770851 1.000722 -0.146637
v -0.645157 0.719211 0.550724
v -0.679876 0.709267 0.540595
v -0.204773 0.451752 0.875984
v -0.155619 0.319032 0.935765
v -0.209034 0.297051 0.910401
v -0.150116 0.187164 0.984970
v -0.324211 -0.114370 -0.682610
v -0.245361 -0.100044 -0.791794
v -0.436228 1.472639 -0.898872
v -0.415573 1.424466 -0.955007
v -0.050109 1.413069 -1.026172
v 0.100777 1.495102 -0.995840
v 0.357968 -0.266964 0.215923
v 0.406970 -0.444815 0.077115
v 0.344837 -0.510250 0.137112
v 0.336342 1.816035 -0.461349
v 0.240125 1.824487 -0.480454
v 0.580997 -0.645973 -0.299393
v 0.597819 -0.704708 -0.220566
v 0.633233 -0.759640 -0.327290
v 0.551712 -0.539383 -0.300606
v 0.575599 -0.519697 -0.224044
v 0.561947 -0.604032 -0.225521
v 0.825789 0.717246 -0.151674
v -0.612690 1.595974 -0.269121
v -0.656709 1.552336 -0.232114
v 0.888693 0.544024 -0.469015
v 0.860446 0.712000 -0.458932
v 0.902062 0.702013 -0.504820
v 0.601074 0.850944 0.607735
v 0.601761 0.906540 0.633553
v 0.582596 0.836437 0.622479
v -0.572083 0.319336 -0.492310
v -0.610535 0.358444 -0.443603
v -0.623222 0.269287 -0.411682
v -0.211246 0.529861 0.882328
v -0.185019 0.431305 0.890133
v -0.112122 0.371407 0.946293
v -0.690599 0.330000 -0.305786
v -0.677426 0.279673 -0.238209
v -0.674690 0.342339 -0.345520
v -0.195107 1.231567 0.889771
v -0.180801 -0.434800 -0.867265
v -0.066654 -0.568787 -0.901611
v -0.089371 -0.615417 -0.905228
v -0.326370 -0.379089 -0.816649
v -0.265282 -0.272840 -0.827795
v 0.675457 0.778160 0.491648
v 0.710976 0.666092 0.482300
v 0.728096 0.530945 0.288513
v -0.790603 0.507097 -0.111113
v -0.790860 0.601383 -0.120341
v -0.811253 0.517347 -0.131927
v -0.789778 0.716417 -0.086120
v -0.791669 0.644934 -0.122133
v 0.632658 1.175251 0.386806
v 0.527100 1.311398 0.541340
v 0.422784 1.302065 0.638136
v -0.874188 0.852730 -0.355258
v -0.863052 0.814525 -0.372923
v -0.873882 0.894386 -0.434074
v 0.736744 1.403809 -0.442962
v 0.771336 1.272766 -0.391022
v 0.778307 1.129262 -0.439385
v -0.592102 -0.885223 -0.627747
v -0.623138 -0.757492 -0.606690
v -0.554688 -0.898651 -0.680237
v -0.616211 -1.181564 -0.578125
v -0.635803 -1.380974 -0.567291
v -0.309383 0.070110 0.834217
v -0.362007 0.014995 0.744498
v -0.338502 0.285336 0.832381
v 0.753178 1.345612 -0.425804
v 0.716175 1.469808 -0.503106
v 0.657967 1.518242 -0.524688
v 0.638524 1.482196 -0.614574
v 0.506201 0.428639 -0.738626
v 0.533641 0.492898 -0.806119
v 0.371052 0.313370 -0.768824
v 0.391018 0.311300 -0.732635
v 0.677949 1.529946 -0.318397
v 0.592991 1.607540 -0.163086
v -0.670700 -1.610334 -0.504059
v -0.642059 -1.616119 -0.562149
v -0.589676 -1.237579 -0.630203
v 0.137369 0.805722 0.817314
v 0.164814 0.760530 0.766518
v -0.375908 -0.948805 0.082306
v -0.396034 -0.856502 0.057823
v -0.420110 -0.943439 0.032454
v -0.391998 -1.005324 0.248132
v -0.907932 0.382095 -0.291126
v -0.874487 0.361696 -0.234096
v -0.881226 0.408066 -0.241447
v 0.087952 0.502496 1.083610
v 0.097039 0.464820 1.071237
v 0.102879 0.484726 1.044327
v 0.048665 0.490986 1.162441
v 0.043734 0.457382 1.143112
v -0.223236 -1.619754 -0.911888
v -0.732342 1.415026 -0.419544
v -0.766447 1.268843 -0.362055
v -0.750745 1.302002 -0.244354
v -0.810422 1.018616 -0.303103
v -0.240849 0.117978 -0.789769
v -0.221275 0.226311 -0.816519
v -0.428192 -1.623213 0.376983
v -0.398865 -1.629328 0.388489
v -0.717082 0.826166 0.347153
v -0.744476 0.735504 0.288086
v -0.574368 -0.454342 -0.251258
v -0.572345 -0.540063 -0.224426
v -0.607322 -0.725038 -0.227936
v 0.723634 0.308757 0.112915
v 0.913298 0.445900 -0.329838
v 0.939964 0.514290 -0.388336
v 0.888165 0.741131 -0.402904
v 0.300681 1.713949 -0.714773
v 0.188683 1.684509 -0.780639
v 0.174728 1.732056 -0.713989
v -0.077020 0.244454 -0.830875
v 0.206271 0.557382 -1.147097
v 0.676631 0.318278 -0.141245
v 0.717728 0.352490 -0.127510
v 0.740746 0.327178 -0.081647
v -0.865643 0.911730 -0.338699
v -0.890376 0.902168 -0.427673
v -0.915577 0.912779 -0.381339
v 0.839405 0.819613 -0.232241
v 0.842724 0.864296 -0.209770
v -0.381645 -0.250656 0.139755
v -0.445366 -0.200417 0.076149
v -0.394161 -0.287998 0.111153
v -0.236147 -0.396969 0.299925
v -0.077062 1.818640 -0.105939
v 0.941286 0.803421 -0.479367
v 0.904702 0.809486 -0.496288
v 0.927919 0.862692 -0.470854
v 0.926035 0.897821 -0.421375
v 0.912770 0.908279 -0.365650
v 0.928157 0.873955 -0.437122
v 0.504467 0.876387 0.684460
v 0.314377 0.847098 0.792770
v 0.264475 0.865618 0.761128
v 0.266945 0.808952 0.759869
v 0.603513 0.726987 -0.901208
v 0.609101 0.810739 -0.909603
v 0.614071 0.575617 -0.820804
v 0.675068 0.598686 -0.761246
v 0.916052 0.790668 -0.450746
v 0.913348 0.867295 -0.414194
v 0.554504 0.289062 0.532898
v 0.596497 0.340683 0.465668
v 0.701401 0.535934 0.434708
v 0.523979 -0.458847 -0.384880
v 0.480896 -0.278656 -0.447968
v 0.587077 1.556592 0.137632
v 0.567430 1.542817 0.238991
v 0.610306 1.434822 0.342581
v 0.629799 1.481392 0.251786
v 0.457611 0.260845 0.680813
v 0.291321 0.188995 0.869965
v 0.258371 0.271596 0.878056
v 0.748677 0.348702 -0.099023
v 0.748001 0.368511 -0.131234
v 0.318165 -0.314413 0.216484
v 0.389488 -0.241669 0.130844
v 0.193970 0.122511 0.887390
v 0.252068 0.117390 0.861732
v -0.860314 0.535397 -0.427677
v -0.905734 0.580992 -0.491554
v -0.868868 0.596460 -0.459247
v -0.858799 0.582940 -0.449708
v -0.790907 0.556756 -0.433197
v 0.293076 1.751251 0.145996
v -0.914015 0.852418 -0.411041
v -0.889963 0.833521 -0.416339
v -0.888623 0.852449 -0.397505
v -0.923553 0.810561 -0.432194
v -0.936052 0.725071 -0.420719
v 0.167944 -0.323816 0.620346
v 0.275083 -0.124690 0.799298
v -0.957298 0.758026 -0.474245
v -0.935865 0.857026 -0.458187
v -0.905375 0.858850 -0.472244
v 0.101050 0.736519 0.930931
v -0.964498 0.738228 -0.466955
v -0.239010 1.623230 0.550293
v -0.243333 1.589111 0.610962
v -0.284058 1.560120 0.626190
v -0.504356 1.679105 -0.465722
v -0.250320 1.825573 -0.471374
v 0.496465 0.777785 0.638002
v 0.349709 0.676261 0.735026
v 0.235947 1.585998 0.620148
v 0.335793 1.448030 0.640875
v 0.174022 0.791309 0.745234
v 0.299208 0.741907 0.747499
v 0.268272 0.755168 0.742324
v -0.679539 1.410736 0.037537
v -0.476923 1.440188 -0.875095
v -0.512453 1.373355 -0.879546
v -0.583382 1.446620 -0.745308
v -0.639374 1.389440 -0.725622
v -0.290087 -0.023590 0.828117
v -0.299132 -0.108756 0.778600
v -0.351227 -0.082340 0.721130
v 0.055573 0.220551 -0.820554
v 0.001306 0.138957 -0.819447
v 0.278930 0.084869 -0.745978
v -0.627747 1.454847 -0.675354
v -0.666733 1.515946 -0.515213
v -0.618413 1.510795 -0.594778
v -0.741667 0.481323 0.120361
v -0.766605 0.514125 -0.028732
v -0.728029 0.322330 -0.068976
v -0.044651 -0.063320 0.892761
v -0.675079 -0.843018 -0.479614
v -0.636627 -0.895248 -0.546021
v -0.642219 -0.765124 -0.473956
v -0.570307 -0.650788 -0.623589
v -0.793509 0.522381 -0.398125
v -0.774387 0.487080 -0.351261
v 0.768948 1.078608 -0.535644
v -0.669550 0.924461 0.461697
v -0.684102 0.844354 0.455642
v -0.678454 0.724273 0.537197
v -0.666433 0.795529 0.538549
v 0.500931 0.717010 0.641205
v 0.536232 0.795505 0.613879
v -0.253922 -1.023561 0.470303
v -0.100704 -1.035719 0.513242
v -0.179337 -1.033067 0.497438
v -0.033894 0.131515 0.940521
v -0.094109 0.134222 0.925350
v -0.043230 0.022110 0.964868
v -0.012497 0.089187 0.941734
v -0.103756 0.080871 0.942329
v -0.496750 0.814804 0.678284
v -0.476962 0.844991 0.706071
v -0.470801 0.873754 0.683063
v -0.446678 0.884209 0.694538
v -0.537914 1.622765 0.034026
v -0.606708 1.531959 0.169670
v -0.542835 1.600356 0.105563
v -0.610687 1.410522 0.354370
v -0.541229 1.518230 0.365418
v 0.604784 -0.877769 -0.210089
v 0.548885 -0.911380 -0.187965
v 0.587295 -0.994428 -0.118106
v 0.691480 -0.930939 -0.229705
v 0.616974 -0.959190 -0.203591
v 0.675168 -0.876466 -0.239205
v 0.722976 -0.969479 -0.242822
v 0.479516 1.358024 -0.922098
v 0.427529 1.420159 -0.943255
v 0.427916 1.321405 -0.987397
v -0.201422 1.411377 0.774414
v -0.228790 1.582428 0.626709
v -0.968704 0.671154 -0.448059
v -0.991345 0.618532 -0.466331
v -0.925169 0.535704 -0.321953
v -0.921539 0.501938 -0.305633
v -0.684889 -0.916110 -0.231068
v -0.702667 -0.974340 -0.218576
v -0.618271 -0.963684 -0.202366
v -0.313644 0.486511 -1.058807
v -0.340084 0.679913 -1.137321
v -0.282776 0.560394 -1.141901
v -0.344221 0.582286 -1.133035
v 0.160654 0.696827 0.833199
v 0.222095 0.657198 0.792435
v 0.194931 0.469766 0.883723
v 0.204718 0.493955 0.878275
v 0.932078 0.868788 -0.463220
v 0.900825 0.863865 -0.481541
v 0.883038 0.903355 -0.444061
v 0.880408 0.890543 -0.457213
v 0.859307 0.822955 -0.445606
v 0.163429 0.666984 0.881157
v 0.201920 0.648376 0.838165
v 0.227447 0.522264 0.871271
v 0.086961 1.251037 -1.075815
v 0.010816 1.199685 -1.086110
v 0.215505 0.962589 -1.127981
v -0.265182 1.128540 -1.102081
v -0.377556 1.031525 -1.104484
v -0.374050 1.168518 -1.084671
v 0.388916 0.403223 0.791688
v 0.342442 0.541427 0.810150
v 0.532074 -1.013654 0.260284
v 0.553257 -1.023388 0.257965
v 0.592102 -1.016254 0.194092
v 0.546913 -1.033261 0.271995
v -0.197251 -0.207425 0.843419
v -0.259411 -0.186202 0.790640
v -0.192078 0.672859 0.833214
v -0.183188 0.448714 0.966017
v 0.651773 -1.264930 0.118510
v 0.502136 -1.625780 0.312805
v 0.553253 -1.628077 0.256653
v -0.149014 -0.304142 0.794678
v -0.211189 -0.293118 0.729011
v -0.163133 -0.321251 0.688547
v -0.825873 0.813196 -0.437454
v -0.800834 0.818497 -0.438791
v -0.778784 0.913132 -0.499878
v 0.640854 0.895203 0.564118
v 0.562347 1.037132 0.724030
v -0.885363 0.635151 -0.364078
v -0.921293 0.656864 -0.380288
v -0.934696 0.618614 -0.373361
v -0.852221 0.536965 -0.254659
v 0.158758 -0.319269 0.706428
v 0.147821 -0.303377 0.798904
v -0.620945 -0.068130 -0.173874
v -0.574692 -0.031151 -0.065445
v 0.641205 -0.901581 -0.535156
v 0.645477 -0.795196 -0.556885
v 0.642743 -0.765940 -0.474360
v 0.577097 -0.660933 -0.615535
v 0.934654 0.611647 -0.398086
v 0.966871 0.588463 -0.445938
v -0.426750 -0.873560 0.019691
v -0.449867 -0.683456 -0.002487
v 0.703644 0.577126 -0.623550
v 0.785118 0.888001 -0.389160
v 0.778815 0.834221 -0.456871
v 0.814007 0.716464 -0.278907
v 0.828014 0.752809 -0.275680
v 0.792517 0.723565 -0.230789
v -0.199066 -0.817169 0.221557
v -0.364517 -0.748714 0.092090
v 0.405045 0.865316 0.758179
v 0.484273 0.865107 0.690151
v 0.311495 0.822564 0.748018
v 0.767669 0.433203 -0.219561
v 0.797276 0.428758 -0.271004
v 0.808921 0.466740 -0.338669
v 0.496841 -1.318916 -0.750351
v 0.557343 -1.629270 -0.676056
v 0.411957 0.846571 0.761165
v 0.436958 0.822413 0.713690
v 0.000013 0.413201 1.108879
v 0.034149 0.416269 1.115334
v 0.668381 0.066216 -0.041950
v 0.610295 -0.004539 -0.118423
v 0.694138 -1.629095 -0.407837
v -0.748228 0.370147 -0.088429
v -0.705286 0.372287 -0.181334
v 0.709038 -1.128535 -0.015572
v 0.588427 -0.375374 -0.237484
v 0.605565 -0.256538 -0.221954
v 0.576557 -0.495335 -0.211685
v 0.694275 -1.629669 -0.007065
v 0.719191 -1.629871 -0.138008
v 0.720213 -1.624104 -0.092728
v 0.724112 -1.437473 -0.108196
v 0.061996 0.588608 1.077698
v 0.088280 0.535152 1.088364
v 0.045586 0.554546 1.132282
v 0.009026 0.560921 1.128285
v 0.550964 0.342095 -0.527710
v 0.602051 0.353211 -0.454102
v 0.582109 0.309946 -0.476951
v 0.635254 0.277588 -0.396225
v 0.618163 0.149385 -0.357093
v 0.317307 0.575046 -1.142338
v 0.243250 0.566963 -1.148274
v -0.046074 -0.712753 -0.918455
v -0.149658 0.561004 -1.148058
v 0.018345 0.678223 -1.143651
v -0.152399 0.878087 -1.132053
v -0.220551 0.720894 -1.146204
v 0.687183 0.369533 -0.323837
v 0.665512 0.325721 -0.357696
v 0.703329 0.373043 -0.249638
v 0.675324 0.315075 -0.161915
v 0.687154 0.315104 -0.235366
v -0.741882 1.069565 -0.679077
v -0.768890 1.034325 -0.573822
v -0.764311 0.917183 -0.564886
v 0.065696 -0.119538 0.925949
v 0.137400 -0.155663 0.919613
v 0.093116 -0.225356 0.892045
v -0.259598 1.811485 -0.571994
v -0.294727 1.811667 -0.553154
v 0.380020 -0.989047 0.090057
v 0.410730 -0.978353 0.051519
v 0.332518 -0.979184 0.127293
v 0.338074 -0.996364 0.143188
v 0.256382 -0.985839 0.184660
v 0.219620 -0.999767 0.215294
v 0.152798 0.579168 0.956097
v 0.180229 0.561256 0.918221
v 0.103500 0.556015 1.052673
v 0.121675 0.518747 0.994682
v 0.428497 -0.925728 0.019874
v 0.413101 -0.958677 0.042839
v 0.475231 -0.913590 -0.059899
v 0.519717 -0.929114 -0.172339
v -0.719322 0.396471 -0.228473
v -0.696018 0.371800 -0.252874
v 0.141532 0.388054 0.925227
v 0.116571 0.381320 0.946911
v 0.177322 0.441824 0.984228
v 0.182511 0.453654 0.932564
v -0.410629 -0.617432 -0.817124
v -0.377289 -0.777099 -0.835693
v -0.772839 0.620627 -0.468974
v -0.321417 0.870994 0.798402
v -0.282323 0.905320 0.793908
v -0.361992 1.032062 0.890320
v 0.178395 0.435953 0.975449
v 0.171746 0.407527 0.933097
v 0.238014 0.410148 0.857620
v 0.068611 -0.515015 -0.895203
v 0.208817 0.032589 -0.819688
v -0.224338 0.753240 0.760140
v -0.196406 0.775394 0.764765
v -0.218397 0.698537 0.798227
v 0.098572 0.641510 1.007904
v 0.474311 1.235781 0.640918
v 0.198305 1.229797 0.889160
v 0.218083 0.416382 -0.997192
v 0.159821 0.274368 -0.863274
v 0.113242 0.357091 -0.945499
v 0.341551 0.382929 -0.888756
v -0.033741 -0.889694 -0.924541
v -0.500298 -0.225797 0.002955
v -0.462105 -0.228943 0.049408
v 0.829395 0.883426 -0.347797
v 0.846362 0.866449 -0.392528
v 0.793112 0.875135 -0.384918
v 0.795285 0.884135 -0.233492
v -0.528225 1.390140 0.487685
v -0.527569 1.090468 0.712001
v -0.518689 1.186999 0.642798
v 0.795069 0.833402 -0.156032
v 0.732295 0.815634 0.113111
v -0.323807 -0.286578 -0.752258
v -0.291937 -0.287394 -0.800317
v -0.522325 1.312806 0.548269
v -0.299950 0.261168 -0.773743
v -0.294983 0.228264 -0.762215
v -0.234154 0.238053 -0.812328
v 0.568352 0.593859 -0.910194
v 0.471486 0.463115 -0.855448
v 0.782001 0.387038 -0.230045
v 0.691777 0.346734 -0.149133
v 0.540894 0.595398 -0.943848
v 0.605164 0.609039 -0.880554
v 0.466617 0.717743 -1.029279
v 0.422729 0.846891 0.754143
v 0.515083 0.800285 0.656061
v 0.522076 0.816070 0.636360
v 0.640616 0.994722 -0.890124
v -0.129925 0.302612 -0.894836
v -0.687750 -1.076726 -0.408383
v -0.654868 -1.067533 -0.491903
v -0.621918 -0.971374 -0.563294
v -0.595901 -0.970665 -0.610718
v 0.256828 1.811770 -0.571289
v 0.281986 1.814555 -0.552833
v 0.855629 0.549866 -0.432251
v 0.897042 0.589159 -0.496294
v 0.859846 0.604065 -0.459065
v -0.137482 -1.028190 -0.926785
v -0.272098 -0.942725 -0.888030
v -0.311920 -0.741608 -0.860230
v -0.699585 1.503216 -0.434799
v -0.715576 1.442963 -0.556671
v -0.720356 1.386032 -0.635544
v 0.908461 0.694714 -0.508770
v 0.941847 0.680103 -0.445604
v 0.935837 0.640404 -0.414108
v -0.653640 0.274594 0.353235
v -0.030487 1.329590 -1.052276
v -0.221981 1.504344 -0.997463
v 0.665398 1.417831 0.099060
v 0.725597 1.250777 -0.070848
v 0.649178 1.501194 0.136460
v 0.664433 1.466378 0.050491
v 0.057426 0.335388 0.987315
v -0.103210 1.505049 -0.989666
v 0.559296 0.484360 -0.737060
v 0.501430 0.280409 -0.573643
v -0.339828 0.850932 -1.128531
v 0.559326 0.879028 0.664063
v 0.582713 0.925800 0.669643
v 0.614632 0.964271 0.655670
v 0.720685 -1.613203 -0.337471
v 0.713921 -1.629422 -0.322357
v 0.724568 -1.627009 -0.252426
v 0.282257 1.261597 -1.074875
v 0.336756 1.500624 -0.988533
v 0.269145 0.934830 0.844732
v 0.311506 0.907291 0.785024
v 0.697639 -0.886719 -0.405838
v 0.725504 -1.392183 -0.273860
v -0.043457 -1.626321 -0.941850
v 0.014126 -1.074791 -0.943195
v 0.051965 -1.345460 -0.944670
v -0.007139 -1.342736 -0.946477
v 0.196811 0.892139 0.849124
v 0.083012 0.883971 0.934963
v 0.075893 0.866058 0.944336
v 0.095268 0.862163 0.903256
v -0.741644 0.897678 0.198410
v 0.655533 -0.960190 -0.494690
v 0.664159 -1.081678 -0.470077
v 0.687482 -1.003540 -0.409318
v 0.239946 0.831501 0.741676
v 0.196496 0.767427 0.741992
v 0.444748 -1.014478 0.344879
v 0.306976 -1.013029 0.426056
v 0.597855 -0.969421 -0.607331
v 0.497858 -1.020484 -0.735855
v -0.133098 -0.732224 0.295002
v -0.108856 -0.613678 0.353561
v -0.613222 -0.204950 -0.228079
v -0.012009 1.103981 0.963238
v 0.103348 0.995239 0.946083
v -0.577698 -1.102768 -0.638992
v -0.521500 -0.951000 -0.715576
v -0.522903 -1.073471 -0.708740
v 0.419210 -0.025066 -0.552523
v 0.459903 0.024726 -0.521014
v 0.530823 -0.121872 -0.391174
v 0.867675 0.925391 -0.384969
v 0.828168 0.887463 -0.287623
v 0.801756 0.890693 -0.295499
v 0.804381 0.881964 -0.260391
v 0.538065 -1.355593 -0.706268
v 0.421327 -1.193317 -0.805651
v 0.472786 -1.125156 -0.761246
v 0.462396 -1.279921 -0.778776
v 0.283716 -0.195594 -0.767037
v 0.072961 -0.216126 -0.845544
v 0.509307 1.410488 -0.859223
v 0.558838 1.449356 -0.775390
v 0.360096 1.578674 -0.887817
v 0.402980 1.614711 -0.770633
v 0.465224 1.689804 -0.059255
v 0.499443 1.655323 0.018128
v 0.297104 -0.246078 -0.770869
v 0.397643 -0.257025 -0.592587
v 0.443933 1.618119 -0.701658
v 0.499174 1.524231 -0.756387
v 0.448700 1.553947 -0.783440
v -0.672478 1.531364 -0.171814
v -0.687357 1.449043 -0.102508
v 0.391326 -0.063625 -0.578176
v 0.323250 -0.046631 -0.677589
v 0.099183 0.427090 1.083385
v 0.080969 0.384823 1.027001
v -0.905151 0.545103 -0.472979
v -0.915158 0.592858 -0.499878
v 0.255958 -0.757672 0.177779
v 0.153437 -0.666542 0.293873
v -0.667807 0.146465 0.222497
v -0.684767 0.246232 0.260088
v -0.707233 0.356262 0.303894
v -0.000381 0.206245 1.016024
v -0.507054 -0.119919 0.142057
v -0.599230 0.553200 -0.800541
v -0.633217 0.616243 -0.854538
v -0.623052 0.756263 -0.887671
v -0.557464 0.627334 -0.931309
v -0.521271 -0.427265 -0.388092
v -0.470169 -0.383118 -0.495789
v 0.516124 -0.688232 -0.741880
v 0.555038 -0.656357 -0.702911
v -0.555008 0.592081 -0.924682
v -0.490888 0.489732 -0.864846
v -0.454895 0.399902 -0.790230
v 0.673424 -1.396741 -0.486176
v 0.680237 -1.613758 -0.480133
v 0.920180 0.622243 -0.373297
v 0.881067 0.597574 -0.354916
v 0.868637 0.655039 -0.348475
v 0.834621 0.608840 -0.295013
v -0.506017 -0.002078 -0.455967
v -0.578171 0.102722 -0.397644
v 0.769689 1.134947 -0.199958
v 0.798694 1.035461 -0.278656
v 0.899913 0.661491 -0.374436
v 0.879669 0.698044 -0.347641
v 0.382706 -1.039505 -0.833222
v 0.243443 -1.129358 -0.899579
v 0.282776 -1.179123 -0.884278
v 0.836252 0.467265 -0.190308
v 0.840788 0.512324 -0.218331
v 0.818585 0.488521 -0.191397
v 0.854227 0.517035 -0.238655
v 0.839375 0.519491 -0.233641
v -0.678802 1.186598 0.253667
v 0.709824 0.818299 0.227051
v 0.863159 0.386330 -0.233612
v 0.842701 0.445328 -0.192703
v 0.486690 -0.192047 0.024003
v 0.448129 -0.251819 0.060300
v 0.396660 -0.311949 0.102882
v 0.458639 -0.362126 0.031009
v -0.613510 -1.006560 0.115021
v 0.672108 -1.117874 0.081955
v 0.613529 -1.001637 -0.017677
v -0.402697 1.479603 0.559875
v -0.464563 1.475121 0.497355
v -0.033203 -1.009147 0.484005
v -0.255325 -1.011919 0.447838
v -0.165777 -1.006447 0.434699
v -0.713216 1.037140 -0.819782
v -0.567535 -1.628594 -0.664551
v -0.527008 -1.620472 -0.721619
v -0.284302 0.136749 0.870712
v -0.299919 0.114138 0.846730
v -0.256638 0.117351 0.860168
v -0.313778 0.116557 0.841093
v -0.301605 0.176147 0.859825
v 0.593269 -1.372360 -0.638474
v 0.539128 -1.210207 -0.693750
v 0.127898 1.306994 -1.061369
v 0.576325 1.125980 -0.922783
v 0.653006 1.073559 -0.869192
v -0.266041 0.359666 0.863913
v -0.709759 -0.996218 -0.343338
v -0.711571 -1.078979 -0.330765
v 0.262604 1.159149 -1.099739
v 0.358344 1.178375 -1.091495
v 0.361786 1.011048 -1.116653
v 0.331791 0.892502 -1.135250
v 0.784006 0.668507 -0.100143
v 0.782709 0.627926 -0.136063
v 0.783555 0.600649 -0.119773
v -0.538422 1.037134 0.742951
v -0.574022 1.139313 0.627411
v 0.591331 0.781952 0.600241
v 0.548334 0.752890 0.601933
v 0.597198 0.741092 0.597728
v 0.600628 0.776125 0.591559
v 0.714561 1.217316 -0.774795
v -0.487925 -0.767975 -0.764588
v -0.558380 -0.665130 -0.699982
v -0.510818 -0.606079 -0.745438
v -0.345261 -1.018251 0.420265
v -0.336472 -1.032012 0.436668
v -0.386917 -1.030950 0.407356
v 0.751381 0.388596 -0.042217
v 0.733755 0.355194 0.059031
v 0.728289 0.277198 -0.048350
v 0.716909 0.200049 -0.036135
v -0.420433 1.314043 -0.998325
v -0.356421 1.408386 -1.025139
v 0.418618 -0.221911 0.401768
v 0.485926 0.086822 0.603626
v 0.486600 -0.014155 0.522717
v 0.174194 0.745784 0.751963
v 0.235913 0.740157 0.735123
v -0.383896 -0.987751 0.084518
v -0.322748 -0.985076 0.138899
v 0.783958 0.813267 -0.457058
v 0.236801 0.305756 -0.886139
v 0.258057 0.170136 -0.777649
v 0.098765 -0.993566 0.266557
v 0.020078 -0.995513 0.261524
v 0.297182 -0.300475 0.247726
v 0.221912 -0.373211 0.329261
v 0.076628 -0.363621 0.460545
v 0.508954 0.121255 -0.497312
v 0.543837 0.199737 -0.491276
v 0.491230 -0.015173 -0.471077
v -0.000442 1.836608 -0.298870
v 0.237276 1.828572 -0.328954
v -0.802631 0.907391 -0.337707
v -0.814857 0.889511 -0.275314
v -0.817380 0.881268 -0.224267
v 0.179585 1.811449 -0.579838
v 0.001695 1.806378 -0.581627
v 0.009186 1.829746 -0.438629
v 0.179054 1.827059 -0.486007
v -0.172443 0.231095 -0.817308
v -0.062016 0.219701 -0.820360
v -0.273915 1.622576 -0.844016
v -0.662216 -1.627206 -0.509506
v -0.361073 1.781361 -0.583641
v -0.390511 1.719631 -0.635704
v -0.195261 -0.345527 -0.855499
v -0.539241 1.445374 -0.801186
v -0.587623 1.365627 -0.805657
v -0.513463 1.508901 -0.756669
v -0.460641 1.528906 -0.799243
v -0.965622 0.531342 -0.398468
v -0.817694 0.835847 -0.151581
v -0.817579 0.858053 -0.181354
v -0.843922 0.852325 -0.178993
v -0.806454 0.913376 -0.194214
v -0.808640 0.836292 -0.138550
v -0.089765 -0.161381 -0.838324
v 0.147011 -0.340393 0.468707
v 0.153328 -0.403748 0.422211
v 0.141432 -0.382759 0.456507
v 0.905032 0.596792 -0.500889
v 0.909343 0.618026 -0.506243
v 0.965394 0.608276 -0.475473
v 0.902853 0.631603 -0.507963
v -0.256699 -0.166944 -0.792786
v -0.185675 -0.020981 -0.823742
v -0.222839 -0.343166 0.337463
v -0.288116 -0.304970 0.257263
v 0.493317 -1.609486 0.329330
v 0.214527 -0.205093 -0.841055
v 0.191856 -0.346191 -0.856014
v 0.231094 -0.417938 -0.856945
v 0.263494 -0.325937 -0.845843
v -0.706220 0.199219 -0.057167
v -0.645092 0.207016 -0.131042
v -0.720968 0.266036 0.004392
v -0.421120 -0.210476 0.517807
v -0.153568 -0.408833 0.419632
v -0.667475 1.408008 0.115436
v -0.635904 1.487671 0.218537
v -0.609161 1.501911 0.260895
v -0.283691 0.888489 -1.131546
v -0.779948 0.362481 -0.168273
v -0.757095 0.365213 -0.149553
v -0.797380 0.357975 -0.142950
v -0.830841 0.374847 -0.279236
v -0.780061 0.369998 -0.183725
v 0.283600 1.559852 0.626343
v 0.215935 1.474426 0.732270
v 0.226093 1.549084 0.674118
v 0.690800 1.506722 -0.362793
v 0.894241 0.397829 -0.287161
v 0.830913 0.361349 -0.210233
v -0.717318 0.310340 -0.099050
v -0.735627 0.348722 -0.119281
v 0.751480 0.772705 -0.566559
v 0.474747 0.933441 0.744518
v 0.532059 0.909401 0.702498
v 0.768798 0.413305 -0.095337
v 0.762962 0.456089 -0.052093
v 0.763515 0.380447 -0.097194
v 0.743713 0.327743 -0.074268
v 0.923249 0.692345 -0.433807
v -0.176674 0.688599 0.844162
v -0.075634 0.708877 1.029213
v -0.849193 0.501282 -0.392574
v -0.313527 1.706083 0.260148
v -0.268688 1.720825 0.278321
v 0.292603 -0.362373 -0.840077
v 0.386078 -0.538891 -0.823311
v -0.763597 0.401203 -0.190506
v -0.717893 0.394715 -0.205741
v -0.764677 0.366683 -0.167070
v -0.748716 0.374303 -0.156832
v -0.538360 -0.976388 -0.173927
v -0.474077 -0.955045 -0.049420
v 0.687607 0.457882 -0.464523
v -0.192770 1.160461 0.932190
v -0.200310 1.115295 0.951119
v 0.306167 1.583627 -0.890316
v 0.245349 1.627893 -0.841476
v 0.369387 1.625872 -0.813764
v 0.545249 -0.529566 -0.334339
v 0.553583 -0.567848 -0.304479
v -0.833224 0.524663 -0.210627
v -0.868668 0.432911 -0.210648
v -0.129658 1.834381 -0.234848
v -0.146823 1.812696 -0.087313
v 0.340385 -1.031920 0.434936
v 0.351355 -0.408059 0.143869
v -0.025909 1.726868 0.332642
v 0.088159 1.708413 0.373346
v 0.186584 1.672379 0.442835
v -0.551383 -0.555277 -0.306200
v -0.558511 -0.589258 -0.298218
v 0.131848 0.932195 0.932329
v 0.269135 0.083412 0.874008
v 0.276608 -0.040445 0.834610
v 0.635254 1.476578 0.243790
v -0.843308 0.836281 -0.419393
v -0.804377 0.834734 -0.425945
v -0.508101 1.249318 0.602945
v -0.347236 1.346916 0.687723
v 0.194618 -1.026261 0.491116
v 0.269615 -1.022000 0.462311
v 0.829284 0.604853 -0.237018
v 0.819723 0.625494 -0.269830
v 0.793220 0.672456 -0.256499
v -0.692818 1.454378 -0.596374
v -0.715355 1.419586 -0.602157
v -0.228165 0.609744 0.857376
v -0.202646 0.485878 0.873535
v 0.833643 0.599037 -0.291637
v 0.862892 0.583901 -0.328758
v 0.831622 0.600154 -0.278278
v 0.838613 0.580495 -0.254491
v -0.718315 1.291290 -0.730896
v -0.678735 1.357519 -0.710768
v -0.688262 1.401118 -0.658698
v 0.296284 0.224716 -0.759014
v 0.232563 0.224793 -0.809334
v -0.302345 0.101671 0.846930
v 0.558762 -0.034805 -0.042496
v 0.521660 -0.588028 -0.108673
v -0.268391 -0.049832 0.838219
v -0.245293 -0.076996 0.842079
v -0.103703 -0.056209 0.885029
v 0.477253 -0.835030 -0.061554
v 0.497952 -0.589142 -0.061661
v -0.184311 1.667236 -0.803222
v -0.443726 0.504465 0.773621
v -0.729408 -1.046177 -0.188234
v -0.729959 -1.446663 -0.183794
v -0.726712 -1.060134 -0.110153
v 0.845260 0.899433 -0.274830
v 0.797328 0.869085 -0.215706
v -0.725539 -1.626640 -0.255337
v -0.723976 -1.627482 -0.144186
v -0.507385 0.476105 0.756348
v -0.439545 0.664825 0.713383
v -0.391846 0.583343 0.770065
v 0.693951 0.077570 -0.022671
v 0.700024 0.066971 0.019630
v 0.703155 0.086832 -0.015100
v 0.710432 0.110359 -0.006849
v 0.743025 0.704599 0.344940
v 0.726638 0.791073 0.216365
v 0.689976 0.808712 0.377930
v 0.677216 0.886017 0.336670
v -0.325912 0.008911 -0.667694
v -0.320694 -0.033554 -0.680679
v 0.676452 -0.857282 -0.301220
v 0.741499 0.423521 -0.211463
v 0.758464 0.435940 -0.258485
v 0.741956 0.412803 -0.184203
v -0.824443 0.578316 -0.145094
v -0.822508 0.569897 -0.169544
v -0.859984 0.505016 -0.217010
v -0.853168 0.502265 -0.168695
v -0.829351 0.523483 -0.191736
v -0.079071 0.285217 0.995453
v -0.123905 0.186382 0.996964
v -0.108551 1.777451 0.128235
v -0.115417 1.793396 0.049683
v -0.204537 1.750114 0.198389
v -0.827922 0.522651 -0.153287
v -0.835823 0.575594 -0.247559
v -0.853969 0.562476 -0.280510
v -0.149904 -0.668022 0.297062
v -0.617344 -0.728699 -0.610474
v -0.646957 -0.791199 -0.554382
v -0.667950 -0.816439 -0.492142
v 0.175934 -0.013107 0.905762
v 0.137039 0.006988 0.940353
v 0.095024 -0.031342 0.911499
v -0.502335 -1.017433 0.302734
v -0.568710 -1.017333 0.229149
v -0.560501 -1.029089 0.255310
v -0.525177 -1.033079 0.295410
v -0.365222 -0.282957 -0.678176
v -0.568146 -1.615807 -0.674713
v -0.610657 -1.616451 -0.615113
v -0.436035 -0.454941 -0.685234
v 0.331917 0.726734 -1.143377
v 0.453892 -0.892656 -0.020409
v 0.437790 -0.838913 0.004906
v 0.470009 0.198170 0.652683
v 0.471443 0.127762 0.637192
v 0.499843 0.141557 0.612932
v 0.528870 0.189667 0.575806
v 0.132584 0.185242 0.993065
v 0.079857 0.135750 0.930748
v -0.550388 -0.531666 -0.308998
v -0.603110 -0.270779 -0.234860
v 0.462448 0.255009 0.672970
v 0.502300 0.381767 0.702017
v -0.133075 0.434753 0.998794
v -0.175552 0.427345 0.947819
v -0.132614 0.465713 1.037277
v -0.174725 0.449131 0.979080
v 0.005136 1.587306 0.627204
v -0.136810 1.551533 0.680886
v 0.003372 0.493376 1.165739
v 0.445299 1.503720 0.497001
v 0.596130 0.075329 -0.360168
v 0.643724 0.023985 -0.252579
v 0.629709 0.047816 -0.177506
v -0.105034 0.700989 0.975365
v -0.083384 0.722165 1.012826
v -0.060730 0.649017 1.069405
v 0.484657 1.375396 0.540672
v 0.500688 1.436864 0.483777
v 0.508943 1.481704 0.439394
v 0.214998 0.153080 -0.813463
v 0.284859 0.145111 -0.748245
v 0.218113 -0.048179 -0.817335
v -0.178787 0.600029 0.941849
v 0.271179 -1.629897 -0.887902
v 0.314941 -1.624695 -0.874954
v 0.372726 -1.630912 -0.833435
v 0.565086 -0.982873 -0.180550
v 0.486150 -0.978808 -0.065086
v 0.510917 -0.985036 -0.120835
v 0.337340 1.815704 -0.420501
v 0.322567 1.816021 -0.344421
v 0.190400 -1.167391 -0.916849
v 0.213039 -1.423017 -0.914829
v 0.257904 -1.621225 -0.899475
v -0.308006 -1.003952 -0.877575
v -0.381210 -1.199280 -0.834061
v 0.357571 1.783486 -0.588051
v 0.343906 1.808836 -0.511749
v -0.733309 1.412757 -0.493339
v -0.189725 -1.401540 -0.921289
v -0.284846 -1.256929 -0.884691
v -0.265198 -1.156586 -0.891312
v -0.760188 0.450108 -0.056593
v -0.776062 0.532310 -0.066372
v -0.784492 0.507062 -0.100040
v 0.187872 0.230544 -0.816058
v -0.600510 0.062091 -0.346753
v 0.117540 0.693716 0.955967
v 0.120731 0.725625 0.900646
v 0.458817 -0.559227 -0.784939
v 0.493393 -0.588119 -0.759873
v -0.931864 0.669635 -0.393772
v -0.896547 0.711762 -0.372532
v -0.897194 0.797941 -0.405418
v -0.561432 0.722835 0.600685
v -0.524261 0.773682 0.635880
v -0.624081 0.959661 0.606339
v -0.606384 1.089706 0.562714
v -0.663443 0.826790 0.538212
v 0.199250 -0.216632 0.838846
v -0.581669 1.199598 0.552944
v -0.576185 1.215828 0.552925
v -0.779100 0.595615 -0.458004
v -0.775966 0.560135 -0.437915
v -0.763937 0.539284 -0.464571
v -0.770996 0.555611 -0.439453
v 0.477448 -0.173370 0.443909
v 0.490311 -0.070678 0.471830
v 0.504524 -0.145973 0.394028
v 0.535265 -0.034019 0.397015
v 0.301628 0.264187 -0.774216
v 0.377815 0.294117 -0.723633
v 0.353790 0.226826 -0.704010
v -0.210800 0.737404 0.776428
v -0.167364 0.723976 0.820547
v 0.507028 0.010788 0.490123
v -0.032955 0.553850 -1.145877
v -0.019047 0.469470 -1.062012
v -0.214935 1.478149 0.729553
v -0.221889 1.536743 0.685471
v -0.262209 1.496530 0.679502
v 0.285418 0.806939 0.738320
v 0.282501 0.800482 0.732947
v 0.263564 0.784106 0.720100
v 0.273052 0.763981 0.726382
v 0.512085 0.333000 -0.579163
v 0.580936 0.159224 -0.422300
v -0.583327 1.611277 -0.101053
v 0.519592 -0.289032 -0.384125
v 0.543716 -0.346924 -0.338471
v 0.574615 -0.217590 -0.298950
v 0.715597 1.429146 -0.585357
v 0.706008 1.479406 -0.526253
v 0.665578 1.361689 -0.721076
v 0.378583 0.719776 0.751908
v 0.415591 0.713529 0.748231
v 0.426125 0.721668 0.737850
v 0.502419 0.758560 0.659821
v 0.151312 -0.556830 0.340174
v 0.188543 -0.490477 0.324900
v -0.160446 0.531357 0.993149
v -0.143650 0.569828 1.022507
v 0.413420 0.656724 0.721762
v 0.464104 0.733032 0.706406
v 0.713261 -1.009548 -0.328507
v 0.727181 -0.991670 -0.250647
v 0.721040 -0.949160 -0.308338
v 0.870594 0.383958 -0.280290
v 0.835148 0.391497 -0.303463
v -0.774281 1.171989 -0.194824
v -0.799745 1.107212 -0.351749
v -0.759789 1.220528 -0.157745
v -0.156196 -0.882015 -0.911810
v -0.221497 -0.997940 -0.906967
v -0.709626 -1.012794 -0.151989
v -0.726867 -0.985794 -0.260142
v -0.726689 -1.018075 -0.222887
v 0.357653 1.202307 0.774644
v 0.295583 1.265721 0.778937
v -0.321030 -0.968628 -0.870598
v -0.330623 -0.860021 -0.859298
v -0.369043 -1.000634 -0.842499
v 0.696251 -1.607613 0.019607
v 0.709091 -1.407204 -0.030037
v 0.655339 -1.478363 0.115832
v -0.658539 -0.996106 -0.193657
v -0.589657 -0.992202 -0.183621
v -0.718020 -1.012319 -0.197997
v -0.720013 -1.000933 -0.217936
v -0.640770 -0.012356 0.176071
v -0.622862 -0.005824 0.069777
v -0.779015 0.758291 -0.474010
v -0.639488 -1.269819 0.141412
v -0.275208 0.274185 0.873474
v -0.625153 -1.604960 0.171890
v -0.634949 -1.624843 0.144684
v -0.595490 -1.628665 0.198425
v -0.598587 -1.621595 0.205230
v -0.568115 0.245270 -0.482056
v -0.489166 0.321625 -0.603302
v -0.427179 0.260563 -0.649248
v -0.435310 0.304313 -0.665970
v -0.377472 0.283463 -0.716919
v 0.899041 0.566776 -0.485575
v 0.964235 0.579302 -0.457981
v 0.921815 0.467779 -0.358028
v -0.470085 -0.829193 -0.046997
v -0.486344 -0.612559 -0.047338
v -0.535970 -0.429927 -0.098386
v 0.355713 1.553936 0.563812
v 0.246567 1.646393 0.500122
v 0.262070 1.676880 0.414063
v 0.377505 -0.363001 -0.713718
v 0.414612 -0.379742 -0.649307
v -0.719523 0.237335 0.147400
v -0.719070 0.142836 0.053377
v -0.718075 0.296814 0.214478
v -0.141319 -0.628193 0.317470
v -0.170545 -0.534505 0.326758
v 0.718150 1.305054 -0.715393
v 0.680403 1.293824 -0.761743
v 0.592222 -0.063883 0.253998
v 0.596687 -0.042980 0.144213
v 0.598602 -0.055130 0.248627
v -0.137811 -1.347081 -0.932954
v -0.368607 1.497204 -0.963257
v -0.336906 1.513626 -0.973434
v -0.355087 1.491184 -0.982445
v 0.304348 0.978702 0.875593
v -0.699452 0.316844 -0.119810
v -0.354910 1.792231 -0.559539
v 0.668900 -1.028952 0.081848
v 0.662122 -1.022240 0.088283
v 0.582596 -1.030077 0.226547
v 0.626152 -1.031696 0.161300
v -0.231125 -0.996406 0.205658
v -0.144730 -0.991181 0.253288
v 0.704218 -1.085194 -0.359993
v 0.338562 -0.701771 0.116524
v -0.213985 0.805550 0.763883
v -0.161191 0.889676 0.876802
v -0.307610 1.041102 0.926125
v 0.169373 -1.004117 0.252748
v 0.114953 -1.008415 0.277844
v -0.261045 -0.093239 0.826378
v -0.874199 0.709976 -0.322922
v -0.836679 0.779855 -0.300747
v -0.831256 0.770172 -0.252746
v 0.004997 -1.010688 0.271288
v 0.095820 -1.003361 0.270132
v -0.008252 -1.005328 0.264878
v -0.477463 -1.115196 -0.756088
v -0.665985 0.625721 0.598000
v -0.579590 0.557007 0.693848
v -0.537487 0.514248 0.738592
v -0.418246 -1.026466 0.383989
v -0.435318 -1.016757 0.358795
v -0.486908 -1.026581 0.329428
v 0.712315 0.300934 0.231110
v 0.700119 0.194672 0.173584
v 0.705394 0.412224 0.331596
v 0.306053 0.166130 -0.723305
v 0.314743 0.064087 -0.690826
v 0.690145 0.400774 0.353132
v 0.649841 0.345474 0.412643
v 0.709665 0.342560 0.265625
v 0.653564 0.388840 0.392548
v -0.468445 -1.611595 0.350189
v -0.425598 -1.612448 0.382934
v -0.444946 -1.036368 0.367645
v 0.412764 -0.202992 0.142498
v 0.448764 -0.168575 0.094581
v 0.453339 -0.354431 -0.522400
v -0.348557 -0.426956 -0.819553
v 0.236656 -0.175303 -0.820892
v 0.314184 -0.297397 -0.773849
v -0.150826 -1.613210 0.503835
v -0.236969 -1.618884 0.478058
v -0.260468 -1.626082 0.465317
v -0.151688 -1.624293 0.499904
v -0.672259 -0.839107 -0.346074
v -0.712267 -0.923523 -0.308424
v 0.654755 0.543417 -0.669060
v 0.691551 0.574803 -0.657547
v 0.702873 0.563995 -0.609207
v 0.677091 0.499431 -0.545568
v 0.322479 -1.623200 0.440475
v 0.267731 -1.629099 0.458755
v 0.315399 -1.602917 0.448402
v 0.602890 1.384888 0.406891
v 0.630236 1.274446 0.356838
v 0.151946 0.808737 0.781387
v 0.187829 0.831960 0.770411
v 0.217444 0.807074 0.730587
v 0.211623 0.781750 0.734651
v -0.733984 0.372931 0.023117
v -0.855565 0.495571 -0.163643
v -0.333642 -1.389588 -0.865606
v -0.650227 0.865845 0.567902
v 0.038845 -0.082085 0.906200
v -0.296883 0.072731 -0.719772
v -0.276176 0.148071 -0.757896
v 0.629776 -1.599859 0.163696
v 0.566418 -0.614701 -0.438050
v 0.532042 -0.572427 -0.564951
v 0.406421 0.098262 0.710057
v 0.437673 -0.052998 0.596647
v 0.299606 1.044267 0.930857
v -0.410324 0.243490 0.768616
v -0.391968 0.264404 0.798943
v -0.499831 0.169749 0.576278
v 0.696546 1.454155 -0.591842
v 0.705816 1.489338 -0.488724
v -0.918709 0.663569 -0.509258
v -0.923004 0.621614 -0.506981
v -0.982027 0.618336 -0.481143
v -0.914519 0.623429 -0.507113
v -0.579773 -1.385834 -0.657410
v -0.564392 -0.986755 -0.659332
v 0.377982 -0.079684 0.676509
v 0.396210 -0.218651 0.576599
v 0.355831 1.410523 -1.023849
v -0.704998 0.575842 -0.618973
v -0.675102 0.609917 -0.767410
v -0.694607 0.583477 -0.661148
v 0.219513 -0.996948 -0.907410
v 0.310440 1.795792 -0.119262
v 0.333380 1.811413 -0.339874
v 0.402889 1.764596 -0.395986
v 0.137039 -1.030212 -0.926930
v -0.856163 0.354767 -0.196884
v -0.840478 0.361350 -0.160535
v -0.529692 -0.153171 -0.385557
v -0.515594 -0.221435 -0.395935
v -0.576263 -0.222351 -0.295471
v -0.416631 -0.129977 -0.537627
v -0.475960 -0.154950 -0.459211
v -0.448044 1.609853 -0.707405
v -0.493961 1.565788 -0.707922
v 0.409233 0.810786 -1.088807
v 0.555500 0.880208 -0.964018
v 0.251945 -1.004966 0.212173
v 0.785547 0.610331 -0.153686
v 0.795401 0.589496 -0.171936
v 0.816998 0.572183 -0.240751
v 0.825500 0.537039 -0.234032
v 0.023022 -1.615805 -0.946255
v 0.097153 -1.620477 -0.939896
v -0.117932 1.271955 0.862530
v -0.063366 0.796002 0.967407
v -0.446945 0.321360 -0.666763
v 0.361835 0.785196 0.754046
v 0.388050 0.793669 0.749766
v 0.480148 0.762930 0.658480
v 0.508251 -0.117967 0.142353
v 0.443913 -0.177361 0.087868
v 0.444931 -0.187645 0.079292
v 0.416931 0.766033 0.731053
v 0.432243 0.738066 0.706318
v 0.403757 0.734247 0.727627
v 0.385754 1.492730 0.567462
v -0.443435 -1.240119 -0.791205
v 0.530928 0.779613 0.632537
v 0.516822 0.776973 0.637398
v 0.554802 -0.602336 -0.511356
v 0.511421 -0.493010 -0.480077
v 0.505151 -0.455280 -0.450623
v -0.566936 -0.605321 -0.336456
v -0.575511 -0.648213 -0.536718
v -0.478142 -0.976699 -0.047386
v -0.517785 -0.981082 -0.151473
v -0.330673 -0.993393 0.142078
v 0.491920 -0.416954 -0.458588
v 0.459732 -0.312988 -0.488617
v 0.496765 -0.387360 -0.433640
v -0.552849 -0.587012 -0.457346
v 0.780438 0.590907 -0.454832
v -0.776354 1.208709 -0.305545
v -0.787355 1.178421 -0.387386
v -0.774784 1.084850 -0.533020
v 0.890076 0.839198 -0.424742
v 0.863720 0.820154 -0.384376
v 0.888864 0.871282 -0.387413
v 0.567207 0.579162 0.704926
v 0.580700 0.486984 0.650330
v -0.335396 1.811623 -0.349853
v -0.324814 1.785538 -0.107055
v -0.340308 1.815284 -0.422012
v -0.318359 1.816084 -0.333008
v 0.936792 0.843870 -0.465825
v 0.935888 0.792653 -0.457403
v 0.640350 0.738556 0.546478
v -0.348693 1.810104 -0.457416
v 0.953715 0.721839 -0.481066
v 0.789421 0.868267 -0.197754
v 0.770851 0.848709 -0.122986
v 0.784792 0.835925 -0.151177
v 0.785693 0.817184 -0.142372
v -0.874462 0.852127 -0.211101
v -0.868664 0.862316 -0.208755
v -0.887218 0.881882 -0.255600
v -0.841274 0.837536 -0.165302
v 0.132984 -0.427963 0.441231
v -0.891637 0.869239 -0.298360
v -0.901787 0.890480 -0.300857
v -0.915780 0.901368 -0.366661
v -0.903098 0.869591 -0.376993
v 0.816025 0.840477 -0.170837
v 0.839862 0.788599 -0.172281
v 0.850041 0.821575 -0.186665
v 0.881630 0.892002 -0.273315
v 0.860558 0.858633 -0.236126
v -0.307922 0.713890 0.738266
v -0.247633 -0.300335 -0.846941
v 0.466276 1.070105 0.786023
v -0.831582 0.606560 -0.284502
v -0.802063 0.621869 -0.253551
v -0.808714 0.641705 -0.274299
v -0.789443 0.663386 -0.206391
v -0.795567 0.665905 -0.235216
v 0.402222 0.514000 0.807083
v 0.403446 0.653436 0.726522
v 0.336643 0.619654 0.766087
v 0.245707 0.621719 0.805702
v -0.720527 1.182381 -0.784351
v -0.715866 1.235443 -0.770256
v -0.682053 1.282929 -0.767792
v -0.828503 0.710627 -0.164298
v -0.783320 0.638019 -0.181964
v -0.074249 1.092174 0.965479
v 0.076431 1.094075 0.965650
v -0.788653 0.673891 -0.176883
v -0.793060 0.657568 -0.134243
v -0.028322 -1.029084 0.518437
v 0.037964 -1.033121 0.519095
v 0.103489 -1.031888 0.512068
v -0.093536 0.868639 0.934834
v -0.077072 0.986664 0.946934
v 0.160019 -1.629487 0.491455
v -0.626091 0.909206 0.612541
v -0.499954 1.005852 0.776642
v 0.530457 -1.075844 -0.699860
v 0.554944 -0.973765 -0.673052
v -0.333131 0.367609 -0.876653
v 0.017670 -1.614589 0.519421
v 0.083694 -1.617850 0.514185
v 0.166992 -1.017644 0.489559
v 0.156021 -1.034601 0.502987
v 0.145111 -1.614220 0.504513
v -0.952232 0.482570 -0.370867
v -0.977602 0.560288 -0.444803
v -0.695957 -1.034325 0.023437
v -0.695950 -1.388184 0.014999
v -0.676861 -1.115662 0.069222
v 0.006836 1.679870 0.452271
v -0.869271 0.915924 -0.392436
v -0.858578 0.884168 -0.399801
v -0.882069 0.917016 -0.399888
v 0.763725 0.796295 -0.528427
v 0.779276 0.745257 -0.474520
v 0.777057 0.668812 -0.469457
v -0.708202 -1.615164 -0.021683
v -0.723228 -1.615737 -0.092453
v 0.766764 0.371026 -0.114820
v 0.695773 1.390782 -0.064002
v 0.752086 1.309923 -0.308938
v 0.713231 -1.032394 -0.034624
v 0.686096 -1.013298 0.005646
v 0.695133 -1.021941 0.011418
v -0.582017 0.005494 -0.057715
v -0.616794 1.156542 0.480288
v -0.653661 1.059618 0.430110
v 0.508820 1.620125 0.124241
v -0.576361 -0.299531 -0.279879
v -0.799497 0.876740 -0.351219
v -0.816491 0.872448 -0.242177
v -0.820170 0.878843 -0.285288
v -0.701686 -1.014760 -0.031004
v -0.682119 -1.019648 0.039364
v 0.327911 -0.998627 -0.867714
v 0.376556 -0.846252 -0.836868
v 0.294388 -0.989223 -0.882881
v 0.148956 0.339767 0.933685
v 0.218544 0.408863 0.871067
v 0.237716 0.327703 0.879095
v 0.771079 0.441871 -0.254061
v 0.780184 0.455326 -0.292522
v 0.772705 0.462111 -0.323151
v 0.777290 0.536839 -0.418002
v 0.449707 -0.651276 -0.796425
v 0.239877 0.829010 -1.143515
v 0.052055 0.763853 -1.140720
v -0.023209 0.839050 -1.134720
v 0.721579 -1.017969 -0.188556
v 0.699674 -1.008613 -0.162692
v 0.703195 -1.014503 -0.044285
v 0.712384 -0.987659 -0.217425
v 0.644798 -1.613933 -0.558258
v 0.576202 -1.622808 -0.661103
v 0.605026 -1.618675 -0.623413
v 0.630768 -1.627359 -0.569763
v -0.786249 0.653813 -0.150007
v -0.795186 0.620011 -0.133993
v -0.338287 -0.313347 0.183487
v -0.336672 -0.364828 0.170245
v -0.288010 -0.472519 0.202408
v -0.327919 -0.609802 0.137924
v -0.123154 0.034252 0.955253
v -0.801413 0.733514 -0.129902
v -0.785748 0.761910 -0.007903
v -0.397980 -0.329407 0.099213
v -0.350119 -0.434399 0.141412
v -0.718351 0.262623 -0.034623
v -0.713742 0.121830 -0.001415
v 0.175082 0.611974 0.899095
v 0.196884 0.548195 0.900681
v -0.397308 -0.637869 0.066620
v -0.701319 0.079493 -0.009650
v 0.313890 -0.650926 -0.855351
v 0.333184 0.854297 0.799837
v 0.364214 0.880117 0.772851
v 0.322254 0.887329 0.787140
v 0.235046 0.855552 0.759399
v 0.530487 -0.974522 -0.171123
v 0.122612 -1.011190 0.481914
v -0.053125 0.329649 0.985527
v -0.007519 0.321605 0.977110
v 0.014011 0.319147 0.978717
v -0.417144 -0.131510 0.582092
v -0.407212 -0.048042 0.644139
v 0.922525 0.735889 -0.450025
v -0.325546 1.190888 -1.089088
v -0.460871 -0.164476 0.204269
v -0.560127 -0.051839 0.040688
v -0.488581 -0.122398 0.051537
v -0.111389 -1.025895 0.508412
v -0.167992 -1.019478 0.492008
v -0.418650 -0.199148 0.134592
v -0.452075 -0.166474 0.098098
v 0.580381 -0.082317 -0.092965
v 0.030889 -0.891285 -0.924690
v 0.048477 -1.018616 -0.937325
v -0.005920 -1.038780 -0.940937
v -0.027203 -0.294779 0.861794
v 0.038249 -0.182160 0.920868
v -0.126770 -0.820610 0.282078
v -0.159973 -0.834854 0.253372
v -0.126617 -0.875183 0.276165
v 0.006472 -0.722145 -0.920266
v 0.082184 -0.891437 -0.921508
v 0.595396 -1.003439 -0.169603
v 0.666286 -1.003626 -0.178742
v 0.680969 -0.990362 -0.205239
v 0.711908 -1.008708 -0.195198
v 0.817466 0.572676 -0.141582
v 0.812443 0.576443 -0.164583
v 0.789434 0.607123 -0.135557
v 0.788166 0.599850 -0.128478
v 0.302835 1.771812 0.040833
v 0.410199 1.698353 0.078209
v 0.459442 1.673004 0.059449
v 0.362698 0.924007 0.779723
v -0.239283 -0.206947 -0.828047
v -0.216688 -0.193886 -0.838994
v -0.285881 -0.353012 -0.841227
v -0.315231 -1.627077 -0.872902
v -0.351593 -1.621929 -0.856674
v 0.261292 0.386414 -0.962707
v 0.629639 1.021606 0.450257
v -0.267679 -0.709215 -0.873276
v -0.345406 -0.540863 -0.840134
v -0.330376 -0.153252 -0.681564
v -0.701321 0.566782 -0.617851
v -0.618159 0.529427 -0.714208
v -0.647479 0.512985 -0.624851
v -0.680710 0.577847 -0.693054
v 0.368744 -1.200561 -0.841873
v 0.137680 0.584566 0.986851
v 0.337729 -1.404399 -0.863707
v 0.327656 -1.224142 -0.864518
v -0.671623 0.650192 -0.806778
v 0.823273 0.710896 -0.165890
v 0.813454 0.731182 -0.174456
v 0.348709 -0.790146 0.104095
v 0.318763 -0.877097 0.128811
v 0.432586 1.430705 0.557030
v 0.540206 1.363672 0.495969
v 0.886949 0.879221 -0.302887
v 0.898617 0.884853 -0.357706
v -0.338300 1.622080 0.436822
v -0.285309 1.711060 0.291504
v -0.376526 0.946808 -1.113220
v -0.555164 1.051343 -0.956819
v -0.448174 -0.193070 0.489883
v -0.439599 -0.205185 0.482121
v -0.807283 0.852150 -0.405002
v -0.832944 0.854733 -0.396469
v 0.805748 0.459755 -0.140060
v 0.837090 0.379534 -0.184814
v 0.436885 -0.465622 -0.699753
v 0.473852 -0.470387 -0.595371
v 0.570673 1.533787 -0.634966
v 0.568545 1.591953 -0.546863
v 0.504852 1.668350 -0.521469
v 0.416992 1.735275 -0.557853
v 0.489105 1.673279 -0.545105
v -0.168427 0.120933 0.898102
v -0.178192 0.126098 0.895733
v 0.082430 0.484749 1.136707
v 0.050398 0.497396 1.161961
v 0.067223 0.530058 1.118767
v -0.465016 0.277741 -0.615261
v -0.981281 0.660139 -0.482761
v -0.701813 0.666016 0.490112
v 0.007183 0.287892 -0.880753
v 0.607903 -0.240868 -0.235696
v 0.875165 0.639360 -0.362640
v 0.908359 0.643998 -0.375820
v 0.918123 0.568032 -0.355574
v 0.927738 0.487175 -0.356750
v 0.898651 0.517647 -0.296066
v -0.461060 -0.979769 -0.008310
v -0.476765 -0.986707 -0.019829
v 0.544609 0.049843 -0.422718
v 0.001175 -0.342216 0.463076
v 0.336208 0.377991 0.841585
v -0.661102 1.375950 0.175659
v 0.327568 0.247610 0.837673
v 0.287708 0.326771 0.850467
v 0.330031 0.281973 0.834865
v -0.436487 0.557019 0.761426
v -0.478668 0.543316 0.751282
v -0.842384 0.582920 -0.271831
v -0.144706 -0.350283 0.462683
v -0.434005 -1.069817 -0.793576
v 0.796519 1.124758 -0.328299
v 0.800348 1.054870 -0.302732
v -0.370152 0.682971 0.726591
v -0.656372 0.010475 0.155533
v -0.636353 0.083404 0.256378
v 0.452209 0.521187 0.785858
v -0.412033 0.709747 0.730950
v 0.219106 -0.148765 -0.830341
v -0.534452 1.649813 -0.105030
v -0.530142 1.641877 -0.030233
v 0.724785 -1.609975 -0.101059
v 0.711311 -1.617596 -0.034806
v -0.173096 1.602051 -0.883301
v 0.237518 -0.275972 0.773167
v 0.154581 -0.293037 0.844263
v 0.141945 -0.201721 0.895950
v 0.527463 -0.990501 -0.151988
v 0.525432 -0.991019 -0.129820
v 0.646810 -1.002275 -0.128536
v -0.574219 0.871704 -0.948242
v -0.468579 0.807172 -1.035984
v -0.497183 0.681366 -0.996786
v -0.602866 -0.779597 -0.213867
v -0.613531 -0.754299 -0.222456
v -0.646611 -0.821320 -0.228104
v 0.196724 1.338501 0.816193
v -0.799595 0.362618 -0.217194
v -0.800435 0.355879 -0.210239
v -0.295197 0.534241 0.823380
v -0.234165 0.619972 0.836398
v 0.483948 -1.618446 -0.763306
v -0.607841 0.091369 0.324369
v 0.727761 -1.147453 -0.239025
v 0.715050 -1.361130 -0.340439
v 0.727193 -1.021730 -0.228188
v 0.722621 -1.009177 -0.215690
v 0.717176 -0.969609 -0.231290
v 0.185874 0.446211 0.886981
v 0.190024 0.462149 0.897325
v 0.506226 0.581726 -0.978516
v 0.670074 0.181786 -0.266176
v 0.661983 0.238627 -0.183914
v 0.591927 -0.706313 -0.212974
v 0.529634 -0.876305 -0.182573
v 0.599939 -0.815556 -0.210929
v -0.601490 0.984779 0.686966
v -0.627762 0.920807 0.613587
v -0.598855 0.976778 0.690993
v -0.590549 0.995450 0.705790
v -0.501190 1.019417 0.782074
v 0.682150 0.249182 -0.290436
v 0.669016 0.178116 -0.281929
v -0.593521 1.011654 0.699547
v -0.325089 0.558885 0.805580
v -0.258224 0.591345 0.830013
v -0.469742 -0.714996 -0.782425
v -0.462677 -0.567318 -0.783413
v -0.358589 1.087771 0.855977
v -0.447905 1.046404 0.812735
v -0.361969 1.039839 0.891663
v -0.942505 0.833149 -0.455267
v -0.929724 0.880978 -0.423950
v 0.589921 0.809825 0.606401
v 0.251355 -0.666729 -0.874842
v -0.842448 0.879701 -0.240423
v -0.825094 0.871591 -0.221311
v -0.145428 0.379873 0.923824
v -0.170221 0.398738 0.909609
v -0.057784 0.342953 0.989656
v -0.067411 0.335958 0.982738
v -0.689316 0.387043 -0.336899
v -0.652194 0.459870 -0.523182
v -0.585028 0.372633 -0.509367
v -0.655304 0.379728 -0.383896
v 0.414181 0.792064 0.736748
v 0.399719 0.821214 0.742203
v 0.392464 0.834177 0.742410
v -0.315573 1.770874 0.008789
v -0.486450 1.666645 0.007935
v 0.586725 -0.679182 -0.657280
v 0.610676 -0.715546 -0.619232
v -0.292374 1.753448 0.135742
v -0.356079 -0.996622 0.136482
v -0.165146 -1.003508 0.253052
v 0.483539 -0.784742 -0.767645
v 0.327313 -0.598312 0.140105
v 0.380783 -0.682804 0.078781
v 0.284065 -0.482880 0.204533
v 0.229213 -0.508163 0.263884
v -0.546478 -1.625844 0.266388
v -0.489532 -1.626088 0.323944
v 0.385727 -0.313278 -0.659409
v -0.120678 1.838506 -0.333973
v 0.725039 1.178562 -0.734344
v 0.718524 1.253357 -0.752289
v 0.030437 -1.627680 -0.941271
v 0.204956 -1.624101 -0.916733
v 0.352564 0.660036 -1.136612
v 0.346474 0.570112 -1.134283
v 0.901962 0.909344 -0.322220
v 0.910408 0.919194 -0.354492
v 0.140877 -0.624905 0.318802
v 0.049049 -0.658064 0.298539
v 0.131125 -0.658831 0.308644
v -0.274567 1.399719 -1.033462
v -0.188026 1.700562 -0.759033
v 0.169556 -0.833084 0.245209
v 0.726341 -1.054286 -0.110031
v 0.721014 -1.163170 -0.073845
v -0.262138 0.386475 -0.962158
v -0.240051 0.317444 -0.898163
v 0.180534 -0.869328 0.235882
v -0.720942 -1.040691 -0.284943
v -0.220455 0.251363 -0.829788
v 0.138569 -0.994493 0.257013
v -0.710620 0.260283 -0.074200
v -0.738654 0.345794 -0.095526
v -0.721069 0.306874 -0.086851
v 0.656243 -1.395678 -0.523150
v 0.649292 -1.194664 -0.511658
v -0.434287 -0.210790 0.457026
v -0.289200 -0.282955 0.384011
v -0.370201 0.823029 -1.123009
v 0.808891 0.887956 -0.334116
v -0.315647 -0.316037 0.219192
v -0.352971 -0.271287 0.205652
v -0.351692 -0.265606 0.300051
v -0.453237 1.364515 0.580518
v -0.514671 0.827026 0.618462
v -0.580704 0.767578 0.572064
v -0.543644 0.769649 0.596472
v -0.584274 0.815592 0.565926
v 0.119629 1.549604 0.683968
v -0.583801 0.735447 0.577156
v -0.543243 -1.615768 0.277939
v 0.220344 0.251232 -0.829777
v 0.865645 0.624557 -0.463585
v -0.340927 -0.451498 -0.830332
v -0.718216 0.557526 -0.569763
v -0.048012 1.548382 0.686627
v -0.750524 0.407146 -0.059368
v -0.812437 0.977463 -0.276462
v 0.798972 0.621441 -0.199570
v 0.808133 0.589936 -0.228119
v -0.330505 1.555115 0.589844
v -0.496187 -0.390798 -0.436306
v 0.794696 0.787117 -0.139634
v 0.785244 0.785425 -0.087433
v -0.002572 -0.663271 0.294846
v -0.823215 0.530991 -0.143563
v -0.360370 -0.319708 -0.711636
v -0.395821 -0.345810 -0.662506
v 0.510008 0.788437 0.645371
v 0.494878 0.784311 0.638762
v -0.692873 0.469925 -0.471482
v -0.686693 0.371141 -0.324127
v 0.811229 0.765812 -0.255156
v 0.608667 0.031211 -0.092442
v 0.588210 0.012115 -0.061247
v 0.624053 0.080576 -0.126301
v -0.602732 -1.004081 -0.169629
v 0.089849 0.206683 1.019135
v 0.077735 0.214181 1.021145
v 0.639526 -1.627087 0.132416
v 0.607635 -1.622036 0.192627
v 0.606430 -0.734833 -0.635224
v -0.624613 -0.139959 -0.227127
v -0.565040 -1.435318 0.253755
v -0.598877 -1.609609 0.210052
v -0.377760 0.062872 -0.621900
v 0.721363 0.376564 0.203095
v 0.749136 0.452120 -0.358719
v 0.763677 0.452919 -0.322779
v 0.699214 0.383858 -0.315585
v 0.564468 1.129043 0.660980
v 0.576595 1.089599 0.677948
v 0.610838 1.598540 -0.275522
v 0.527310 1.668145 -0.367374
v -0.723374 -1.442359 -0.105322
v -0.730815 -1.615687 -0.161434
v -0.714119 -1.625349 -0.062836
v -0.530046 -0.599039 -0.670292
v -0.449873 0.012128 -0.528380
v 0.310722 0.813829 0.745398
v 0.371624 0.761677 0.750151
v 0.697488 0.058483 0.055195
v 0.591141 0.674805 0.639588
v 0.599324 0.729877 0.601076
v -0.123318 0.862316 0.886055
v -0.106959 0.882721 0.924735
v 0.590988 0.555961 0.692856
v 0.558162 0.536321 0.734429
v 0.674608 0.602432 0.546433
v -0.480546 1.579014 0.315097
v -0.570648 1.512375 0.324341
v -0.543581 1.555362 0.255951
v 0.710074 1.018898 -0.825695
v 0.719608 0.984940 -0.759125
v -0.080200 0.861366 0.946522
v -0.852812 0.384145 -0.314886
v 0.625322 -0.138767 -0.229342
v 0.292801 0.044495 -0.722260
v 0.862053 0.630588 -0.348335
v 0.846783 0.860758 -0.211563
v 0.857440 0.843852 -0.227529
v 0.179187 1.100818 0.962489
v -0.589958 -0.377066 -0.230410
v 0.569366 1.513042 0.325684
v 0.632870 1.490482 0.229676
v 0.479554 1.578459 0.318767
v 0.336845 -0.295157 0.192783
v 0.328140 -0.360886 0.181923
v 0.237065 -0.221313 -0.834528
v 0.256866 -0.263737 -0.831905
v 0.339893 -0.417423 -0.823170
v 0.332224 0.343551 0.838679
v 0.378113 0.304901 0.784882
v -0.053059 -0.297052 0.856969
v -0.153936 -0.292940 0.845846
v -0.603104 -1.627951 -0.615662
v -0.685354 -1.003421 -0.183238
v -0.674404 -1.005206 -0.134372
v -0.206526 -0.058922 -0.824831
v 0.317813 0.744052 0.742224
v 0.371828 0.735628 0.741060
v -0.927016 0.567859 -0.349416
v 0.343339 0.740283 0.745651
v 0.631620 0.913414 0.592018
v -0.837494 0.616839 -0.310854
v -0.862570 0.624804 -0.346598
v -0.865986 0.589677 -0.331242
v -0.900360 0.665630 -0.366387
v -0.850430 0.634450 -0.321499
v -0.069641 -0.656380 0.301403
v -0.131350 -0.663840 0.307639
v -0.891004 0.548203 -0.312134
v -0.861004 0.561478 -0.293991
v -0.883768 0.574432 -0.336193
v -0.840472 0.600504 -0.303425
v 0.773877 1.034605 -0.170056
v -0.105481 -0.519608 0.415829
v 0.005722 -0.534321 0.405423
v -0.775801 0.434541 -0.264376
v -0.795780 0.415405 -0.230276
v -0.053333 -0.535538 0.407144
v -0.095152 -0.575044 0.405194
v -0.020856 -0.577368 0.398910
v -0.769367 0.491833 -0.366951
v -0.769572 0.520021 -0.408544
v -0.754822 0.473450 -0.384411
v -0.768737 0.468889 -0.329267
v -0.537572 -1.203518 -0.695010
v -0.761635 0.786240 -0.537018
v -0.754459 0.692253 -0.526405
v -0.109324 0.902050 0.929526
v -0.177322 0.945267 0.928231
v 0.596649 0.352051 0.467255
v 0.676292 0.414194 0.370426
v 0.642267 1.431474 0.222974
v 0.666439 1.363134 0.145281
v 0.908790 0.563492 -0.343857
v 0.879707 0.575558 -0.340113
v 0.909710 0.543320 -0.330917
v -0.070507 0.487399 1.147703
v -0.055331 0.503314 1.159619
v -0.047637 0.546459 1.138012
v -0.566498 -0.996042 -0.171965
v -0.533292 -0.990892 -0.158442
v -0.811438 0.819021 -0.135812
v 0.729006 -1.617925 -0.266312
v 0.730318 -1.619410 -0.159531
v -0.406082 -0.991643 0.083374
v -0.765336 0.629146 0.076775
v -0.768166 0.379253 -0.111833
v -0.771895 0.366418 -0.132175
v 0.671303 -1.626357 -0.489655
v -0.226905 -0.512695 0.265344
v -0.739124 0.425247 -0.301057
v -0.757917 0.450848 -0.323582
v -0.542187 -0.556601 -0.442787
v -0.284118 -0.241886 -0.786973
v -0.360278 1.694245 -0.736267
v -0.355682 1.748963 -0.652404
v 0.541023 0.476593 0.717819
v 0.525314 0.529193 0.748055
v 0.137744 -0.293324 0.853481
v -0.218388 1.553520 0.671181
v 0.203659 1.321960 0.822541
v 0.260248 1.317136 0.771856
v -0.682947 0.781906 -0.824966
v -0.659241 0.886269 -0.877869
v -0.698325 0.948350 -0.843185
v -0.912275 0.910952 -0.353210
v -0.045650 -1.614992 -0.945485
v -0.478790 0.127498 -0.535656
v -0.433944 0.101547 -0.575693
v -0.894501 0.455569 -0.256187
v 0.202589 -0.316849 0.381634
v 0.365839 1.164414 -1.090439
v 0.518507 1.236311 -0.938159
v 0.068806 0.789825 0.944714
v 0.064369 0.769623 0.988449
v 0.081939 0.719269 1.019032
v 0.703099 0.428926 0.346558
v -0.921112 0.827572 -0.431459
v -0.930456 0.862342 -0.428503
v -0.850969 0.810927 -0.242683
v -0.865622 0.825982 -0.200408
v 0.409677 -0.412655 -0.696063
v 0.348436 -0.408993 -0.807736
v -0.553345 1.649689 -0.361969
v -0.720134 -1.341277 -0.309245
v -0.712496 -1.325557 -0.348000
v 0.570974 0.023141 0.357465
v 0.595299 0.117535 0.373552
v 0.504570 -1.020054 0.305374
v 0.492081 -1.030772 0.327461
v 0.684700 -1.624402 0.040588
v 0.418069 0.015915 0.660147
v 0.450811 0.055584 0.633557
v 0.397583 -1.622426 0.398254
v 0.452148 -1.625543 0.356964
v 0.473446 0.258003 0.645424
v 0.877338 0.384249 -0.268927
v 0.838236 0.366735 -0.198090
v 0.829443 0.360727 -0.192184
v 0.405448 -0.220232 0.250736
v 0.442662 -0.181726 0.222064
v 0.460983 -0.174701 0.290694
v -0.709832 1.194232 0.112213
v 0.813932 0.518718 -0.197764
v 0.806212 0.482551 -0.141357
v 0.804247 0.489072 -0.134098
v 0.821223 0.561098 -0.141733
v 0.565948 1.617638 -0.050628
v 0.125970 -0.919838 0.271613
v 0.121169 -0.999359 0.264756
v 0.162884 -0.999862 0.247124
v -0.860274 0.828261 -0.315780
v 0.536407 -0.559824 -0.492252
v 0.897524 0.913776 -0.322243
v 0.861381 0.918313 -0.329204
v 0.831277 0.888866 -0.320881
v 0.043359 0.577774 1.111370
v 0.570043 -1.058128 -0.649562
v 0.580795 -1.168884 -0.637329
v 0.774886 0.566605 -0.442600
v 0.670319 0.804892 0.481877
v -0.525992 -0.124401 -0.017314
v -0.444559 -0.176936 0.093610
v -0.442665 -0.185028 0.087204
v -0.538437 -0.055908 -0.018829
v -0.354719 1.802546 -0.498687
v -0.528325 1.671787 -0.343573
v 0.574552 -0.660328 -0.217139
v -0.486389 -1.311256 -0.760178
v 0.309994 0.281015 -0.784550
v -0.299240 -0.296290 0.250069
v -0.218529 -0.310557 0.402651
v 0.294854 0.893945 0.776344
v 0.317049 0.875587 0.791817
v 0.321044 0.851932 0.796961
v -0.776325 0.528132 -0.408897
v -0.084929 -0.338164 0.466990
v -0.086692 -0.334413 0.473249
v -0.717012 -0.970064 -0.230598
v -0.724182 -0.972208 -0.244246
v -0.214853 -0.305510 0.542680
v -0.144999 -0.338536 0.478820
v 0.602730 -0.993482 -0.185692
v 0.552106 -0.992560 -0.169511
v -0.440918 0.574494 -1.046509
v 0.466103 0.360566 -0.698237
v 0.449547 0.322591 -0.665573
v -0.383979 0.109558 0.755005
v -0.418823 0.168922 0.723541
v -0.811486 0.703013 -0.242867
v -0.808061 0.726395 -0.223720
v -0.820761 0.747019 -0.236550
v -0.460327 -0.328064 -0.493225
v -0.426086 -0.209013 -0.525963
v -0.171635 0.390800 0.904900
v -0.261475 0.325653 0.873413
v 0.489845 -0.119086 -0.447978
v -0.765422 0.889376 0.077165
v -0.770073 0.980351 -0.031335
v 0.713324 0.389853 -0.285165
v -0.727637 0.381840 0.161350
v 0.385124 -0.234936 0.143421
v -0.657196 -0.970428 -0.489746
v -0.784945 0.793839 0.063294
v 0.712280 1.403504 -0.627624
v -0.898197 0.531612 -0.462482
v -0.879002 0.502922 -0.427757
v 0.239882 0.920868 0.847406
v 0.118526 0.762517 0.861086
v 0.132552 0.826952 0.837999
v -0.095524 0.729610 0.950268
v -0.067915 0.764915 0.987229
v -0.896072 0.824691 -0.421122
v -0.515758 1.658359 -0.515953
v -0.419003 1.729271 -0.565750
v -0.331299 0.559615 -1.129732
v 0.356537 0.871338 -1.132257
v 0.370605 0.880829 -1.123535
v -0.556334 0.054376 -0.408506
v 0.713779 0.615056 0.434639
v 0.503913 0.799772 -1.003102
v -0.592886 -0.705515 -0.214999
v 0.199020 0.173857 0.952553
v -0.423540 1.636073 -0.706979
v -0.416827 1.608192 -0.757031
v -0.428917 1.517269 -0.858424
v 0.526474 -1.610785 0.296432
v 0.633582 -1.038978 -0.538182
v 0.880380 0.874841 -0.333604
v 0.349803 1.808525 -0.456998
v 0.617645 0.304413 0.454224
v 0.635452 0.231476 0.358626
v -0.072709 0.233937 -0.823836
v 0.071594 0.233659 -0.823256
v 0.811414 0.548020 -0.210314
v 0.813100 0.545949 -0.199789
v 0.821291 0.557960 -0.164980
v 0.150805 1.837909 -0.352897
v -0.520630 -0.637726 -0.738068
v 0.867216 0.471329 -0.398765
v -0.058258 -1.627589 0.510946
v 0.611271 1.463388 -0.684355
v -0.202454 -1.597918 0.491226
v -0.861298 0.846306 -0.186609
v -0.218048 -0.714821 0.211128
v -0.335938 -0.692495 0.119743
v -0.338319 1.812961 -0.488449
v 0.666725 0.387583 -0.373749
v 0.758526 0.876640 -0.087417
v 0.721817 0.922131 0.096619
v -0.720600 -0.944618 -0.309605
v 0.531305 0.644358 0.680335
v 0.451599 0.679077 0.689972
v 0.300388 -0.295789 0.250524
v 0.359352 -0.264244 0.284065
v 0.501201 1.562485 -0.702473
v 0.570236 1.488126 -0.703707
v 0.514516 1.604847 -0.618986
v 0.418911 1.671838 -0.659627
v -0.232513 1.822258 -0.518737
v 0.793411 1.052567 -0.370422
v 0.513152 1.577261 0.256828
v -0.533109 0.265566 0.581076
v -0.663635 -1.625570 0.088073
v -0.691689 -1.615215 0.032181
v 0.650330 0.234513 -0.144025
v -0.110504 -1.006963 0.273093
v 0.339493 -0.960471 0.116173
v 0.193798 -0.076635 0.848930
v 0.111570 -0.067299 0.883268
v -0.157875 -1.000968 0.250984
v 0.238134 -0.098977 0.841984
v 0.245756 -0.091300 0.838180
v 0.852486 0.659805 -0.460842
v -0.503418 0.576965 0.727936
v -0.491951 0.687118 0.658760
v -0.003647 0.397827 -0.987579
v 0.132378 1.836186 -0.261062
v -0.086357 0.356315 0.964150
v -0.222066 -0.137913 -0.826242
v 0.698940 -1.603756 -0.427536
v 0.717244 1.377319 -0.649841
v 0.726948 1.281987 -0.667392
v 0.755487 0.405678 -0.179516
v -0.112793 -1.628859 -0.932431
v -0.956278 0.535339 -0.437225
v -0.303364 0.275868 -0.784439
v -0.375906 0.317579 -0.770275
v -0.457143 1.693799 -0.561671
v -0.344616 -0.226103 -0.685712
v 0.142120 0.249699 0.968086
v 0.559425 -0.646847 -0.200591
v 0.552039 -0.704520 -0.193067
v 0.032668 -1.013400 0.292357
v -0.486816 0.696342 0.652207
v -0.777542 0.445511 -0.100855
v -0.763814 0.387566 -0.102218
v -0.709548 0.090350 0.021517
v -0.692424 0.050119 0.061386
v -0.482681 -0.422157 -0.491119
v -0.473824 -0.475026 -0.601402
v 0.591174 -1.008008 0.154307
v 0.494015 1.083539 -0.998981
v 0.657142 1.538334 -0.045944
v 0.828869 0.830495 -0.442219
v 0.850029 0.758190 -0.454197
v 0.466309 1.190564 -0.996818
v -0.830200 0.346114 -0.170920
v -0.838552 0.350515 -0.166197
v -0.844651 0.347544 -0.184530
v -0.825779 0.353854 -0.151625
v 0.363276 1.694428 -0.735687
v 0.312211 1.667320 -0.778747
v 0.216614 1.100586 -1.110306
v 0.701710 0.951832 -0.840121
v 0.687623 0.878310 -0.852100
v 0.581085 0.252792 -0.466675
v -0.424438 -1.620060 -0.810730
v 0.674090 0.756348 -0.839300
v -0.812522 0.596586 -0.134590
v -0.797292 0.610867 -0.130801
v 0.153982 0.517414 0.935541
v -0.759811 1.152954 -0.084961
v -0.059029 0.577116 1.094978
v -0.073929 0.582809 1.064026
v -0.086834 0.657107 1.008431
v -0.114059 0.636123 0.971497
v -0.276638 0.675621 -1.145895
v 0.581352 -0.006210 -0.035110
v -0.428764 0.368981 -0.781258
v -0.655735 0.254542 -0.155208
v -0.769978 0.412834 -0.210609
v 0.617889 -0.918884 -0.576721
v -0.613346 0.036943 -0.075417
v 0.715102 -1.164629 -0.334591
v -0.589636 1.121340 -0.916880
v -0.126510 0.600957 0.998616
v -0.531695 -0.040925 -0.411173
v -0.504245 1.243346 -0.950989
v -0.510755 1.188770 -0.962953
v -0.474883 1.122188 -1.009357
v 0.075653 -0.449402 0.434799
v -0.007153 -0.495354 0.415634
v 0.052080 -0.528009 0.408315
v -0.163506 -0.358723 0.423531
v 0.437450 0.080756 -0.564426
v -0.214139 0.527614 0.871858
v -0.236942 0.604371 0.842223
v -0.220867 0.523544 0.862015
v 0.584236 -0.688782 -0.668305
v 0.666574 -0.813616 -0.494621
v 0.626564 -0.755936 -0.600968
v -0.755762 0.365826 -0.122431
v -0.754405 0.368932 -0.108607
v 0.941545 0.726731 -0.458684
v 0.596157 1.036857 0.689072
v 0.595653 0.995850 0.705290
v 0.540884 -0.551718 -0.440048
v -0.702000 -1.238876 -0.386963
v 0.243713 0.067492 -0.785309
v 0.450312 -0.961450 -0.004486
v 0.467095 -0.978440 -0.024344
v 0.472820 -0.955946 -0.045735
v -0.792650 0.812714 -0.445376
v -0.786696 0.839420 -0.441124
v -0.784995 0.808510 -0.454418
v -0.793234 0.844139 -0.424782
v 0.706254 0.079159 0.022251
v 0.711473 0.113995 0.069237
v 0.365614 1.132010 0.821794
v -0.798167 0.865501 -0.391308
v 0.381639 -0.918160 0.074725
v 0.055517 0.802765 0.972283
v -0.055264 0.800999 0.971390
v 0.381775 1.465347 -0.970154
v 0.359322 1.497471 -0.974571
v 0.589224 1.444458 0.366455
v 0.560517 1.399494 0.446651
v -0.259895 0.878939 0.782399
v -0.347069 1.786854 -0.585579
v -0.390625 0.905784 0.740265
v -0.365326 0.895771 0.750443
v 0.565765 -1.614607 0.251922
v -0.353100 1.171725 0.802198
v -0.260794 1.303832 0.787767
v -0.364399 1.281788 0.714130
v 0.482409 -0.995772 0.097882
v -0.806491 0.660153 -0.269921
v -0.797625 0.643454 -0.253193
v 0.715681 1.181107 -0.788421
v -0.502454 -0.754445 -0.096389
v -0.483513 -0.867546 -0.077194
v -0.523634 -0.895830 -0.176583
v 0.542037 0.753873 0.605967
v 0.526517 0.751333 0.613441
v 0.433731 0.306471 -0.669456
v 0.311310 0.484314 -1.056793
v 0.362066 1.287079 0.701729
v 0.588005 1.330704 0.473801
v -0.522583 1.555683 -0.680658
v -0.580648 1.476860 -0.705656
v -0.523682 1.462341 -0.804809
v 0.896713 0.920504 -0.406593
v -0.357742 0.335069 0.818634
v -0.679383 0.654388 0.577267
v -0.140652 0.681803 0.920464
v -0.158169 0.646919 0.919190
v 0.395969 0.765153 0.743782
v 0.717721 -1.090458 -0.300080
v 0.141998 0.680182 0.909104
v -0.286703 1.043056 0.934680
v -0.927969 0.419796 -0.324745
v -0.912724 0.390334 -0.283338
v 0.136017 -0.314937 -0.856504
v 0.716980 -0.933582 -0.308936
v -0.083874 0.888421 0.933314
v -0.094103 0.880541 0.932748
v -0.680241 0.121735 -0.053940
v -0.269890 -1.007390 0.230835
v -0.277641 -1.005390 0.200119
v -0.468119 0.371728 -0.712780
v -0.548119 0.460538 -0.716230
v 0.693790 -1.032845 0.027679
v 0.789140 0.704841 -0.245734
v 0.794471 0.673362 -0.262538
v 0.651768 0.421604 0.415817
v 0.802135 0.728141 -0.196709
v -0.364349 -0.258747 0.170109
v -0.875887 0.811569 -0.391944
v -0.849262 0.798794 -0.330795
v -0.678724 0.240303 -0.294634
v -0.664828 0.157486 -0.281544
v -0.129637 -0.296478 0.852918
v -0.341461 -1.183838 -0.857025
v 0.395233 -1.628441 -0.826004
v 0.476166 -1.627197 -0.765320
v -0.826613 0.560670 -0.205849
v -0.823954 0.579619 -0.224293
v -0.465635 1.255229 0.640839
v 0.895386 0.840406 -0.430350
v 0.889695 0.855917 -0.412533
v 0.863211 0.829302 -0.379696
v -0.559574 -0.583527 -0.250041
v -0.535629 0.337483 -0.548675
v 0.415833 -0.518371 -0.804916
v -0.915265 0.674010 -0.377352
v -0.851719 0.536669 -0.422370
v -0.804573 0.538983 -0.417644
v -0.256107 0.736630 0.747726
v -0.696386 0.364832 -0.286832
v 0.109959 -0.648569 0.311730
v -0.304710 0.171639 -0.726471
v -0.703926 0.263908 -0.088970
v -0.206593 0.052933 -0.819254
v -0.198547 0.151810 -0.818464
v 0.615282 -0.757784 -0.221528
v -0.119214 -0.996821 0.264700
v -0.117977 -1.002768 0.267549
v -0.571739 -0.662380 -0.676926
v -0.594180 -0.688164 -0.641611
v 0.641632 0.374109 -0.403503
v -0.475758 -0.563850 -0.769734
v 0.360317 -0.015301 0.732471
v -0.113618 -0.084381 0.896118
v -0.150604 -0.069061 0.863319
v -0.236589 -0.093860 0.840555
v -0.723162 -1.613896 -0.318558
v -0.194534 -0.076705 0.848873
v 0.152626 -0.282902 0.858579
v -0.711552 -1.615451 -0.379090
v -0.698349 -1.625924 -0.411957
v 0.585312 1.144760 0.620964
v 0.571624 1.208481 0.571556
v 0.577671 1.237823 0.540711
v 0.556396 1.244598 0.559754
v -0.188568 0.173843 0.959335
v -0.716915 -1.625382 -0.328095
v -0.702599 -1.630508 -0.359223
v -0.573059 -0.658269 -0.215790
v -0.549434 -0.912671 -0.187973
v 0.733378 0.634886 0.354964
v 0.459877 -1.393848 -0.782884
v 0.836507 0.553990 -0.253785
v 0.843264 0.564276 -0.273129
v 0.849705 0.542915 -0.266916
v 0.076627 0.246136 -0.833149
v 0.482618 0.837125 0.708455
v 0.489390 0.820790 0.689657
v -0.308213 0.890562 0.789656
v -0.884164 0.863083 -0.463672
v -0.886210 0.885872 -0.449398
v 0.097839 0.095255 -0.820882
v -0.117767 0.766998 0.869812
v -0.171176 0.796335 0.784415
v -0.205021 0.821862 0.768936
v -0.169692 0.774528 0.784231
v 0.675735 0.625347 0.561768
v 0.601346 1.040811 0.673588
v 0.738323 0.376107 -0.144463
v -0.075992 0.188499 1.007000
v 0.131867 0.614952 0.976986
v 0.834211 0.888303 -0.342588
v -0.661648 1.541666 -0.114135
v -0.601869 1.601327 -0.168018
v 0.336971 0.730364 0.752277
v 0.248306 0.734338 0.737355
v -0.746646 1.011225 0.088517
v -0.831118 0.879644 -0.307695
v 0.077843 0.200538 1.019164
v -0.819536 0.873227 -0.215356
v -0.164915 0.241185 -0.821231
v -0.219937 0.241185 -0.821806
v -0.043915 0.392464 1.064163
v -0.600863 1.563765 -0.538430
v -0.122019 -0.381870 -0.866539
v 0.230713 0.061935 0.898727
v 0.425659 -0.987628 0.050278
v 0.522668 -0.945805 -0.174764
v 0.313446 0.496597 0.842964
v -0.205658 -1.630155 -0.911537
v 0.238424 0.573517 0.834107
v -0.698593 -1.625372 -0.004395
v -0.784458 0.751396 -0.466840
v 0.535988 1.663122 -0.287407
v 0.439344 0.384884 -0.790333
v 0.341014 -0.282419 0.201240
v 0.453186 0.575455 -1.033691
v 0.356720 1.749451 -0.652221
v 0.341637 1.800163 -0.566696
v -0.283737 0.771507 0.757958
v 0.687977 1.518141 -0.406105
v -0.686413 0.555023 0.497192
v -0.686251 0.636951 0.552895
v 0.316803 1.556321 0.601502
v 0.222008 1.504499 -0.997637
v -0.428192 -0.333290 -0.568146
v -0.400950 -0.406013 -0.707535
v 0.214901 -0.310657 0.434418
v 0.164558 -0.354981 0.422569
v 0.168226 -0.336831 0.418430
v -0.356120 0.228138 -0.703371
v -0.655289 -1.607936 0.117981
v -0.889269 0.500206 -0.238464
v -0.880844 0.495022 -0.210365
v -0.289021 0.183113 -0.751766
v 0.008026 1.708374 0.385742
v 0.095079 1.727942 0.315018
v 0.653885 0.792614 0.501953
v 0.574329 -0.156044 -0.106216
v -0.719488 -1.041210 -0.061585
v -0.709429 -1.028351 -0.022198
v 0.597541 -0.131566 -0.153354
v 0.673023 0.298910 -0.132496
v -0.070217 -0.140620 0.938564
v 0.730879 0.293041 -0.069245
v -0.355187 0.554940 -1.116591
v -0.386414 -1.627862 -0.832062
v -0.479919 -1.618587 -0.767014
v -0.473969 -1.627300 -0.766663
v -0.534593 0.529329 0.739706
v -0.368050 0.977844 -1.115013
v -0.607689 0.022083 -0.098919
v 0.163837 0.242707 -0.822761
v -0.472549 -0.323608 -0.468170
v -0.483093 -0.243408 -0.441834
v 0.787891 0.483635 -0.351602
v 0.449112 -0.131073 0.536964
v 0.438734 -0.201351 0.518253
v 0.665318 0.627016 -0.821148
v -0.601189 -0.712311 -0.644531
v -0.866867 0.916548 -0.368223
v 0.918073 0.843448 -0.439247
v 0.637915 1.548927 -0.491699
v -0.048981 0.492150 1.162768
v -0.008713 1.677918 -0.787719
v -0.311319 1.787544 -0.066528
v 0.167409 1.585763 -0.900917
v 0.971027 0.603613 -0.465539
v 0.968888 0.627824 -0.478878
v 0.959039 0.688478 -0.485712
v -0.703511 -1.001194 -0.200524
v -0.707274 -1.008185 -0.186151
v -0.549789 -0.109039 0.345978
v 0.755939 0.836192 -0.056778
v 0.145432 -1.623687 -0.932011
v -0.896694 0.874034 -0.349798
v -0.544254 0.386190 0.647761
v -0.158751 -0.330837 0.556976
v -0.416641 0.336723 0.790329
v -0.415367 0.307350 0.787882
v 0.472198 -0.955658 -0.763031
v -0.177277 -0.914764 0.236542
v 0.784848 1.206026 -0.362229
v 0.219025 -1.014116 0.467087
v 0.705181 -1.622823 -0.393479
v -0.415702 -0.977757 0.044997
v 0.170429 1.836776 -0.329343
v 0.785644 0.835758 -0.443340
v -0.795033 0.764851 -0.458890
v 0.112003 0.029844 0.957643
v 0.113047 0.014953 0.955106
v -0.655396 -1.039745 0.111389
v 0.139545 0.029711 0.949589
v -0.627380 -1.031767 0.159332
v -0.627956 1.468018 0.266587
v -0.629113 1.368474 0.307080
v -0.548183 -0.696712 -0.186782
v -0.560871 -0.643824 -0.203321
v -0.562568 -0.630394 -0.212530
v 0.372953 1.754121 -0.113255
v 0.305359 1.787704 -0.050232
v -0.594667 0.217519 0.429617
v -0.638194 0.180868 0.314383
v 0.797685 0.893246 -0.330517
v 0.796574 0.896581 -0.280821
v 0.110413 1.753235 0.224121
v 0.117637 -0.139698 0.932045
v 0.133512 -0.141806 0.925017
v 0.794116 0.852024 -0.180847
v -0.024794 0.189248 1.020612
v -0.357239 -0.840321 0.096771
v 0.494377 -0.289230 -0.000092
v 0.733218 1.314891 -0.194179
v -0.685616 1.517212 -0.299438
v -0.681661 1.526752 -0.348648
v -0.688190 0.339879 -0.165363
v -0.674269 0.315123 -0.163718
v -0.515747 -1.630466 0.288116
v 0.675461 -1.613996 0.072662
v 0.652130 -1.617230 0.121063
v -0.936044 0.565033 -0.355366
v -0.748183 0.361239 -0.133924
v 0.675189 1.271481 0.169759
v 0.644369 1.347246 0.259687
v -0.988473 0.620010 -0.476900
v -0.988441 0.590869 -0.461309
v -0.983436 0.674729 -0.476903
v 0.530762 -1.619112 -0.717255
v -0.227935 0.256846 0.909660
v 0.199369 1.111091 0.954464
v -0.827460 0.633026 -0.292174
v -0.770424 0.765900 0.160523
v -0.745845 1.155368 -0.640439
v -0.124551 0.897071 0.920889
v 0.816122 0.726542 -0.135074
v 0.831503 0.750252 -0.157403
v 0.830246 0.734108 -0.153353
v -0.274523 1.105950 0.907133
v 0.844790 0.405083 -0.327050
v 0.339349 0.758388 0.750283
v -0.741630 1.288383 -0.158651
v 0.294603 0.753746 0.736580
v 0.211027 0.768441 0.724722
v 0.233531 0.769030 0.717364
v 0.750324 0.712501 0.295349
v 0.786063 0.753596 -0.469100
v 0.074528 -0.337784 0.466461
v 0.204056 -1.610062 0.490288
v 0.166016 -1.624447 0.496597
v 0.259232 -1.615769 0.471374
v 0.097588 0.709801 0.987267
v 0.017411 -1.627466 0.514910
v 0.093901 -0.060650 0.886207
v -0.016406 -0.027567 0.920868
v -0.000618 -0.059453 0.895583
v -0.596827 1.027237 0.687267
v -0.062286 -0.056523 0.892733
v 0.105610 -1.022501 0.506778
v 0.708073 1.051445 -0.829037
v 0.697853 0.961762 -0.846462
v -0.890400 0.595400 -0.355176
v -0.644377 0.607601 -0.835567
v -0.587616 0.601006 -0.894684
v 0.356039 0.555974 -1.118724
v 0.174231 0.396166 0.902079
v 0.207747 0.457554 0.865734
v 0.203725 0.470303 0.869146
v -0.563572 0.734217 -0.940017
v 0.145051 -0.347293 0.463764
v 0.129664 -0.348840 0.465387
v -0.131252 -0.644897 0.314483
v 0.356196 1.278443 -1.066437
v -0.723720 -1.146152 -0.276772
v -0.210678 -0.042740 0.872040
v 0.004649 0.340502 0.993269
v 0.041550 0.329297 0.986213
v 0.065167 0.351467 0.991127
v -0.483002 -0.168083 0.443588
v -0.887910 0.863049 -0.376990
v -0.711189 -1.133579 -0.026526
v 0.461823 0.681579 0.682282
v 0.668489 0.018322 0.117268
v 0.687815 0.098045 0.134032
v -0.701488 -0.992303 -0.208386
v -0.556933 -0.257327 -0.094907
v -0.725153 0.308875 -0.051421
v 0.694054 0.317245 -0.292176
v -0.719079 0.148769 0.033066
v -0.364571 0.581642 -1.121731
v 0.702661 0.370860 -0.279173
v 0.491982 -0.833986 -0.090531
v -0.522129 -0.463585 -0.392822
v 0.548940 -0.007393 -0.397539
v 0.472081 -0.987074 -0.008404
v -0.472595 -0.938366 -0.763825
v 0.597384 -0.312317 -0.234587
v -0.267731 0.082741 0.874825
v 0.970067 0.640990 -0.472944
v 0.468352 0.754115 0.670081
v -0.689865 -1.613057 -0.454499
v 0.101990 0.905355 0.932451
v -0.441757 -0.643738 -0.801407
v -0.414917 0.398407 0.793594
v 0.134224 -0.779221 0.284326
v 0.169523 -0.747950 0.256310
v 0.242718 0.786144 0.743279
v -0.261185 1.675690 0.417359
v -0.796150 0.612202 -0.463158
v -0.102112 -0.887985 -0.919098
v -0.200459 -0.317574 0.384228
v -0.208801 -0.324316 0.359604
v -0.165974 -0.337668 0.423057
v -0.148816 -0.339194 0.465771
v 0.500914 -0.104733 0.032356
v 0.564247 -0.017403 -0.042320
v 0.105556 -0.606239 0.362915
v 0.009052 -0.875845 0.274069
v 0.562722 -0.631698 -0.211660
v -0.100098 -0.294830 -0.855045
v -0.092049 0.416863 1.025740
v -0.323721 -0.294056 0.209415
v -0.000580 1.813198 -0.557266
v 0.696573 0.640246 0.534230
v 0.699935 0.603271 0.504753
v -0.786919 0.624219 -0.187122
v -0.383034 0.570934 -1.104149
v 0.591814 1.099502 0.650452
v -0.513493 -0.601692 -0.093392
v 0.794209 0.946293 -0.306185
v 0.618991 1.374249 -0.763957
v -0.689758 0.966644 -0.853287
v -0.143581 0.029417 0.947523
v 0.781570 0.466508 -0.321028
v -0.514175 -1.598576 0.309524
v -0.140819 -0.384823 0.456272
v -0.119736 -0.357241 0.462928
v 0.434320 1.480161 -0.894932
v 0.450317 1.479836 -0.875488
v -0.856204 0.813353 -0.442148
v -0.850371 0.846600 -0.415819
v -0.832640 0.874702 -0.348209
v -0.583847 1.142456 0.609589
v -0.596128 1.048660 0.672600
v -0.704491 1.474228 -0.539047
v 0.114810 -0.335759 0.472713
v 0.146860 -0.338514 0.477372
v 0.159054 -0.334508 0.447145
v 0.565559 0.958893 0.708534
v -0.972434 0.702816 -0.480484
v -0.726291 -1.436583 -0.268836
v 0.313644 -0.131615 -0.702179
v 0.253284 -0.210607 0.786004
v 0.198456 -0.274170 0.821518
v 0.256607 -0.263004 0.762161
v -0.866802 0.492754 -0.176672
v -0.852480 0.434338 -0.169445
v -0.850580 0.350070 -0.211559
v -0.679504 1.317383 -0.744568
v 0.199400 1.282959 0.851929
v -0.608650 1.567665 -0.516421
v 0.278992 1.731567 0.236573
v 0.287394 0.562164 -1.143733
v 0.051451 -0.142219 0.940880
v -0.031799 -0.144297 0.942071
v 0.035141 -0.611114 -0.909815
v -0.673501 -0.887015 -0.232665
v 0.215215 0.763474 0.725605
v 0.235414 0.758851 0.733107
v 0.204777 0.759608 0.739399
v 0.428871 -0.207079 0.524872
v 0.050992 -0.318570 0.694447
v -0.057316 -0.319760 0.684090
v 0.568683 -0.610159 -0.346799
v -0.703077 0.386660 -0.307812
v -0.365064 1.713074 -0.703521
v 0.825701 0.625777 -0.231595
v -0.472583 1.340272 -0.939381
v -0.596434 0.209607 -0.424942
v 0.676470 0.121824 -0.056937
v 0.887505 0.879049 -0.470440
v 0.892740 0.841278 -0.490158
v 0.624838 0.082413 -0.085159
v -0.045868 1.498192 -0.992859
v -0.648041 1.514229 0.105713
v -0.853925 0.789935 -0.446012
v -0.844656 0.810627 -0.437267
v 0.743958 1.299575 -0.534981
v 0.187168 0.978061 0.934219
v 0.229095 -0.318611 0.332825
v 0.005691 -0.414265 0.447735
v -0.076675 -0.468033 0.428547
v 0.222603 0.240471 -0.820662
v -0.198975 -1.159241 -0.914604
v 0.089973 0.776695 0.905045
v 0.584839 -0.880615 -0.638947
v 0.781244 0.778868 -0.468466
v 0.136948 1.782318 0.100220
v 0.060425 1.754425 0.230469
v 0.453306 -0.981106 0.003160
v -0.230705 0.844360 0.772607
v -0.681427 0.324022 -0.188940
v -0.676750 0.311725 -0.150654
v -0.587765 1.289673 0.494019
v 0.575773 0.534145 -0.806072
v -0.260605 -0.261230 0.758026
v -0.236038 -0.276703 0.773071
v 0.794280 0.898663 -0.329511
v -0.674447 -1.403528 -0.481252
v -0.118187 -0.644439 0.316904
v 0.130767 -0.642658 0.316396
v -0.358835 1.270935 -1.067566
v -0.384963 -0.248728 -0.615743
v 0.452226 1.134129 0.751484
v 0.286026 -0.255097 0.725967
v 0.850778 0.829490 -0.436924
v -0.831499 0.459614 -0.334495
v 0.441620 0.277908 -0.643921
v -0.782734 0.621830 -0.463091
v -0.769785 0.591101 -0.464756
v 0.277779 1.505894 -0.994640
v -0.831027 0.760916 -0.261532
v -0.589859 -0.070007 0.283676
v 0.814120 0.525158 -0.207292
v 0.825189 0.460256 -0.172184
v 0.812919 0.493320 -0.185277
v 0.871185 0.889984 -0.257500
v -0.173126 -0.738953 0.254425
v -0.447418 1.022495 0.828522
v -0.060320 0.319662 0.985754
v -0.556607 -0.576608 -0.349440
v 0.922972 0.834323 -0.447401
v 0.607424 1.509861 -0.612045
v -0.428715 -0.986835 0.044601
v 0.350729 1.456558 -1.006325
v 0.054550 1.145618 -1.097871
v 0.365814 -0.225617 0.616180
v 0.758807 0.430348 -0.206853
v 0.743090 0.388603 -0.157561
v -0.133308 -1.013038 0.486290
v 0.517012 -0.976631 -0.154066
v -0.669012 0.762680 -0.843971
v 0.769676 1.026642 -0.536590
v -0.493492 0.855102 0.653519
v -0.472248 0.883990 0.682970
v -0.349673 -0.357703 -0.759038
v 0.246540 0.773790 0.720100
v -0.911842 0.678671 -0.507752
v 0.563212 -0.678268 -0.201938
v 0.543970 -0.769947 -0.192836
v 0.560059 -0.097084 0.306847
v 0.297203 1.039905 0.931726
v 0.376968 0.854013 0.781624
v 0.672937 -0.889248 -0.232030
v 0.173182 1.831059 -0.228988
v -0.707401 1.050614 -0.831035
v 0.852923 0.792219 -0.448462
v 0.608215 -1.612014 0.196594
v -0.562627 -0.609189 -0.210142
v 0.705609 -0.996274 -0.207518
v -0.275536 1.506964 -0.993328
v -0.340580 1.488758 -0.992248
v 0.486532 0.784724 0.646541
v 0.507420 1.281821 -0.931033
v 0.315430 0.115049 0.838356
v -0.282341 -0.256958 0.731155
v -0.395512 -0.219187 0.573517
v -0.058340 0.476568 1.150463
v 0.578343 -0.286532 -0.152158
v -0.702294 0.090250 -0.019112
v 0.082898 0.520443 1.108965
v -0.141798 1.832067 -0.428643
v 0.773132 0.376696 -0.200684
v 0.797697 0.376161 -0.244265
v -0.697746 0.061018 0.032398
v 0.689781 -0.940994 -0.413376
v -0.547226 -0.312653 -0.334351
v -0.365737 1.676148 -0.756714
v -0.655151 1.507072 0.090607
v -0.663043 1.522583 -0.034481
v 0.858440 0.731293 -0.316658
v -0.238617 0.561566 -1.147200
v -0.833838 0.509526 -0.149918
v -0.295105 0.223598 0.863556
v -0.030313 0.118789 0.927750
v -0.083119 0.123423 0.927165
v 0.032238 0.119056 0.927526
v 0.673744 0.382912 0.374680
v 0.738396 0.553707 -0.522781
v -0.950020 0.485344 -0.357101
v 0.617004 0.753540 0.565491
v 0.769730 0.523890 -0.412800
v 0.582227 1.185480 0.563389
v 0.581129 1.214744 0.545670
v -0.106744 -0.062752 0.882654
v -0.275398 -0.265306 0.731312
v -0.200058 -0.275513 0.819366
v -0.152563 -0.280697 0.859507
v 0.410103 0.686058 0.736870
v 0.653897 0.611353 -0.831274
v -0.537963 -0.580154 -0.552327
v -0.876104 0.908213 -0.420242
v 0.797524 0.613053 -0.462761
v -0.662430 0.680611 -0.836170
v -0.068953 0.128562 0.927810
v -0.000405 0.123157 0.943027
v 0.250361 0.759228 0.736998
v 0.248429 0.768159 0.721187
v 0.576347 0.553383 0.712807
v 0.085712 0.461937 1.118939
v 0.097304 0.442611 1.084847
v -0.527213 0.813636 0.603285
v 0.688459 0.350675 -0.171331
v 0.724173 0.401606 -0.185699
v -0.703367 1.322287 0.012087
v 0.907262 0.792117 -0.444364
v 0.335594 -0.188660 -0.684799
v 0.357796 -0.252283 -0.674698
v -0.553118 0.737918 0.600759
v -0.522415 0.718719 0.621269
v -0.815088 0.884119 -0.287157
v -0.808069 0.881243 -0.325004
v 0.448196 -0.202635 0.486283
v 0.524950 -0.485649 -0.401848
v 0.495850 0.276680 0.609009
v 0.539688 0.307838 0.549896
v 0.310004 -0.645862 0.147495
v 0.161624 -0.322763 0.671562
v -0.647537 0.345854 -0.394005
v 0.901950 0.766157 -0.505188
v 0.732139 -1.610539 -0.206867
v -0.114410 0.129017 0.918159
v -0.034565 -0.648947 0.302118
v -0.359787 0.211304 0.820915
v 0.442062 -1.032781 0.369613
v -0.838822 0.740357 -0.255223
v 0.652802 0.349842 -0.385345
v -0.088455 0.206897 1.019665
v -0.495758 -0.376106 -0.017961
v -0.426455 0.669848 0.716533
v -0.455292 0.682007 0.683243
v -0.582394 -0.104256 -0.104828
v -0.256592 0.063461 -0.770782
v -0.531696 -0.871551 -0.184096
v -0.714226 1.468341 -0.518934
v -0.705069 1.488953 -0.493416
v -0.365517 1.153229 -1.091873
v 0.530776 -0.930383 -0.182222
v 0.356117 0.902885 0.760796
v 0.784831 0.862301 -0.415741
v 0.699089 -1.002162 -0.196985
v -0.888352 0.372336 -0.283315
v -0.062136 0.815742 0.963959
v 0.737934 0.696690 0.372604
v -0.628639 -0.029324 0.213371
v 0.904826 0.656841 -0.510849
v 0.649979 0.620800 -0.841545
v 0.721114 0.243389 -0.050354
v -0.668524 -1.025111 0.078857
v 0.206467 -0.038330 0.876480
v 0.305791 0.103933 0.844849
v 0.302506 0.121994 0.849847
v 0.858643 0.492174 -0.213293
v 0.527064 0.079487 -0.457124
v 0.236086 0.628349 0.809641
v -0.802992 0.604660 -0.224243
v -0.856794 0.893494 -0.271786
v -0.446335 0.244545 0.717575
v -0.340650 -0.288638 0.190748
v 0.849708 0.522770 -0.411970
v -0.348312 0.187569 0.825115
v -0.527187 -0.938382 -0.179663
v 0.200331 -0.057693 -0.826458
v -0.525638 -0.973478 -0.168033
v -0.614626 0.823134 0.554266
v -0.659205 0.830867 0.544076
v 0.794317 0.450741 -0.300537
v 0.819969 0.427891 -0.297005
v 0.717988 1.122279 0.067829
v -0.547345 0.501480 -0.796368
v 0.031557 -0.064927 0.894585
v 0.691189 1.439552 -0.130279
v 0.699734 1.455992 -0.265365
v 0.719244 1.194916 -0.775558
v 0.358753 0.577942 -1.128656
v 0.382080 0.568100 -1.105408
v -0.724654 0.354834 -0.133715
v 0.290199 0.190512 -0.752808
v -0.150688 0.825294 0.824867
v 0.218100 0.869633 0.790646
v 0.394040 1.664748 -0.720422
v 0.370478 1.691849 -0.732315
v 0.207695 0.173103 -0.817239
v 0.339208 1.806618 -0.548057
v 0.400906 -0.234938 0.339767
v -0.042284 0.583061 1.115029
v -0.559631 0.352085 -0.523804
v 0.640228 -1.014695 0.110840
v -0.583694 -0.172760 -0.134094
v 0.021217 0.189113 1.020720
v -0.000258 0.175972 1.015034
v -0.937735 0.858624 -0.453480
v -0.544014 -0.769062 -0.192799
v -0.562672 -0.690809 -0.201101
v 0.078922 0.352838 0.979122
v 0.125961 0.377214 0.933945
v -0.881477 0.863421 -0.331478
v -0.056021 -0.686636 0.297631
v 0.396019 0.891804 0.743248
v 0.392380 0.897588 0.745636
v -0.858236 0.747759 -0.453493
v -0.153847 0.748230 0.813817
v -0.336766 0.849128 0.803620
v 0.141434 0.127672 0.908012
v 0.059978 0.800518 0.968590
v 0.823555 0.629686 -0.221290
v -0.586694 -0.657229 -0.307118
v -0.790169 0.627665 -0.227857
v 0.758386 0.364523 -0.112634
v -0.111116 -0.517601 0.414081
v 0.748869 0.375049 -0.149891
v -0.198776 1.834182 -0.370529
v 0.483733 0.868533 0.690009
v 0.069718 0.347393 0.984898
v 0.805568 0.549846 -0.427955
v 0.714752 0.201599 0.141449
v 0.103687 -0.510948 0.418335
v 0.429138 -1.616000 -0.807648
v -0.603638 -1.375244 -0.622895
v 0.784810 0.620637 -0.129497
v -0.755040 0.437532 -0.285940
v -0.801131 0.830194 -0.106232
v -0.810604 0.684242 -0.141363
v 0.312630 0.900803 0.781664
v 0.285228 1.157177 0.866789
v 0.608559 0.033736 -0.075686
v 0.385934 0.506192 0.814879
v -0.610181 0.035517 -0.081019
v -0.609512 0.034322 -0.086039
v 0.067593 0.129087 0.928265
v 0.091696 0.128549 0.925073
v 0.172586 0.402065 0.906395
v -0.513550 0.581566 -0.968841
v 0.697093 0.352081 -0.281599
v 0.915969 0.584507 -0.358316
v -0.606888 1.392489 -0.762790
v -0.315308 -0.205574 -0.724823
v -0.420457 0.681395 0.718202
v -0.797095 0.667626 -0.125873
v -0.307953 0.901473 0.784427
v -0.001201 0.109339 0.932828
v -0.198578 1.312744 0.835388
v 0.793189 0.724178 -0.117592
v 0.001166 0.245257 -0.828025
v -0.856636 0.400364 -0.334282
v 0.929501 0.501679 -0.395744
v 0.952738 0.547211 -0.435303
v 0.966257 0.575874 -0.447032
v 0.875470 0.926557 -0.402220
v 0.873296 0.911995 -0.428909
v 0.850825 0.854527 -0.412399
v 0.611989 0.041509 -0.080416
v -0.428497 -0.523910 -0.797722
v -0.139223 -0.345985 0.468160
v 0.047024 0.600647 1.094231
v -0.595833 1.335144 0.448487
v -0.858434 0.606149 -0.457889
v 0.220854 0.227203 -0.815922
v -0.710495 1.159790 -0.803955
v 0.803905 0.875257 -0.239633
v 0.562851 0.353623 -0.519791
v -0.708336 0.951086 0.306636
v -0.388889 0.681520 0.723226
v -0.212219 0.151658 -0.815205
v 0.755497 0.387170 -0.173469
v 0.434662 0.783487 0.718079
v 0.160894 0.392958 0.913043
v 0.477663 0.831190 0.709845
v 0.841606 0.474487 -0.363190
v 0.128387 -0.062578 0.872604
v 0.770401 0.578333 -0.457441
v 0.062096 0.829529 0.959213
v 0.337360 -0.990278 0.131782
v -0.187035 0.273415 -0.859894
v -0.292553 0.897127 0.788693
v 0.903286 0.878768 -0.383026
v 0.438461 0.320618 0.712540
v 0.252115 0.772464 0.718649
v 0.864489 0.598208 -0.459313
vn -0.987700 -0.063500 0.143100
vn -0.171600 0.004000 -0.985200
vn 0.877500 0.478200 0.036300
vn -0.000700 -1.000000 -0.000500
vn 0.642200 -0.174700 0.746400
vn -0.738000 -0.274300 -0.616600
vn -0.568400 0.819500 0.073400
vn -0.690100 0.620400 -0.372500
vn -0.676500 -0.284000 0.679400
vn -0.024500 0.506800 0.861700
vn 0.627300 0.336300 0.702400
vn -0.984500 0.115200 -0.132100
vn -0.001900 -1.000000 0.000500
vn 0.000700 -1.000000 -0.000500
vn 0.764400 0.004000 0.644700
vn 0.030100 0.999500 -0.001100
vn -0.975700 -0.018600 0.218400
vn 0.634200 0.072700 -0.769700
vn 0.000000 -0.997400 0.072200
vn -0.019000 0.999800 0.004700
vn 0.006300 0.999900 0.010400
vn -0.382900 0.478400 0.790200
vn 0.925700 0.063500 -0.373000
vn -0.617200 -0.296200 -0.729000
vn -0.347500 -0.523600 0.777900
vn -0.925700 0.061800 -0.373200
vn 0.916000 -0.115500 0.384200
vn 0.036200 0.900100 0.434200
vn 0.014700 0.531500 0.846900
vn -0.001000 -1.000000 0.001500
vn 0.372700 0.034300 -0.927300
vn 0.404500 -0.582200 0.705200
vn 0.966700 -0.148000 -0.208900
vn -0.010700 -0.998900 0.044900
vn -0.004300 0.047900 -0.998800
vn 0.807100 0.078100 -0.585300
vn -0.178800 0.977800 0.109400
vn 0.620500 -0.783000 -0.043800
vn -0.372800 -0.688600 0.622000
vn 0.530700 0.842100 0.095600
vn 0.917900 -0.081600 0.388300
vn 0.696700 0.475600 0.537000
vn 0.969700 0.142400 0.198700
vn -0.473300 0.653600 0.590500
vn -0.961500 -0.113900 -0.250000
vn -0.966000 -0.156800 0.205700
vn -0.000000 -1.000000 -0.000300
vn -0.524900 0.782800 0.334100
vn -0.857300 -0.217800 0.466500
vn 0.982800 0.118700 -0.141700
vn 0.625300 0.236800 0.743600
vn 0.635400 0.070500 -0.768900
vn -0.784800 -0.237800 0.572300
vn 0.398500 -0.635900 0.660900
vn -0.002200 0.177800 -0.984100
vn 0.015700 0.997100 -0.074700
vn -0.760300 -0.324700 0.562600
vn -0.185000 0.112200 0.976300
vn 0.222500 -0.894400 -0.387900
vn -0.991600 -0.120600 0.046800
vn -0.465700 0.032000 0.884300
vn 0.428600 -0.901400 0.060500
vn 0.168900 0.961900 -0.215000
vn -0.977100 0.144600 -0.156000
vn 0.001300 0.289300 -0.957200
vn -0.835400 0.545000 0.071600
vn -0.635200 0.293700 -0.714300
vn -0.811200 -0.336300 0.478400
vn -0.350900 -0.039700 0.935600
vn 0.613300 0.047700 0.788400
vn -0.143300 0.979200 0.143500
vn -0.718400 0.515000 0.467700
vn -0.511600 -0.649800 0.562200
vn -0.732800 -0.238000 0.637500
vn 0.999100 -0.041400 0.000500
vn 0.141300 0.021700 -0.989700
vn -0.810600 0.010600 -0.585500
vn 0.769900 -0.270200 0.578200
vn 0.514500 0.818300 0.256200
vn 0.966400 0.246200 0.073800
vn 0.866900 0.474500 0.152800
vn 0.723100 0.357200 0.591200
vn 0.124900 0.981400 0.145700
vn 0.115400 0.942600 0.313400
vn -0.982300 0.005000 -0.187100
vn 0.713100 0.007000 0.701000
vn -0.682400 -0.264600 -0.681300
vn 0.806200 0.283400 0.519300
vn -0.734200 -0.677000 -0.050900
vn 0.586600 -0.050500 -0.808300
vn 0.002400 -1.000000 -0.002000
vn 0.749900 0.094700 0.654800
vn -0.547700 -0.523800 0.652400
vn -0.386800 0.481600 0.786400
vn 0.191700 0.049500 -0.980200
vn 0.539800 0.244600 0.805400
vn -0.589700 -0.123500 0.798200
vn 0.837400 -0.519400 0.170500
vn 0.352100 0.364500 0.862100
vn 0.103400 -0.092600 0.990300
vn -0.940300 0.324800 0.101800
vn -0.668700 0.720400 -0.184200
vn 0.771400 -0.307800 0.557000
vn -0.166400 -0.748000 0.642500
vn 0.150700 -0.609600 0.778300
vn 0.467000 -0.255200 0.846600
vn 0.808000 -0.178000 0.561600
vn 0.541000 0.580400 0.608700
vn 0.451700 -0.549900 0.702500
vn -0.939800 0.202700 0.275000
vn -0.136900 -0.416100 0.898900
vn -0.004500 0.505600 0.862800
vn -0.043900 0.999000 -0.001200
vn 0.800800 0.574000 -0.170900
vn -0.762100 0.034600 -0.646500
vn 0.058300 0.556700 0.828600
vn -0.636500 0.056700 0.769200
vn -0.935500 0.052200 0.349400
vn -0.002100 -1.000000 -0.007400
vn -0.801700 0.006700 0.597700
vn 0.915700 -0.073200 0.395200
vn -0.116100 -0.049100 -0.992000
vn -0.760900 0.586500 -0.277600
vn -0.691200 -0.071100 -0.719200
vn -0.832400 0.277500 0.479700
vn -0.167000 0.097000 -0.981200
vn -0.785600 0.556300 -0.270900
vn -0.882600 0.468800 0.034800
vn -0.969400 0.211100 0.125400
vn 0.871800 -0.259300 -0.415500
vn -0.883700 0.053300 0.465000
vn -0.764300 -0.074500 -0.640500
vn -0.870700 -0.034300 0.490700
vn -0.334500 0.103200 0.936700
vn -0.335200 -0.689100 -0.642500
vn -0.531800 -0.356600 0.768100
vn -0.870500 -0.196500 0.451300
vn -0.277000 -0.948900 -0.151300
vn 0.955100 0.248200 -0.162100
vn 0.823600 0.333100 -0.459100
vn -0.114900 0.540400 0.833500
vn 0.871000 0.285800 -0.399600
vn 0.885600 -0.399800 -0.236500
vn 0.006000 -0.999900 0.010300
vn -0.140100 0.021200 -0.989900
vn -0.069200 -0.087000 0.993800
vn 0.022500 0.334700 0.942100
vn 0.064800 0.995100 0.074400
vn -0.820900 -0.168900 -0.545600
vn -0.000900 -1.000000 -0.001200
vn -0.727400 -0.292300 0.620800
vn -0.218900 0.959600 0.176500
vn -0.544700 0.799000 0.254900
vn -0.932700 -0.238700 -0.270400
vn 0.655400 0.397500 -0.642200
vn 0.908900 0.263300 -0.323500
vn -0.614600 -0.139400 0.776400
vn -0.144700 -0.931400 -0.334100
vn 0.075300 -0.099600 0.992200
vn 0.999600 0.004500 -0.027600
vn -0.993700 -0.027400 -0.108500
vn -0.950900 -0.114300 -0.287600
vn 0.200800 0.110200 -0.973400
vn -0.840500 -0.519800 -0.152900
vn -0.834600 -0.306900 -0.457500
vn -0.499700 0.526200 0.688000
vn 0.295900 -0.182100 0.937700
vn -0.071200 0.952800 0.295000
vn -0.755700 -0.008400 0.654800
vn -0.865500 -0.211300 0.454100
vn -0.604600 -0.792900 -0.076300
vn -0.982300 0.016800 -0.186800
vn -0.907100 0.400600 0.129400
vn 0.829100 -0.225600 0.511500
vn 0.704200 0.279400 0.652700
vn 0.925800 -0.260400 0.273900
vn -0.012600 -0.942300 -0.334400
vn -0.275300 -0.720500 -0.636400
vn -0.082000 0.951000 0.298200
vn 0.105400 0.962900 0.248600
vn 0.676000 0.061200 -0.734400
vn -0.612600 0.361600 0.702900
vn 0.121700 0.313400 0.941800
vn -0.028200 -0.833900 0.551100
vn -0.531000 0.842200 0.093500
vn -0.002300 0.354700 0.935000
vn 0.678800 -0.488100 0.548700
vn 0.466000 0.746400 0.475200
vn 0.149100 -0.241000 0.959000
vn -0.846600 -0.319700 0.425500
vn -0.873000 -0.200400 0.444600
vn -0.080000 0.784400 -0.615000
vn -0.847100 0.086200 0.524400
vn -0.760700 -0.077900 0.644400
vn -0.441100 -0.550200 0.709000
vn 0.799200 -0.099900 0.592700
vn -0.986900 0.048000 -0.153900
vn -0.591400 -0.658900 -0.464900
vn 0.524600 0.777400 0.347100
vn 0.839400 0.525900 -0.137200
vn 0.899400 -0.124100 -0.419200
vn -0.536200 -0.025800 -0.843700
vn -0.045400 -0.139900 0.989100
vn -0.801600 0.009300 -0.597800
vn -0.883200 0.367100 -0.291700
vn -0.276200 -0.950300 -0.144000
vn -0.737000 -0.672400 -0.068700
vn -0.731300 -0.073200 0.678100
vn -0.046500 -0.998800 0.015200
vn -0.982500 -0.010700 0.185900
vn -0.577800 -0.659900 -0.480300
vn -0.644900 -0.714000 -0.272700
vn 0.963100 0.031900 0.267300
vn -0.504000 0.283400 0.815900
vn -0.812800 0.051600 -0.580200
vn 0.913200 0.395200 0.099600
vn 0.954100 -0.149900 -0.259100
vn 0.671100 -0.496000 0.551000
vn -0.730600 0.074000 -0.678700
vn 0.680300 -0.315600 0.661500
vn 0.309900 -0.572100 0.759400
vn -0.964800 -0.250300 0.080700
vn -0.987500 -0.117700 0.104800
vn -0.023100 0.560200 0.828100
vn -0.131000 0.140000 -0.981400
vn -0.786500 0.403100 -0.467800
vn 0.916500 0.265500 0.299300
vn -0.691200 0.068500 0.719500
vn -0.985400 -0.055100 0.161200
vn 0.953500 0.098800 0.284700
vn 0.587700 0.444200 0.676200
vn -0.921600 -0.348000 0.171700
vn 0.974200 0.113100 -0.195100
vn -0.822400 -0.107700 -0.558600
vn -0.899700 0.065000 -0.431600
vn -0.763700 -0.243900 0.597700
vn -0.536800 0.023700 0.843400
vn 0.684100 -0.646600 -0.337500
vn 0.610700 -0.696500 -0.376800
vn 0.721100 0.692500 0.020700
vn 0.883300 0.009600 0.468700
vn -0.747500 0.013200 0.664200
vn -0.419900 -0.904300 -0.077200
vn -0.792200 -0.032300 0.609400
vn 0.945000 0.129200 0.300600
vn 0.002200 -1.000000 -0.000900
vn -0.966800 0.248700 0.058900
vn -0.448900 -0.718500 -0.531200
vn -0.693100 -0.052300 -0.718900
vn -0.384400 -0.690400 0.612900
vn -0.974300 0.179300 0.136400
vn -0.960100 -0.103900 -0.259600
vn 0.887900 -0.266000 0.375500
vn 0.958800 -0.212300 0.188900
vn 0.893700 0.253600 0.370200
vn 0.114400 0.819900 -0.561000
vn -0.022400 -0.748800 -0.662400
vn 0.622700 -0.509600 -0.593800
vn -0.459600 0.778100 -0.428100
vn 0.258700 0.793300 0.551200
vn -0.768000 -0.206800 0.606100
vn 0.439500 0.224100 -0.869900
vn 0.966800 -0.075200 0.244300
vn -0.546200 -0.042400 0.836600
vn 0.545700 -0.149700 0.824500
vn 0.406200 -0.773500 0.486500
vn 0.924300 -0.015000 -0.381500
vn 0.848100 0.094400 -0.521300
vn 0.765700 0.490600 0.416000
vn 0.775600 -0.079700 0.626200
vn 0.616400 0.170600 0.768700
vn 0.795700 -0.220800 0.563900
vn 0.242100 -0.686900 0.685300
vn 0.695400 -0.250800 -0.673500
vn 0.133800 0.970200 0.202100
vn 0.498500 0.840900 0.210700
vn -0.358600 -0.645500 0.674300
vn -0.651900 0.193700 0.733100
vn 0.738800 -0.282100 0.612000
vn -0.447000 0.236700 -0.862600
vn -0.321300 0.730800 -0.602200
vn 0.829300 0.483400 0.280200
vn -0.910300 0.164100 0.379900
vn -0.733100 -0.226000 0.641500
vn -0.026400 0.880300 0.473600
vn 0.777200 0.015300 -0.629100
vn 0.700700 -0.076000 -0.709400
vn 0.397500 0.795500 0.457400
vn 0.627400 0.328800 0.705900
vn 0.893900 0.041200 0.446300
vn -0.957600 0.131300 0.256300
vn -0.697800 0.510300 -0.502600
vn -0.786600 -0.200000 0.584200
vn -0.771900 -0.272500 0.574400
vn -0.016100 -0.002800 -0.999900
vn 0.775500 -0.099800 -0.623400
vn -0.599400 0.688400 -0.408500
vn -0.960900 -0.264300 0.083100
vn -0.022200 0.515100 0.856900
vn -0.897700 -0.123100 -0.423000
vn -0.881600 0.467200 -0.066700
vn 0.174200 -0.751000 -0.636800
vn 0.983200 0.103700 -0.150200
vn 0.263500 0.532400 0.804500
vn 0.334900 -0.541400 0.771200
vn -0.202100 0.864300 0.460500
vn -0.180100 -0.800300 0.571900
vn -0.024500 0.335900 0.941600
vn -0.897400 0.376400 0.230200
vn -0.516000 0.579200 0.631100
vn -0.618400 0.761100 0.195900
vn 0.101200 0.993900 0.044900
vn 0.191500 0.344500 0.919000
vn 0.880100 0.446100 0.162400
vn 0.653300 0.234000 -0.720000
vn -0.894500 0.112900 0.432600
vn -0.214200 0.267000 0.939600
vn -0.099900 -0.730600 -0.675400
vn -0.155500 -0.036700 -0.987100
vn 0.677000 0.567300 0.468900
vn 0.713900 -0.134000 0.687300
vn 0.260600 0.723800 -0.638900
vn -0.903200 0.218600 -0.369400
vn 0.400200 0.480200 0.780500
vn -0.025800 0.127200 -0.991500
vn -0.630300 0.126900 -0.765900
vn 0.422500 0.835900 0.350300
vn 0.711300 0.005400 0.702900
vn -0.675100 -0.275000 0.684500
vn -0.428300 -0.901900 0.055600
vn -0.668300 0.561200 0.488200
vn -0.367700 -0.909200 0.195500
vn -0.172700 0.623700 -0.762400
vn 0.640300 0.248100 0.727000
vn -0.262100 0.260100 0.929300
vn -0.519800 0.701200 0.487900
vn -0.024900 -0.985700 0.166500
vn -0.896300 -0.199500 0.396000
vn 0.861600 -0.134600 -0.489500
vn -0.850400 -0.042200 0.524500
vn 0.941100 -0.153800 -0.301100
vn 0.764900 -0.343200 0.545100
vn -0.618500 -0.009000 0.785700
vn 0.547100 0.544700 0.635600
vn 0.153500 -0.870600 0.467400
vn -0.722300 -0.587500 -0.364900
vn 0.077800 -0.995300 -0.058400
vn 0.227000 -0.814400 0.534000
vn -0.102300 -0.572600 0.813400
vn 0.080100 -0.996500 -0.022300
vn -0.920200 -0.275600 0.278100
vn -0.639700 -0.600200 -0.480200
vn 0.506500 -0.856700 0.097700
vn 0.693500 0.452800 0.560400
vn -0.016900 0.459700 0.887900
vn 0.824500 -0.084600 -0.559500
vn 0.081500 -0.014700 -0.996600
vn 0.960800 -0.230100 0.154600
vn -0.028600 0.032400 -0.999100
vn 0.114600 0.546200 0.829800
vn 0.590800 0.521600 0.615500
vn 0.445000 0.483500 0.753800
vn 0.747500 -0.196800 0.634400
vn 0.933600 -0.086000 0.347900
vn -0.671700 -0.580900 -0.459800
vn 0.475900 -0.830400 0.289900
vn 0.888300 0.420100 0.185400
vn -0.366400 0.032000 -0.929900
vn -0.891500 -0.121200 -0.436400
vn -0.331600 -0.694300 0.638700
vn 0.973800 -0.227300 -0.000300
vn 0.098600 0.178700 -0.979000
vn -0.127900 -0.045600 0.990700
vn 0.834100 0.303500 0.460600
vn 0.537200 0.417200 0.733000
vn 0.037700 -0.693700 -0.719300
vn 0.499800 -0.690200 -0.523300
vn -0.076400 0.101200 -0.991900
vn -0.818700 -0.094200 0.566400
vn -0.740700 -0.173700 0.649000
vn 0.108500 0.942400 -0.316500
vn 0.886700 0.427900 0.175200
vn -0.922800 0.165300 0.348100
vn -0.664700 0.399500 0.631400
vn -0.466600 -0.504400 0.726500
vn -0.562200 -0.347700 -0.750300
vn 0.645900 -0.627400 -0.435000
vn 0.560900 -0.662200 -0.496900
vn 0.709200 -0.112000 -0.696000
vn 0.593500 0.415700 0.689100
vn 0.874000 0.177500 0.452400
vn 0.632800 0.078500 -0.770300
vn 0.975000 -0.054800 -0.215500
vn -0.931100 0.023900 -0.364000
vn -0.876800 0.010100 -0.480800
vn 0.102400 0.991800 -0.076900
vn -0.758900 -0.206600 -0.617500
vn -0.124000 0.085500 -0.988600
vn -0.952800 0.270700 -0.137700
vn 0.011700 0.320100 -0.947300
vn 0.398600 -0.746200 0.533200
vn 0.038800 0.750900 -0.659300
vn 0.037000 0.362600 -0.931200
vn 0.667700 -0.638300 -0.383000
vn -0.135700 -0.027100 -0.990400
vn 0.693100 -0.416700 0.588200
vn 0.978900 0.133800 0.154400
vn -0.126200 0.396900 -0.909100
vn -0.080300 0.789900 -0.607900
vn 0.031000 0.009800 -0.999500
vn 0.892300 -0.128100 0.433000
vn 0.935700 -0.005000 -0.352700
vn -0.583000 -0.043400 0.811300
vn 0.143100 0.977100 0.157300
vn 0.081200 0.989400 0.120200
vn -0.828900 -0.147000 -0.539700
vn 0.042200 -0.182900 0.982200
vn -0.844100 -0.001600 -0.536100
vn -0.830500 0.555400 -0.042600
vn 0.047800 0.970200 0.237600
vn 0.744100 0.051900 -0.666000
vn 0.615500 0.047800 -0.786700
vn 0.012900 0.109400 -0.993900
vn 0.671400 0.436300 -0.599000
vn 0.692500 0.578300 -0.431300
vn 0.608000 0.777200 0.162200
vn 0.808100 0.254600 -0.531200
vn 0.626000 0.650600 -0.430000
vn -0.968700 0.236900 0.073400
vn 0.367800 -0.797200 0.478800
vn 0.221900 -0.797100 0.561600
vn 0.022500 0.338500 0.940700
vn -0.388900 -0.512700 -0.765400
vn 0.661000 -0.303200 -0.686400
vn -0.235000 -0.806500 0.542500
vn 0.106100 0.323700 0.940200
vn -0.639000 -0.762700 -0.100000
vn -0.698500 -0.116400 -0.706100
vn -0.626800 -0.646700 -0.434500
vn 0.844100 -0.001100 0.536100
vn 0.974300 0.052000 0.219200
vn 0.650000 -0.181100 0.738100
vn 0.346700 -0.014300 -0.937800
vn 0.471300 0.431100 0.769500
vn 0.276000 0.880000 0.386500
vn -0.959200 0.177400 0.220000
vn 0.980500 -0.003600 0.196500
vn 0.710400 -0.116600 0.694000
vn -0.325000 0.922100 0.210000
vn -0.667200 0.394400 0.631900
vn -0.503700 0.789300 0.351300
vn -0.179300 -0.654800 0.734200
vn 0.854600 0.057400 -0.516100
vn 0.780300 0.048000 -0.623500
vn -0.953300 -0.016900 -0.301700
vn -0.981000 -0.008000 -0.193900
vn 0.970400 -0.176700 0.164600
vn -0.647800 0.460500 0.606800
vn 0.073500 -0.050700 0.996000
vn 0.863300 -0.081600 0.498100
vn 0.978000 0.083100 -0.191200
vn -0.617700 -0.052200 -0.784700
vn -0.350400 0.616600 0.705000
vn 0.973100 -0.207300 0.101000
vn 0.997400 -0.071700 0.007300
vn 0.911900 -0.253000 0.323300
vn 0.275800 0.236600 0.931600
vn -0.643700 0.286100 0.709800
vn 0.175800 0.297400 -0.938500
vn 0.496000 -0.691100 -0.525700
vn 0.662500 -0.119700 -0.739500
vn -0.947400 0.042900 -0.317200
vn -0.022300 0.990400 -0.136300
vn -0.731700 0.530800 -0.427700
vn -0.714900 0.617500 -0.328000
vn -0.670900 0.440500 -0.596600
vn -0.400200 -0.473200 -0.784800
vn -0.119900 0.796000 0.593200
vn -0.911100 0.257900 0.321400
vn 0.418100 -0.301000 -0.857100
vn -0.798500 -0.337100 0.498800
vn 0.623900 0.000900 0.781500
vn 0.235400 0.034300 -0.971300
vn -0.873700 -0.207500 0.440000
vn -0.078100 0.131500 -0.988200
vn 0.167000 -0.984100 -0.060200
vn 0.076200 0.606200 0.791600
vn 0.867700 -0.037300 0.495600
vn 0.980900 -0.054900 0.186700
vn 0.938000 -0.246500 0.243600
vn -0.106000 0.541000 0.834300
vn -0.518500 0.803500 0.292600
vn -0.103300 0.952200 0.287300
vn -0.286900 -0.806300 -0.517300
vn 0.624400 -0.452000 -0.637000
vn -0.919000 0.190900 0.344900
vn -0.021300 -0.683000 -0.730200
vn -0.014000 0.446800 0.894500
vn 0.868500 0.029400 -0.494900
vn 0.729300 0.531800 -0.430400
vn -0.596700 0.668400 0.444200
vn -0.886900 -0.108500 0.449100
vn 0.435000 0.581600 0.687400
vn 0.083200 0.927900 0.363400
vn -0.963800 0.249100 -0.095500
vn -0.974200 0.218100 0.058600
vn 0.470100 -0.593900 0.652900
vn 0.066600 -0.006400 -0.997800
vn -0.116400 0.556000 -0.823000
vn -0.662200 0.398300 0.634700
vn 0.591900 -0.307700 0.745000
vn 0.845800 0.515900 -0.136100
vn -0.837200 -0.006500 0.546800
vn 0.791000 0.406200 0.457600
vn 0.955500 0.292300 -0.039300
vn 0.664000 -0.305300 -0.682500
vn -0.389300 0.462200 0.796800
vn -0.578300 -0.171000 0.797700
vn -0.034300 0.755600 -0.654200
vn 0.864500 -0.115500 0.489200
vn -0.463700 -0.274600 0.842400
vn -0.171500 -0.639700 0.749300
vn 0.888900 -0.106100 0.445700
vn 0.007900 0.779500 -0.626300
vn -0.988700 -0.006700 0.149700
vn -0.541700 0.838300 -0.060700
vn -0.018600 0.873700 0.486100
vn -0.996400 -0.007600 0.084000
vn -0.344500 0.391800 0.853100
vn 0.899100 0.407600 0.159500
vn 0.961800 0.234200 0.141400
vn -0.868400 0.044300 -0.493800
vn 0.878600 0.450800 0.157600
vn 0.388400 -0.915900 -0.101800
vn 0.482400 -0.695000 -0.533200
vn -0.587500 0.798900 0.128400
vn -0.081900 -0.821500 0.564300
vn -0.991100 0.127200 0.039600
vn -0.887600 0.239900 0.393300
vn -0.787300 -0.079300 -0.611500
vn -0.943000 0.253700 -0.215200
vn 0.209800 -0.724400 0.656700
vn -0.531400 0.697800 0.480300
vn -0.750100 0.005800 0.661300
vn -0.870300 0.445200 -0.210400
vn 0.860200 -0.041600 0.508300
vn 0.682200 -0.143800 0.716900
vn 0.101500 -0.819100 0.564600
vn 0.448100 0.215700 0.867600
vn -0.945700 -0.053800 -0.320700
vn -0.842700 -0.171500 -0.510300
vn -0.546100 -0.634200 0.547300
vn 0.020800 0.851700 0.523700
vn -0.018900 0.854400 0.519300
vn 0.029000 0.482900 0.875200
vn 0.830400 -0.190300 -0.523600
vn -0.850400 0.477100 0.221800
vn 0.618200 0.387400 0.683900
vn 0.680100 0.448700 0.579800
vn 0.666200 -0.145900 -0.731400
vn -0.868800 0.012600 0.495000
vn -0.581000 0.546800 0.602800
vn 0.237500 -0.856200 -0.458700
vn 0.150000 0.988400 0.025000
vn 0.256500 0.015100 -0.966400
vn 0.394700 -0.004400 -0.918800
vn -0.937300 0.348400 0.001600
vn -0.418000 0.021900 -0.908200
vn -0.899700 -0.222000 0.375800
vn -0.968200 -0.010300 0.250200
vn 0.031600 0.031400 -0.999000
vn -0.822600 -0.187800 -0.536600
vn 0.840300 0.447200 0.306400
vn 0.781400 0.562600 -0.270100
vn 0.607600 0.038900 -0.793300
vn -0.561900 0.334000 0.756800
vn -0.910200 0.004500 -0.414100
vn 0.663100 -0.242300 0.708200
vn 0.519300 -0.248300 0.817800
vn -0.660300 0.481000 0.576700
vn -0.227900 -0.494900 -0.838500
vn 0.610800 -0.414800 -0.674500
vn 0.762200 -0.301600 -0.572800
vn -0.793100 0.468500 0.389300
vn -0.009600 0.007300 -0.999900
vn -0.013800 -0.706000 -0.708100
vn -0.060300 0.595500 0.801100
vn -0.557400 0.455900 0.693900
vn 0.384300 -0.828700 0.406900
vn -0.558700 -0.004500 0.829400
vn 0.806500 -0.118600 -0.579300
vn 0.819800 -0.264300 -0.507900
vn -0.652900 0.748900 0.113600
vn 0.896700 0.025100 -0.442000
vn 0.856800 -0.047800 -0.513400
vn 0.792500 0.522000 -0.315300
vn 0.184800 0.673600 0.715600
vn 0.738000 -0.242400 0.629800
vn 0.774100 -0.306900 0.553700
vn -0.907300 0.067700 0.415000
vn 0.352600 0.487000 0.799100
vn 0.689000 -0.327600 0.646500
vn -0.029500 -0.962900 -0.268100
vn -0.981700 0.167800 0.090000
vn -0.157700 0.047600 -0.986300
vn -0.413000 0.058100 -0.908900
vn 0.952900 0.014000 0.302900
vn 0.877000 0.008600 0.480400
vn -0.923600 0.285800 0.255600
vn -0.608500 -0.779200 -0.150400
vn -0.929000 -0.055100 -0.366000
vn -0.622400 -0.666900 0.409600
vn -0.737300 -0.240300 -0.631400
vn -0.685800 -0.367600 -0.628100
vn 0.408800 -0.585400 -0.700100
vn 0.931300 -0.364300 -0.001400
vn -0.877400 -0.115900 0.465600
vn 0.489200 0.808400 0.327400
vn 0.821000 0.529100 -0.214500
vn -0.999900 -0.010900 0.006200
vn -0.687500 -0.208300 0.695700
vn -0.740900 -0.316400 0.592400
vn 0.634700 0.387900 -0.668400
vn -0.963300 0.150000 0.222400
vn -0.151400 0.019300 -0.988300
vn -0.467600 0.628400 -0.621600
vn 0.251800 -0.798400 0.546900
vn -0.784500 -0.334900 -0.521900
vn 0.688500 0.572300 0.445400
vn 0.929700 0.008800 -0.368200
vn 0.620800 -0.112700 0.775800
vn 0.102800 -0.175800 0.979000
vn -0.512800 -0.603800 0.610300
vn -0.493700 0.466800 0.733800
vn -0.071200 0.997300 0.016400
vn 0.021000 0.999700 0.011200
vn -0.575000 -0.203000 0.792500
vn -0.850600 0.451900 0.268800
vn -0.898900 -0.438000 0.013200
vn -0.048700 0.714300 0.698100
vn 0.035200 0.801200 0.597300
vn -0.787100 -0.292700 0.542900
vn -0.398700 0.639600 0.657200
vn -0.455400 0.682600 0.571600
vn 0.793800 -0.357500 0.492000
vn 0.754900 -0.116600 -0.645400
vn 0.893900 -0.254600 0.368800
vn 0.667700 0.265100 0.695700
vn -0.564900 0.002900 0.825100
vn 0.863700 0.060100 -0.500400
vn -0.691900 0.452500 -0.562600
vn 0.774100 0.349700 -0.527700
vn -0.234700 -0.594800 0.768900
vn -0.897100 0.440600 0.034600
vn 0.672400 -0.690800 -0.266000
vn 0.236400 -0.873200 0.426300
vn 0.962500 0.130500 0.237800
vn 0.290200 0.086300 0.953100
vn -0.578700 -0.010100 0.815500
vn -0.499400 0.005300 -0.866300
vn -0.952300 0.158600 0.260800
vn -0.364100 -0.544700 0.755500
vn 0.129000 0.533300 0.836000
vn 0.033000 -0.692100 0.721100
vn -0.811700 0.049200 -0.582000
vn -0.720200 -0.145300 -0.678300
vn 0.811500 0.007000 0.584300
vn 0.785800 -0.203800 0.584000
vn 0.786300 -0.298400 0.541000
vn 0.275400 -0.632100 0.724300
vn -0.844100 -0.270600 0.462800
vn -0.400600 -0.008700 -0.916200
vn 0.695100 -0.042000 -0.717700
vn 0.679300 0.348400 -0.645900
vn 0.097400 0.363500 -0.926500
vn -0.940100 -0.160100 -0.301000
vn -0.965000 -0.150700 -0.214600
vn 0.311300 0.000100 -0.950300
vn 0.236500 0.020600 -0.971400
vn 0.592100 0.803400 0.063200
vn 0.127600 0.089000 -0.987800
vn 0.224300 0.015600 -0.974400
vn 0.166400 -0.979100 -0.117200
vn -0.851500 -0.097500 -0.515100
vn -0.777700 -0.100900 -0.620500
vn -0.533600 0.837700 0.116100
vn -0.618600 0.658600 -0.428400
vn 0.642300 -0.099700 -0.759900
vn 0.003800 0.990500 0.137700
vn 0.030700 0.002600 -0.999500
vn -0.868200 -0.110600 0.483700
vn -0.774400 -0.167900 -0.610000
vn 0.144800 0.051300 0.988100
vn 0.851800 -0.283200 0.440800
vn 0.594000 -0.325500 0.735700
vn 0.250000 0.838300 0.484500
vn 0.520800 0.777800 0.351800
vn -0.582900 0.036300 -0.811700
vn -0.751300 0.056700 -0.657500
vn 0.361300 -0.566200 0.740900
vn -0.748100 0.610800 0.259200
vn 0.908600 0.170600 -0.381200
vn -0.874900 0.450600 -0.177300
vn 0.026000 -0.444900 -0.895200
vn 0.977600 -0.140500 -0.156600
vn -0.984200 0.097400 -0.147500
vn 0.821600 0.063800 0.566500
vn 0.854700 -0.491700 0.166600
vn 0.679100 0.279900 0.678600
vn 0.817900 -0.412300 0.401400
vn 0.804200 -0.449400 0.388900
vn 0.709500 0.296900 0.639200
vn -0.570700 0.818400 0.067100
vn -0.571800 0.816500 0.080300
vn 0.323800 0.557500 0.764500
vn 0.878100 0.062500 0.474400
vn 0.900600 0.310000 0.304800
vn -0.809900 0.353100 0.468300
vn 0.753100 -0.322100 0.573600
vn -0.026800 0.998300 -0.050900
vn -0.903400 -0.425600 0.052000
vn 0.505600 0.209000 0.837000
vn -0.123100 0.062900 -0.990400
vn 0.975800 0.197700 0.093200
vn -0.759200 0.331400 0.560200
vn 0.252800 0.482400 0.838700
vn -0.990200 0.054400 -0.128800
vn -0.530600 0.416200 -0.738400
vn -0.837800 -0.311000 -0.448700
vn -0.978100 -0.039300 0.204300
vn -0.704500 -0.707400 -0.057100
vn -0.485400 -0.798600 -0.355900
vn -0.071700 0.000700 0.997400
vn 0.106600 -0.000000 0.994300
vn -0.382500 -0.630300 0.675600
vn 0.752200 0.056500 -0.656500
vn 0.170300 -0.000600 0.985400
vn -0.951900 -0.044900 0.303100
vn -0.822600 -0.509200 -0.253000
vn -0.907300 0.023300 0.419900
vn -0.049200 0.916000 0.398100
vn 0.885800 0.364800 -0.286800
vn -0.316200 0.872800 -0.371900
vn 0.946500 -0.048600 -0.319100
vn -0.978200 0.003500 0.207700
vn 0.570800 -0.535500 0.622500
vn 0.968800 0.199200 0.147400
vn 0.957700 0.247700 0.146700
vn -0.862800 -0.263500 0.431500
vn -0.922400 0.234700 0.306800
vn -0.938100 0.192400 0.287900
vn -0.172100 0.928000 -0.330600
vn -0.255300 0.953000 0.163100
vn -0.626400 0.777600 0.053700
vn 0.431600 0.044600 -0.901000
vn 0.559300 0.258400 0.787700
vn 0.248400 -0.931100 -0.266900
vn -0.030900 0.046400 -0.998400
vn 0.424700 0.904800 0.032400
vn 0.608300 0.375600 0.699200
vn -0.861600 0.239300 -0.447600
vn 0.020500 -0.987500 0.156500
vn 0.017100 -0.997200 0.073200
vn 0.629500 -0.660700 -0.409000
vn -0.912600 0.049000 -0.406000
vn -0.784900 -0.177400 0.593700
vn -0.681800 -0.139200 0.718200
vn -0.029700 -0.671700 0.740200
vn -0.070100 0.293500 0.953400
vn -0.991700 -0.084100 0.096700
vn -0.778300 -0.106000 0.618900
vn -0.961800 -0.092300 -0.257900
vn 0.619300 -0.221700 0.753200
vn -0.979300 0.120800 -0.162200
vn 0.287400 0.043000 -0.956900
vn 0.160300 0.120000 -0.979700
vn 0.356400 0.435600 0.826600
vn 0.441200 -0.576000 0.688100
vn 0.146400 -0.567300 0.810400
vn 0.020900 0.999700 0.010400
vn -0.066200 0.139700 -0.988000
vn 0.830300 0.129800 0.542000
vn 0.638300 0.278000 0.717800
vn -0.065400 0.142500 -0.987600
vn -0.680400 -0.729700 -0.068300
vn -0.684000 -0.715500 -0.142400
vn 0.028000 0.102500 -0.994300
vn -0.086800 -0.468500 0.879200
vn 0.090800 -0.470300 0.877800
vn 0.008700 0.471300 0.881900
vn -0.000900 -0.464100 0.885800
vn 0.073400 0.040100 -0.996500
vn 0.063500 0.877900 0.474700
vn 0.768600 0.636600 -0.063600
vn 0.562700 0.058500 0.824600
vn 0.140500 0.137100 -0.980500
vn 0.506600 0.839800 0.195200
vn 0.353400 0.532800 0.768900
vn -0.498700 0.146700 -0.854300
vn -0.350200 -0.308900 -0.884300
vn 0.483700 -0.675400 -0.556700
vn 0.970900 0.150700 0.186300
vn -0.877000 0.126600 -0.463400
vn -0.685900 -0.641800 -0.343100
vn -0.964000 -0.138700 -0.227100
vn 0.734500 0.358100 0.576400
vn 0.847500 -0.145300 0.510500
vn 0.472600 0.022400 -0.881000
vn -0.873600 -0.299500 -0.383600
vn 0.857500 0.283200 -0.429600
vn 0.816400 -0.457300 -0.352700
vn 0.666800 -0.017900 0.745000
vn 0.625900 0.389400 0.675700
vn 0.921300 -0.268000 0.281600
vn 0.850500 -0.396800 0.345100
vn -0.490300 0.811400 0.318100
vn -0.492900 0.811200 0.314800
vn -0.660900 -0.745600 -0.085000
vn 0.733000 -0.010600 -0.680100
vn -0.138700 0.751900 -0.644500
vn -0.987900 -0.051900 -0.146000
vn 0.874100 0.432600 -0.221000
vn 0.611700 0.674100 -0.414000
vn 0.101100 -0.819000 0.564900
vn 0.653000 0.700100 -0.289000
vn 0.663600 -0.256800 -0.702600
vn 0.665900 -0.418000 -0.618000
vn -0.346800 0.383300 0.856000
vn -0.115100 -0.825100 0.553100
vn 0.144300 0.862100 -0.485700
vn 0.468800 -0.491100 0.734200
vn 0.749700 0.353600 0.559400
vn -0.710200 -0.286900 -0.642800
vn -0.388400 -0.028700 -0.921000
vn -0.860300 0.208600 0.465200
vn -0.001200 -0.697000 -0.717100
vn 0.896300 -0.080900 -0.436100
vn 0.320400 0.279100 0.905200
vn 0.991900 -0.084300 0.095100
vn 0.888800 0.099200 0.447400
vn 0.920400 -0.009600 0.390800
vn -0.878800 0.069200 0.472100
vn -0.971900 0.149200 0.182300
vn -0.959700 0.218900 0.176100
vn 0.755500 -0.065800 0.651900
vn 0.389200 0.047300 0.919900
vn -0.872500 0.349500 0.341300
vn -0.257200 0.242100 0.935500
vn 0.973000 0.191400 -0.129000
vn -0.870300 -0.182800 0.457300
vn -0.629700 -0.060100 -0.774500
vn 0.984500 0.075300 -0.158400
vn 0.994000 -0.042600 -0.100400
vn -0.262000 0.484500 0.834600
vn -0.140700 -0.424300 0.894500
vn -0.929700 -0.185100 0.318400
vn -0.638900 -0.069000 0.766200
vn 0.445600 0.025200 -0.894900
vn -0.609200 0.784500 0.115800
vn 0.995600 0.007700 0.093000
vn 0.982400 0.006100 0.186400
vn -0.080800 0.924700 0.372000
vn -0.012700 0.762400 -0.647000
vn -0.055100 0.349500 -0.935300
vn 0.695000 0.627800 0.350500
vn 0.651700 -0.244700 0.717900
vn 0.197200 0.979500 0.040900
vn 0.102200 0.982500 -0.155800
vn -0.680800 -0.072300 -0.728900
vn -0.416700 0.129800 0.899700
vn 0.034900 0.506500 0.861600
vn 0.719500 -0.197500 0.665800
vn 0.707800 -0.080800 0.701700
vn 0.309800 -0.950800 -0.001600
vn 0.635100 0.357300 0.684800
vn 0.961200 -0.273500 0.035900
vn 0.966500 -0.156700 0.203300
vn 0.341800 0.042600 0.938800
vn -0.908400 -0.094200 0.407300
vn -0.662000 0.202300 0.721600
vn -0.405700 0.158100 0.900200
vn -0.601400 0.023400 -0.798600
vn -0.561800 0.288700 -0.775200
vn -0.555200 0.521500 0.647900
vn -0.656500 0.193800 0.729000
vn -0.501000 0.077800 -0.862000
vn 0.884900 0.199000 0.421100
vn 0.190600 -0.214400 0.958000
vn 0.249100 0.076500 -0.965500
vn 0.477900 0.876200 -0.062100
vn 0.025300 0.928300 0.371000
vn -0.687600 -0.624000 0.371200
vn 0.202900 0.070100 -0.976700
vn 0.192800 0.065500 -0.979000
vn 0.985200 0.113100 0.129000
vn -0.632200 0.111700 0.766700
vn -0.607700 -0.683300 -0.404700
vn -0.709500 -0.603800 -0.363300
vn 0.598100 0.149400 0.787400
vn 0.084400 -0.869400 0.486800
vn -0.815000 -0.122100 -0.566400
vn 0.851700 0.524100 -0.006200
vn 0.675300 -0.064600 -0.734700
vn 0.661900 -0.025300 -0.749200
vn 0.685900 -0.090000 0.722100
vn 0.663800 -0.022000 0.747600
vn 0.132300 0.971300 0.197700
vn 0.008100 0.984500 0.175200
vn -0.702800 -0.426800 0.569100
vn -0.584200 -0.414100 0.698000
vn -0.871900 -0.216000 0.439600
vn 0.878500 0.241100 -0.412400
vn -0.506800 0.016700 -0.861900
vn 0.029500 0.998500 -0.047000
vn 0.027900 -0.950200 -0.310300
vn 0.259300 -0.042500 -0.964900
vn 0.921700 -0.307300 0.236900
vn 0.104000 0.973200 0.205000
vn 0.068700 0.060400 -0.995800
vn -0.058100 0.349400 -0.935200
vn -0.065600 0.295400 -0.953100
vn -0.130800 0.827200 -0.546500
vn 0.016100 0.819600 -0.572700
vn 0.991400 -0.005100 0.130500
vn 0.975900 0.184800 0.116000
vn -0.077500 -0.713100 -0.696800
vn -0.105700 -0.694000 -0.712200
vn -0.994900 -0.078700 -0.063500
vn -0.999100 0.000900 -0.043000
vn -0.042400 -0.783000 -0.620600
vn 0.249100 -0.000800 -0.968500
vn 0.160800 -0.005200 -0.987000
vn 0.415000 0.530400 0.739200
vn -0.911400 -0.411600 0.001000
vn -0.668000 -0.742700 -0.046900
vn -0.413500 -0.906500 0.084700
vn -0.390100 0.010000 -0.920700
vn -0.223300 0.050400 -0.973500
vn 0.989200 -0.008800 -0.146200
vn 0.042000 0.965600 -0.256700
vn -0.826900 -0.245900 0.505800
vn -0.484500 -0.872800 0.059100
vn -0.872300 0.356900 0.334200
vn -0.551400 0.065300 0.831700
vn 0.019300 0.557900 0.829700
vn 0.635000 0.760900 -0.133800
vn 0.673300 0.729300 -0.121800
vn -0.547900 0.182200 0.816400
vn -0.004100 -1.000000 0.003700
vn -0.617000 -0.499300 0.608300
vn 0.062000 0.035000 -0.997500
vn -0.767700 0.020000 -0.640500
vn -0.832200 -0.263600 0.487800
vn 0.008800 0.572200 0.820100
vn -0.918000 -0.132800 0.373700
vn -0.981600 0.118200 0.150000
vn 0.971800 0.082400 0.220900
vn -0.659100 0.370400 0.654500
vn 0.983000 0.039200 0.179300
vn 0.937800 0.297200 0.179400
vn -0.694100 0.005300 0.719800
vn -0.782200 0.582700 -0.220300
vn -0.782700 0.334700 -0.524700
vn 0.975900 -0.150100 0.158200
vn -0.969200 0.173600 -0.174600
vn -0.663300 -0.644900 -0.379600
vn -0.880000 -0.061200 -0.471000
vn 0.815600 0.413000 0.405400
vn 0.870900 -0.491000 -0.019700
vn -0.101100 0.979500 -0.174300
vn 0.489400 0.315700 0.812900
vn -0.092100 0.292400 0.951900
vn 0.340400 -0.928100 0.150800
vn 0.462200 -0.829200 0.314400
vn 0.839200 0.371900 -0.396700
vn 0.773000 -0.068600 -0.630700
vn -0.981000 -0.080800 0.176500
vn -0.773800 -0.008600 0.633400
vn -0.734900 -0.143600 -0.662800
vn -0.645400 -0.261200 -0.717800
vn 0.673900 0.432800 -0.598800
vn 0.784600 -0.539600 -0.305400
vn 0.691100 -0.672600 -0.264600
vn 0.536700 0.556500 0.634300
vn 0.674300 0.736400 -0.055100
vn -0.996400 0.016000 0.082700
vn -0.984700 0.012100 0.173900
vn -0.843700 0.536700 0.004600
vn -0.683700 -0.268700 -0.678500
vn -0.751700 -0.212000 -0.624400
vn -0.341300 -0.046200 0.938800
vn 0.924700 -0.294100 0.241700
vn 0.761800 0.271200 0.588300
vn -0.526900 -0.654500 0.542200
vn -0.773000 -0.364500 0.519200
vn -0.526400 0.788600 0.317800
vn 0.802500 -0.395200 0.446900
vn -0.551400 0.784800 0.283000
vn 0.989100 -0.009800 -0.146600
vn 0.602600 -0.598800 -0.527500
vn 0.887000 0.013000 -0.461500
vn 0.823200 0.232100 0.518100
vn 0.908400 0.275500 0.314700
vn 0.863600 -0.468900 -0.185300
vn -0.971600 0.069300 -0.226100
vn -0.989500 0.033800 -0.140400
vn 0.011000 0.451100 0.892400
vn 0.526500 0.459300 0.715400
vn -0.629700 0.419700 -0.653700
vn -0.880900 -0.092700 -0.464200
vn -0.991700 -0.109600 -0.067300
vn -0.011000 0.986400 -0.164200
vn 0.010400 0.999300 0.037100
vn 0.626900 0.741100 0.240500
vn 0.524900 0.785800 0.327000
vn 0.722500 -0.688700 -0.060900
vn 0.824400 -0.196900 0.530700
vn 0.369800 0.144500 -0.917800
vn 0.593200 0.277500 -0.755700
vn 0.708300 -0.125900 0.694600
vn -0.724400 -0.450900 -0.521500
vn -0.233200 0.019100 -0.972200
vn -0.367600 0.929200 0.039200
vn 0.002000 0.999300 0.036100
vn 0.135800 0.868000 0.477700
vn -0.038400 0.049700 -0.998000
vn -0.157700 0.114800 -0.980800
vn 0.143200 0.631500 0.762000
vn -0.315400 0.605800 0.730500
vn -0.879900 0.126800 0.458000
vn 0.151800 0.771800 0.617400
vn 0.212800 0.444600 0.870100
vn 0.783000 -0.367000 0.502200
vn 0.804100 -0.258500 0.535300
vn -0.736700 0.329700 0.590300
vn 0.147000 -0.505700 0.850100
vn -0.586700 0.629300 0.509700
vn -0.727200 0.497000 0.473500
vn 0.976900 0.066200 0.203000
vn -0.045200 -0.122100 0.991500
vn 0.302700 0.952300 0.038400
vn -0.000900 0.999600 -0.027200
vn -0.225600 -0.911600 -0.343600
vn 0.601900 -0.461400 -0.651800
vn 0.079400 -0.132800 0.988000
vn 0.025200 -0.803600 0.594600
vn -0.864200 -0.418500 -0.279400
vn -0.368100 -0.804600 -0.466000
vn 0.027500 0.029600 -0.999200
vn -0.772600 0.008700 -0.634800
vn -0.950600 -0.105500 -0.291900
vn 0.843400 -0.384000 0.375900
vn 0.645900 -0.027600 -0.762900
vn -0.009000 0.301300 -0.953500
vn 0.969600 0.145100 0.196900
vn 0.353600 0.640800 0.681500
vn -0.893400 0.128500 0.430600
vn -0.128900 0.812200 0.569000
vn -0.715600 -0.035700 0.697600
vn 0.700200 -0.713800 0.015100
vn -0.985700 -0.113100 0.124800
vn -0.989800 -0.125700 0.067500
vn 0.059400 -0.849100 0.524900
vn -0.814800 -0.388500 0.430300
vn -0.886900 0.460000 -0.043000
vn -0.899800 0.434400 0.040900
vn -0.678900 -0.141100 0.720500
vn 0.410500 -0.560000 0.719700
vn -0.855400 -0.469800 -0.218100
vn -0.719000 -0.106200 0.686800
vn 0.628000 0.745600 0.223100
vn -0.933600 0.326800 -0.146900
vn -0.634300 0.564200 -0.528500
vn -0.067900 0.796000 -0.601500
vn -0.041800 0.837800 -0.544400
vn 0.828100 -0.357700 0.431700
vn 0.461500 -0.334500 0.821700
vn -0.319600 0.751800 0.576700
vn 0.643400 0.340200 0.685800
vn -0.963200 0.218600 0.156600
vn -0.097200 0.992400 0.075900
vn -0.717600 -0.221500 -0.660200
vn -0.063300 0.005300 -0.998000
vn -0.065600 0.013700 -0.997700
vn -0.900100 -0.065500 0.430700
vn -0.958000 -0.001600 0.286900
vn 0.385500 -0.922000 -0.036300
vn 0.314900 -0.945500 0.083100
vn 0.626400 0.237300 -0.742500
vn 0.019900 0.863200 -0.504500
vn 0.993000 -0.090700 0.075600
vn 0.986000 -0.111700 0.124100
vn 0.875300 -0.044100 0.481700
vn 0.844400 0.460700 0.273400
vn 0.900600 0.432700 0.041200
vn 0.887500 0.459300 -0.036700
vn 0.963400 -0.092900 0.251500
vn -0.748300 -0.253200 0.613100
vn -0.271000 -0.563700 0.780200
vn -0.265900 -0.823700 0.500700
vn -0.997400 0.006900 -0.071800
vn 0.867700 -0.308800 0.389500
vn 0.616900 0.512400 0.597500
vn 0.425600 -0.886100 0.183500
vn 0.777500 -0.588700 0.221300
vn -0.998900 0.024400 -0.040200
vn 0.774100 -0.085000 0.627300
vn 0.929000 -0.008500 0.370000
vn 0.512000 -0.856100 0.071000
vn -0.142400 -0.988700 -0.045700
vn 0.674700 -0.730500 -0.105300
vn 0.628100 -0.773100 -0.088500
vn -0.961000 0.186300 0.204600
vn 0.768600 0.021000 0.639400
vn 0.654800 -0.074600 0.752100
vn 0.428400 -0.103300 0.897700
vn 0.195700 0.877500 0.437900
vn -0.900200 -0.435300 0.011400
vn -0.863000 -0.456400 -0.216700
vn -0.863700 -0.144200 0.483000
vn 0.052100 0.938500 0.341300
vn -0.692200 0.720300 0.044900
vn 0.781900 0.456800 0.424100
vn 0.784500 0.007700 -0.620100
vn 0.892100 0.013100 -0.451600
vn 0.947800 0.257100 0.188700
vn 0.787800 -0.027400 -0.615300
vn -0.963200 -0.083100 -0.255600
vn -0.976500 -0.077400 -0.201200
vn -0.809200 -0.469300 0.353500
vn -0.629100 0.775700 -0.050200
vn 0.925300 -0.096200 0.366700
vn 0.813900 0.001000 -0.581000
vn -0.632800 0.044900 -0.773000
vn -0.023700 0.999500 0.020300
vn 0.500300 -0.689900 -0.523200
vn 0.071700 0.987000 0.143500
vn -0.413200 -0.909600 0.043600
vn -0.122900 0.535700 0.835400
vn -0.214800 -0.694200 0.686900
vn 0.370300 0.522400 0.768100
vn 0.422300 0.002900 0.906400
vn -0.515500 0.098100 0.851300
vn -0.089000 -0.812700 -0.575900
vn -0.889100 0.232300 0.394500
vn -0.523300 -0.738200 0.425700
vn 0.418400 -0.481600 -0.770000
vn 0.855300 0.224900 0.466800
vn 0.998000 0.016900 0.060900
vn -0.856800 -0.245700 0.453300
vn -0.827000 0.053100 -0.559700
vn -0.470100 0.237400 0.850100
vn -0.995000 -0.063400 0.077700
vn -0.901600 -0.012000 -0.432300
vn -0.326600 -0.686300 -0.649900
vn 0.648000 -0.371300 -0.665000
vn 0.462300 -0.657500 0.595000
vn 0.840200 0.011300 0.542100
vn 0.663800 -0.709900 0.235400
vn 0.944500 -0.092700 0.315100
vn -0.784700 0.450200 0.426100
vn -0.879000 0.359300 0.313400
vn -0.522600 0.447800 0.725500
vn -0.860600 -0.327300 0.390200
vn -0.470600 -0.726300 -0.501000
vn -0.230300 -0.267600 -0.935600
vn 0.523100 0.007700 -0.852200
vn -0.397900 -0.350300 -0.847900
vn -0.696700 -0.028800 -0.716800
vn -0.828100 -0.200400 -0.523500
vn 0.012900 0.110800 -0.993800
vn 0.887400 0.248900 0.388100
vn -0.501900 0.080800 0.861100
vn -0.368100 0.033000 0.929200
vn 0.752100 -0.091200 0.652700
vn 0.704800 0.003800 0.709400
vn -0.591900 0.504900 0.628300
vn 0.799000 -0.600500 0.031000
vn 0.619600 -0.770700 0.148700
vn 0.895600 -0.257200 0.363100
vn -0.055000 -0.275600 -0.959700
vn 0.950700 0.145500 -0.273900
vn -0.677700 -0.064300 -0.732500
vn -0.153200 -0.675600 -0.721200
vn -0.103000 -0.756200 0.646200
vn -0.794300 0.335300 0.506600
vn -0.147800 0.872100 0.466500
vn -0.696000 -0.089100 0.712400
vn -0.621900 -0.110200 0.775300
vn 0.699000 -0.622200 -0.352500
vn 0.971200 0.109000 0.212000
vn -0.952800 -0.100000 -0.286800
vn -0.972100 -0.055100 -0.228100
vn -0.891300 -0.176600 0.417700
vn -0.630100 -0.071800 0.773200
vn 0.267500 0.541200 0.797200
vn 0.360900 0.501700 0.786200
vn 0.460000 -0.887500 0.026100
vn 0.648200 0.609300 -0.456700
vn 0.496800 0.636600 0.589900
vn 0.644300 0.003800 0.764700
vn -0.922400 -0.260600 0.285100
vn 0.659100 0.629300 -0.411900
vn 0.657200 0.592700 -0.465600
vn 0.988200 0.073500 -0.134700
vn 0.985900 0.050700 -0.159600
vn 0.550300 0.785500 0.283300
vn 0.564300 0.465800 0.681600
vn 0.704800 -0.171500 0.688300
vn 0.240300 -0.452600 0.858700
vn 0.007600 0.500100 0.865900
vn 0.955000 -0.132500 0.265300
vn 0.797000 -0.278000 0.536200
vn 0.063900 0.998000 0.001900
vn 0.625800 0.037500 0.779100
vn 0.604000 -0.220000 0.766000
vn 0.366700 0.593200 0.716700
vn -0.016800 0.870500 0.491900
vn 0.120000 -0.605500 0.786700
vn 0.255400 0.213700 0.942900
vn 0.825200 -0.104100 0.555200
vn -0.741600 -0.008400 -0.670800
vn 0.746000 0.178500 -0.641600
vn -0.216800 0.304100 -0.927700
vn -0.468300 0.564600 0.679700
vn 0.771000 0.420400 0.478300
vn 0.607800 -0.717000 0.341200
vn 0.031100 -0.727200 -0.685700
vn -0.026000 -0.722900 -0.690400
vn -0.121300 0.148200 -0.981500
vn -0.019000 0.165300 -0.986100
vn 0.016500 -0.862800 0.505200
vn 0.323700 -0.824000 0.464900
vn -0.686800 -0.539900 0.486600
vn -0.771900 -0.256300 0.581800
vn -0.946000 0.211200 0.246000
vn -0.945400 0.175300 0.274700
vn 0.985000 0.122600 -0.121600
vn 0.991300 0.058000 -0.117900
vn -0.275200 -0.839900 -0.467800
vn 0.451600 -0.886700 -0.099000
vn -0.857700 -0.263200 -0.441800
vn -0.020300 -0.988200 -0.151700
vn -0.262700 -0.001200 -0.964900
vn 0.964000 0.160500 0.212100
vn -0.550700 -0.635200 -0.541500
vn -0.499000 -0.689500 -0.524900
vn -0.516500 -0.773600 -0.367100
vn -0.650200 0.682500 -0.333800
vn -0.646200 0.662500 -0.378700
vn 0.735200 0.311700 0.602000
vn -0.831100 0.192200 -0.521900
vn -0.842000 0.241200 -0.482500
vn 0.646500 0.295500 0.703300
vn 0.976700 0.123800 -0.175100
vn -0.030300 0.985500 0.166700
vn -0.386000 0.556200 0.735900
vn -0.686200 -0.183600 0.703900
vn -0.708700 -0.027700 0.704900
vn -0.645400 -0.170400 0.744600
vn 0.633200 0.141600 -0.760900
vn 0.638800 0.753700 0.154600
vn 0.893800 0.381700 -0.235300
vn 0.633000 0.142700 -0.760900
vn 0.965300 0.242700 0.095900
vn 0.188100 0.311900 -0.931300
vn -0.332400 -0.907300 0.257600
vn -0.154300 -0.595800 0.788200
vn 0.078600 0.835100 -0.544400
vn 0.084700 0.794900 -0.600800
vn 0.959000 -0.144000 -0.243900
vn 0.863100 -0.214300 -0.457300
vn -0.618900 0.000500 -0.785500
vn 0.665200 -0.150600 -0.731400
vn 0.887100 0.385100 0.254400
vn -0.882000 0.139300 0.450200
vn -0.830900 0.122700 0.542800
vn -0.058100 0.065200 -0.996200
vn -0.608700 -0.704100 -0.365600
vn -0.927100 -0.184400 0.326300
vn 0.570900 -0.614300 -0.544700
vn 0.714400 -0.134000 0.686800
vn 0.905300 -0.017900 -0.424400
vn -0.646100 -0.742700 -0.176000
vn -0.505800 0.757800 -0.412200
vn -0.639200 0.528000 -0.559100
vn -0.462400 0.685900 0.562000
vn -0.840900 0.223000 0.493200
vn -0.797000 -0.148400 -0.585500
vn -0.785600 -0.111000 -0.608700
vn -0.639800 0.176600 -0.748000
vn -0.050700 -0.305200 0.950900
vn 0.969300 0.217600 -0.114400
vn -0.792900 -0.302200 0.529200
vn 0.112100 -0.167000 0.979600
vn 0.795700 -0.091800 -0.598800
vn -0.801600 -0.286900 0.524500
vn 0.717900 -0.195200 -0.668200
vn 0.714100 -0.198600 -0.671200
vn -0.820800 -0.023500 0.570700
vn 0.939000 0.277800 -0.202600
vn -0.814900 -0.507500 0.280000
vn 0.882700 0.132200 0.451000
vn 0.494900 0.237700 0.835800
vn 0.695700 0.256800 0.670900
vn 0.743500 -0.180300 0.644000
vn 0.789400 -0.106100 0.604700
vn 0.839800 0.303200 0.450400
vn -0.673800 0.260300 -0.691500
vn -0.478700 0.641300 -0.599700
vn 0.959200 -0.250700 -0.131100
vn 0.958100 -0.270400 0.094000
vn -0.321400 0.776000 -0.542600
vn -0.335800 0.904000 -0.264600
vn 0.763300 0.089200 0.639800
vn -0.015800 0.582100 0.813000
vn -0.890700 0.329800 0.312800
vn 0.014800 0.991200 0.131700
vn 0.676700 0.326300 -0.660100
vn 0.680800 0.487700 0.546400
vn -0.833100 0.494600 -0.247800
vn 0.056800 0.819200 0.570700
vn 0.978000 0.028800 0.206400
vn -0.520600 -0.605400 0.602000
vn -0.612900 0.695200 -0.375600
vn -0.475700 -0.411700 0.777300
vn -0.375400 -0.650200 0.660500
vn -0.203800 -0.582200 0.787100
vn -0.574800 0.474500 0.666700
vn -0.557400 0.464600 0.688100
vn 0.786200 0.007900 0.617900
vn 0.641700 0.459900 0.613800
vn 0.741800 0.193800 0.642000
vn 0.068500 0.996000 0.057300
vn -0.921700 0.364900 0.131600
vn -0.458700 -0.324100 0.827400
vn 0.931500 0.335900 0.139400
vn 0.948200 0.304100 -0.092100
vn -0.841200 -0.263500 0.472200
vn -0.889800 -0.313200 0.332000
vn 0.812800 0.505600 -0.289400
vn 0.777200 0.520000 -0.354400
vn -0.876900 -0.065100 0.476200
vn -0.924000 -0.028800 0.381200
vn -0.617100 -0.780400 -0.100800
vn 0.803300 0.292900 -0.518500
vn -0.834600 0.012500 0.550700
vn -0.910300 -0.007200 0.413900
vn 0.990000 0.049800 -0.131700
vn -0.664300 0.001400 0.747500
vn 0.925100 0.370400 -0.084100
vn 0.333700 0.429900 0.839000
vn 0.361700 -0.559800 0.745500
vn 0.687500 -0.369200 -0.625400
vn 0.624800 -0.647600 -0.436200
vn 0.096700 -0.728100 -0.678600
vn 0.323500 0.032900 -0.945700
vn 0.362900 0.066000 -0.929500
vn 0.749400 -0.151300 0.644700
vn -0.679900 0.585300 -0.441800
vn -0.869800 0.493400 -0.005400
vn -0.908000 0.415900 -0.050200
vn -0.590600 0.278600 -0.757300
vn -0.936200 0.221500 -0.273000
vn -0.740200 -0.242200 -0.627200
vn -0.440700 0.076700 0.894400
vn -0.356700 0.023300 0.933900
vn -0.624400 -0.188100 0.758100
vn -0.948700 0.169800 0.266800
vn 0.796000 0.503300 0.336200
vn -0.689700 0.322700 0.648200
vn 0.504800 -0.296600 0.810700
vn -0.945600 0.144000 0.291700
vn -0.964300 0.134000 0.228400
vn 0.974700 0.065100 -0.214000
vn -0.386900 0.181300 0.904100
vn -0.978600 0.184900 -0.090200
vn -0.745200 -0.632600 0.210800
vn 0.730200 -0.598800 -0.329100
vn 0.785400 -0.513500 0.345600
vn 0.023600 0.101600 -0.994500
vn 0.951800 -0.097400 -0.290800
vn -0.017100 0.436800 0.899400
vn -0.509400 0.125000 0.851400
vn 0.046700 0.139500 -0.989100
vn -0.010800 0.143200 -0.989600
vn -0.716200 -0.309700 -0.625300
vn -0.025700 0.999600 -0.008600
vn 0.038300 0.995200 0.089900
vn -0.676100 -0.624300 -0.391400
vn 0.909100 0.033300 0.415300
vn 0.017200 0.999800 0.002100
vn 0.811600 -0.291600 0.506200
vn 0.634400 0.115100 0.764400
vn -0.782600 -0.095600 0.615100
vn -0.772900 -0.069800 0.630700
vn 0.816600 -0.303800 0.490800
vn 0.938300 0.188100 -0.290100
vn -0.810000 -0.482900 0.332800
vn -0.832000 0.077100 0.549400
vn -0.786200 0.448800 0.424900
vn -0.676000 -0.259000 0.689800
vn -0.511100 0.581000 0.633500
vn 0.363500 0.267900 -0.892200
vn -0.372600 0.513300 0.773100
vn -0.036800 -0.813500 0.580500
vn -0.121700 -0.403000 0.907100
vn -0.400900 -0.030000 -0.915600
vn -0.860100 0.008600 -0.510000
vn 0.346300 -0.876200 -0.335300
vn -0.837500 0.510500 0.194700
vn -0.593000 0.483600 0.643800
vn 0.962300 0.145100 0.229900
vn -0.257000 0.961100 0.101200
vn 0.357600 -0.644800 0.675600
vn 0.846600 -0.301100 0.438800
vn -0.956900 -0.127300 -0.261100
vn -0.637400 0.400500 -0.658300
vn -0.708500 -0.363000 -0.605200
vn -0.397500 0.586900 0.705400
vn 0.625000 0.343400 -0.701000
vn -0.712100 0.270400 0.647900
vn -0.761400 -0.643800 -0.076300
vn -0.980500 -0.190000 0.049700
vn 0.107800 -0.635800 -0.764300
vn -0.176100 -0.350600 0.919800
vn -0.872500 -0.000600 -0.488700
vn -0.980600 -0.189900 0.049600
vn -0.232000 0.074300 -0.969900
vn -0.214500 0.092400 -0.972300
vn 0.828200 0.293000 0.477800
vn -0.809600 -0.103200 -0.577800
vn -0.659200 -0.336100 -0.672600
vn -0.519400 -0.579000 -0.628400
vn -0.021500 0.054500 -0.998300
vn -0.025300 0.022900 -0.999400
vn 0.436600 0.048800 0.898300
vn -0.833000 -0.230900 0.502800
vn -0.862700 -0.191200 0.468200
vn -0.823700 0.554600 -0.118500
vn 0.759800 -0.489000 -0.428600
vn -0.636800 0.641400 0.427900
vn -0.794500 0.472200 -0.381700
vn 0.805000 -0.096000 -0.585400
vn 0.751900 -0.632300 0.186600
vn 0.979600 0.012100 0.200600
vn 0.563500 0.036500 -0.825300
vn -0.103400 -0.593500 0.798100
vn -0.362900 0.617700 0.697700
vn -0.981900 0.017400 -0.188800
vn 0.070500 -0.456800 0.886800
vn 0.121900 -0.401800 0.907600
vn 0.806800 0.385800 0.447400
vn 0.881700 -0.004600 0.471900
vn 0.681600 0.376300 0.627600
vn -0.732600 -0.137600 0.666600
vn -0.851000 -0.491500 -0.185200
vn -0.891200 0.432200 0.138000
vn 0.981900 -0.143400 0.123600
vn -0.330600 0.148000 0.932100
vn -0.924000 -0.027500 0.381300
vn 0.969200 -0.137500 0.204200
vn 0.985200 -0.125300 0.116900
vn 0.655600 0.004400 -0.755100
vn 0.662700 0.040200 -0.747800
vn 0.543200 0.803900 0.242200
vn 0.542000 -0.020700 0.840100
vn -0.597600 -0.661200 -0.453600
vn -0.517300 -0.678700 -0.521300
vn 0.952600 -0.067800 0.296700
vn 0.325400 0.722700 0.609800
vn 0.890400 0.211100 0.403300
vn -0.031300 -0.814000 0.580000
vn 0.224000 0.531700 -0.816800
vn 0.338200 0.154400 -0.928300
vn 0.025300 0.011100 -0.999600
vn -0.566400 0.445600 0.693300
vn -0.855700 -0.062600 0.513700
vn -0.811000 -0.048400 0.583100
vn -0.816100 -0.103100 0.568700
vn -0.513400 -0.170700 0.841000
vn 0.722600 0.015200 -0.691100
vn -0.387500 -0.550000 0.739900
vn -0.628100 -0.139900 0.765400
vn 0.948300 0.093700 0.303100
vn 0.762600 -0.372600 0.528800
vn 0.298800 -0.714600 -0.632500
vn 0.048800 -0.850300 -0.524000
vn 0.974100 0.017800 -0.225400
vn 0.080300 0.975900 -0.202900
vn 0.901000 0.432100 0.039800
vn 0.900800 0.423900 0.094200
vn 0.085300 -0.003300 -0.996400
vn -0.192800 -0.236700 0.952200
vn -0.978300 0.136200 0.156100
vn 0.617800 0.453300 0.642500
vn -0.957800 0.185700 0.219500
vn -0.087400 -0.294400 0.951700
vn 0.661200 0.743600 0.098900
vn -0.260300 0.952000 0.161200
vn 0.114300 -0.733700 0.669700
vn 0.197100 -0.735600 0.648200
vn 0.056200 0.948800 0.310900
vn -0.960400 0.229800 0.157800
vn 0.009700 -0.368600 -0.929500
vn -0.680600 -0.595400 0.427000
vn -0.099700 0.154900 -0.982900
vn 0.622400 -0.243500 0.743900
vn 0.545900 -0.326100 0.771800
vn 0.081000 0.994000 0.073500
vn 0.012400 0.994400 0.105200
vn 0.779800 0.557800 0.284100
vn 0.359200 0.338800 0.869600
vn 0.306300 0.315400 0.898200
vn 0.738200 0.074200 -0.670500
vn -0.941500 -0.269600 0.202100
vn -0.790700 -0.534800 0.297800
vn 0.005800 0.087200 -0.996200
vn -0.767600 -0.057800 -0.638300
vn 0.626100 0.779500 -0.019000
vn 0.655200 0.755100 -0.023700
vn 0.551100 -0.674200 -0.491700
vn 0.709000 -0.700500 -0.081200
vn 0.577400 -0.660400 -0.480000
vn 0.722400 0.614200 -0.317700
vn 0.099000 -0.450100 0.887500
vn -0.936300 -0.196200 0.291200
vn -0.971700 -0.172600 0.160900
vn 0.647100 0.358200 0.673000
vn 0.612800 0.376300 0.694900
vn 0.799300 0.418700 0.431200
vn 0.441600 0.800500 0.405200
vn 0.582100 0.366100 0.726000
vn 0.026300 0.566600 0.823600
vn -0.931200 0.194600 0.308300
vn 0.846500 -0.050200 0.530100
vn 0.975400 0.059500 0.212000
vn 0.970400 0.155800 0.184600
vn -0.823700 -0.103000 -0.557600
vn -0.653100 -0.312100 -0.690000
vn -0.882500 -0.253800 0.395900
vn -0.839900 -0.247300 0.483200
vn -0.345000 0.899100 0.269300
vn -0.773300 -0.238100 -0.587700
vn 0.036400 0.950700 0.307900
vn 0.949400 0.144000 -0.279100
vn -0.935500 0.327900 0.131900
vn 0.467600 -0.725000 -0.505800
vn 0.068200 -0.709200 -0.701700
vn 0.650900 -0.409900 -0.639000
vn 0.941900 -0.324700 0.086100
vn 0.544100 -0.236100 -0.805100
vn 0.650500 -0.418300 -0.633900
vn 0.963700 -0.208900 0.166100
vn -0.161300 -0.707000 -0.688600
vn -0.260800 -0.903000 -0.341400
vn -0.612400 -0.444600 -0.653700
vn -0.502500 0.681900 0.531500
vn -0.225900 0.053400 -0.972700
vn -0.107800 0.081600 -0.990800
vn -0.969000 -0.103500 0.224200
vn -0.050600 -0.783300 -0.619600
vn 0.426300 -0.313800 0.848400
vn 0.811200 -0.134900 -0.569000
vn 0.152400 -0.890000 0.429800
vn 0.267900 0.147900 0.952000
vn -0.092900 0.993900 0.059300
vn 0.837400 -0.308200 0.451400
vn 0.352700 -0.643700 0.679200
vn -0.570300 0.755500 0.322500
vn -0.091800 0.994700 0.047000
vn -0.949100 0.238800 -0.205500
vn -0.871200 -0.084000 0.483800
vn 0.586700 0.739100 -0.330900
vn -0.546800 -0.140100 0.825500
vn 0.675000 0.681600 -0.282600
vn 0.985300 -0.124700 0.116700
vn 0.965500 -0.173300 0.194400
vn -0.547000 0.829500 0.113000
vn -0.564700 0.812000 0.147800
vn 0.956500 -0.110200 -0.270100
vn 0.005100 0.779300 -0.626600
vn 0.792100 -0.239400 -0.561500
vn 0.410900 -0.035900 -0.911000
vn -0.484100 0.738100 0.469900
vn -0.222400 0.971200 0.085300
vn 0.893900 0.417300 0.163400
vn -0.438600 0.179300 0.880600
vn -0.929600 -0.345300 0.128800
vn -0.401300 0.909500 0.108400
vn 0.294500 -0.571500 -0.766000
vn -0.903400 -0.425900 0.049100
vn -0.552900 -0.832900 -0.023300
vn -0.803000 -0.265000 0.533800
vn 0.658600 0.381200 -0.648800
vn 0.677300 0.267600 -0.685300
vn -0.419100 -0.907200 0.037500
vn -0.356600 0.047000 0.933100
vn 0.643700 0.326900 -0.692000
vn 0.629200 -0.062700 -0.774700
vn 0.000500 0.512300 0.858800
vn -0.562200 0.001500 0.827000
vn -0.630400 -0.085400 0.771600
vn 0.673100 -0.628800 -0.389400
vn -0.863100 0.057500 -0.501700
vn 0.962800 0.244600 0.115100
vn 0.967800 0.201900 0.150600
vn 0.573500 0.322600 0.753000
vn -0.904000 0.073200 0.421200
vn 0.066900 0.983300 0.169400
vn -0.681600 0.027200 -0.731200
vn 0.674400 0.613000 0.411600
vn -0.964100 -0.107300 -0.242800
vn -0.990200 -0.099100 0.098400
vn -0.877700 -0.021000 -0.478700
vn 0.084800 0.514200 -0.853500
vn -0.156900 0.111900 -0.981300
vn -0.545000 0.065500 -0.835900
vn 0.116200 -0.158900 0.980400
vn 0.501700 -0.372600 0.780600
vn -0.032400 0.576100 0.816700
vn -0.888800 -0.003200 0.458200
vn 0.277200 -0.142500 0.950200
vn 0.019100 -0.999800 -0.000400
vn -0.912800 0.020100 -0.408000
vn -0.400500 -0.350000 0.846800
vn 0.878700 0.117900 0.462600
vn 0.741400 0.459600 0.488900
vn -0.956400 0.119500 0.266400
vn 0.543300 0.831600 0.115400
vn 0.666800 -0.067000 -0.742300
vn 0.824500 0.563100 -0.056000
vn -0.855400 -0.303600 0.419700
vn -0.200000 0.972300 0.120800
vn 0.492600 0.836300 0.240900
vn 0.112400 0.951200 0.287400
vn -0.870200 -0.124700 -0.476600
vn 0.317000 0.891600 -0.323500
vn 0.889100 0.436200 0.138900
vn 0.102400 0.955500 0.276600
vn 0.049400 0.945300 0.322400
vn 0.142400 -0.492300 0.858700
vn -0.663700 -0.409400 -0.626000
vn 0.736700 0.578100 0.350800
vn 0.616900 0.773400 0.146200
vn -0.081400 0.166800 0.982600
vn 0.881100 0.381200 0.279800
vn 0.956200 -0.256100 0.142100
vn 0.533100 0.130800 0.835900
vn 0.704500 -0.162900 0.690700
vn 0.843100 -0.341600 0.415300
vn -0.785100 0.023200 -0.619000
vn -0.718100 0.007500 -0.695900
vn -0.770000 0.152100 0.619600
vn -0.948000 -0.265400 0.175400
vn -0.120800 -0.988800 0.087600
vn -0.840400 -0.285600 0.460700
vn -0.848100 -0.250400 0.466900
vn -0.956900 -0.171200 0.234700
vn -0.991200 -0.124600 -0.045600
vn 0.764900 -0.466400 0.444300
vn -0.178700 0.114900 -0.977200
vn -0.964400 0.109200 0.241000
vn -0.958700 0.180300 0.220000
vn 0.869100 0.337100 0.362000
vn -0.872400 0.189700 0.450400
vn -0.948600 -0.150200 -0.278700
vn -0.964300 0.088700 -0.249600
vn 0.105200 -0.699500 -0.706900
vn 0.987600 -0.144600 0.060900
vn -0.253500 0.939600 0.230000
vn 0.989200 -0.138000 0.049900
vn 0.552400 -0.653500 -0.517500
vn -0.565100 0.151700 0.810900
vn -0.499100 0.074900 0.863300
vn 0.951700 -0.069000 -0.299000
vn 0.499000 0.405700 0.765800
vn 0.499600 0.399700 0.768600
vn 0.420500 -0.569600 0.706200
vn -0.727400 0.293100 0.620500
vn -0.886600 0.424800 0.182800
vn -0.966400 0.169500 0.193000
vn -0.963000 0.141400 0.229600
vn -0.975400 0.105400 -0.193500
vn -0.966000 -0.018000 -0.257800
vn -0.926400 0.230600 0.297800
vn -0.540700 -0.579800 0.609500
vn -0.567800 -0.592700 0.571300
vn 0.699700 -0.367000 0.613000
vn 0.779100 -0.208900 -0.591000
vn 0.672900 -0.026700 0.739300
vn 0.612800 -0.040600 0.789200
vn 0.023700 0.100800 -0.994600
vn 0.397500 0.128300 -0.908600
vn 0.603200 0.256100 0.755400
vn 0.812000 -0.158700 0.561700
vn -0.529200 0.481900 0.698300
vn 0.295500 -0.706100 -0.643500
vn -0.740300 -0.362400 -0.566200
vn -0.026800 0.567100 0.823200
vn -0.278900 -0.122900 0.952400
vn -0.951700 0.271100 0.144300
vn -0.955700 0.257600 0.142600
vn 0.157600 0.843500 0.513500
vn 0.438900 -0.778300 0.449000
vn 0.266000 -0.584100 0.766900
vn 0.890000 0.368200 0.269000
vn -0.034600 -0.058000 -0.997700
vn 0.045600 -0.055500 -0.997400
vn 0.234700 -0.001900 0.972100
vn 0.275100 -0.331500 0.902500
vn -0.171100 0.866400 -0.469200
vn 0.863000 0.112100 0.492600
vn 0.104600 -0.665400 0.739200
vn 0.243600 -0.231100 0.941900
vn 0.046200 -0.606500 0.793700
vn -0.968200 0.162200 0.190600
vn -0.657600 0.440100 0.611500
vn -0.065800 -0.639800 0.765700
vn 0.990400 -0.069300 0.120000
vn 0.173000 0.453600 0.874300
vn 0.085000 0.474500 0.876100
vn -0.969000 -0.239700 0.059700
vn 0.174900 0.442500 0.879600
vn 0.598800 0.296900 0.743800
vn -0.795600 -0.528500 -0.296200
vn 0.632600 0.077600 -0.770600
vn 0.896500 0.380300 0.227200
vn 0.894400 -0.098300 -0.436300
vn 0.711900 -0.072700 -0.698500
vn 0.003500 -0.234800 -0.972000
vn -0.870500 0.176200 0.459600
vn -0.160000 0.401300 0.901900
vn -0.236700 -0.958400 -0.159600
vn -0.717400 -0.573500 -0.395500
vn -0.536000 -0.724200 -0.433900
vn 0.559000 -0.680900 -0.473100
vn 0.723800 0.573600 0.383700
vn 0.868500 -0.210500 0.448800
vn -0.992400 0.008900 -0.122500
vn 0.545000 0.123400 0.829300
vn 0.278000 -0.165600 0.946200
vn 0.943400 0.234900 0.234200
vn -0.670000 -0.095900 -0.736100
vn -0.645200 -0.122700 -0.754100
vn -0.569400 0.579500 -0.583000
vn 0.711900 -0.606700 -0.353800
vn -0.016100 -0.258500 0.965900
vn -0.518100 -0.613200 0.596300
vn 0.037800 0.228800 -0.972700
vn 0.038600 0.306700 -0.951000
vn -0.785000 -0.108600 0.609900
vn -0.514500 -0.301200 0.802900
vn -0.171700 -0.649200 0.740900
vn -0.044300 -0.632600 0.773200
vn 0.444900 -0.617700 0.648500
vn -0.996100 -0.012000 -0.087900
vn -0.989800 0.138500 0.034700
vn -0.869700 -0.392100 0.299800
vn -0.645600 -0.757400 0.097400
vn -0.962300 -0.013300 0.271600
vn 0.780300 -0.340600 0.524500
vn 0.888100 -0.266400 0.374600
vn -0.568400 0.613700 0.547900
vn -0.531600 0.365200 0.764200
vn 0.922000 -0.279800 0.267800
vn 0.885200 -0.290900 0.363000
vn -0.989600 -0.143400 0.006000
vn -0.437100 0.091500 0.894800
vn -0.433500 0.178100 0.883400
vn -0.853500 0.010900 0.521000
vn -0.998400 -0.056700 0.006300
vn 0.964500 -0.208500 0.161900
vn 0.985900 -0.121000 0.115200
vn -0.991900 -0.044900 -0.118400
vn 0.959200 -0.281900 -0.019200
vn -0.756000 -0.248300 0.605600
vn -0.732100 -0.225700 0.642700
vn 0.015900 -0.696000 -0.717900
vn -0.416100 0.022300 -0.909000
vn 0.341500 0.043100 0.938900
vn 0.912500 -0.079200 0.401400
vn -0.919900 0.311900 -0.237700
vn 0.638800 -0.006200 -0.769300
vn 0.812900 -0.220100 -0.539300
vn 0.797000 -0.158500 -0.582700
vn 0.069500 0.994800 0.074600
vn -0.566200 -0.001600 -0.824300
vn -0.638300 -0.013200 -0.769700
vn 0.785800 -0.144200 -0.601400
vn 0.084300 0.983700 -0.158900
vn -0.170200 -0.957000 -0.235100
vn 0.721100 0.245500 -0.647900
vn 0.989300 -0.145600 0.002300
vn 0.326300 0.000600 -0.945300
vn 0.661700 -0.187900 0.725900
vn 0.606400 -0.316700 0.729400
vn -0.429200 0.181600 0.884800
vn -0.744700 -0.246000 0.620400
vn 0.825900 -0.067200 0.559700
vn -0.667800 -0.145200 0.730100
vn 0.019300 0.009900 -0.999800
vn 0.961600 0.076900 0.263300
vn 0.717700 -0.046100 0.694800
vn 0.132900 0.850400 0.509100
vn 0.637900 -0.497000 0.588400
vn 0.066100 0.417400 0.906300
vn -0.095600 0.413900 0.905300
vn -0.456200 0.008200 -0.889800
vn 0.982700 0.184500 0.013900
vn -0.388300 0.052900 -0.920000
vn -0.632900 0.071800 -0.770900
vn -0.613300 -0.120600 0.780600
vn -0.345100 0.038800 0.937800
vn -0.927100 -0.312700 -0.206600
vn -0.842000 -0.531700 0.091100
vn 0.843400 -0.096400 -0.528600
vn 0.524400 0.000600 -0.851500
vn 0.795200 0.027800 0.605700
vn 0.854200 0.288200 0.432800
vn -0.083300 0.985800 0.146100
vn -0.900800 0.432600 0.038700
vn -0.903500 0.417700 0.095900
vn 0.229400 0.746000 0.625100
vn -0.038500 -0.827500 0.560100
vn -0.289300 0.216200 0.932500
vn -0.467500 0.805100 0.365000
vn 0.648800 0.759800 0.042200
vn 0.888100 0.025000 -0.459000
vn -0.846500 -0.328300 0.419200
vn -0.832000 -0.332800 0.443800
vn 0.691800 -0.098500 -0.715300
vn -0.129000 0.040900 -0.990800
vn -0.675200 -0.620600 0.398700
vn -0.681500 -0.688100 0.249200
vn 0.529100 -0.611500 0.588300
vn 0.539000 -0.529100 0.655400
vn -0.060700 -0.109600 0.992100
vn 0.673600 0.731000 -0.109400
vn 0.965400 -0.020200 0.259900
vn 0.986900 -0.159400 -0.023800
vn 0.018100 0.538200 0.842600
vn -0.018100 0.091100 -0.995700
vn -0.599800 -0.627100 0.497000
vn -0.844400 -0.050200 0.533400
vn -0.024700 0.962100 -0.271700
vn 0.026600 0.963300 -0.267200
vn -0.029000 -0.330000 0.943500
vn 0.970400 -0.090400 0.224100
vn -0.959400 0.240600 -0.147000
vn -0.706100 -0.018500 -0.707900
vn -0.697800 -0.031900 -0.715600
vn 0.629400 -0.687600 0.362000
vn -0.464000 -0.149500 0.873100
vn 0.995600 -0.093900 -0.007300
vn 0.629000 0.463100 -0.624400
vn 0.635000 0.451800 -0.626600
vn -0.132200 -0.088500 0.987300
vn -0.736300 0.001700 0.676700
vn 0.702800 -0.284600 -0.652000
vn -0.539000 -0.626600 0.562900
vn -0.633300 -0.251300 0.731900
vn 0.673700 0.524600 -0.520500
vn -0.580600 0.360800 0.729900
vn -0.019300 0.874300 0.485000
vn 0.019500 0.880600 0.473500
vn -0.980100 0.128500 0.151300
vn -0.980900 0.126900 0.147600
vn 0.396200 0.680500 0.616400
vn 0.935000 0.001100 0.354800
vn 0.390500 0.528500 -0.753800
vn 0.613900 0.598500 -0.514800
vn -0.795500 0.288600 0.532800
vn 0.867700 -0.478300 0.135500
vn 0.498400 -0.866800 0.017000
vn -0.653900 -0.649400 -0.388200
vn -0.869600 0.437400 -0.229000
vn -0.814400 0.432200 -0.387300
vn -0.164900 -0.617800 0.768800
vn 0.693500 0.253300 0.674500
vn 0.160400 0.603000 0.781400
vn -0.072600 -0.318500 0.945100
vn 0.685700 -0.426700 0.589700
vn 0.612700 -0.441400 0.655600
vn -0.392700 0.130000 -0.910500
vn -0.935700 0.247700 -0.251300
vn -0.127600 0.973000 0.192600
vn -0.916700 0.038700 0.397600
vn -0.902100 0.146900 0.405700
vn -0.017900 0.981700 -0.189500
vn 0.014100 0.987600 -0.156500
vn 0.884900 0.204500 -0.418400
vn -0.365700 -0.316000 -0.875400
vn 0.682700 -0.122800 -0.720300
vn -0.993100 0.015000 -0.116000
vn 0.610100 -0.721800 -0.326800
vn -0.004200 -1.000000 0.003800
vn -0.347000 -0.825000 0.446000
vn -0.098100 0.988300 -0.116700
vn -0.850500 -0.314800 0.421400
vn -0.708800 0.550200 0.441400
vn -0.204900 0.978700 -0.011800
vn -0.126100 0.992000 0.008600
vn 0.634900 0.511900 0.578600
vn 0.785900 0.402200 0.469600
vn 0.714600 -0.251700 0.652700
vn -0.913600 -0.178800 0.365100
vn -0.910700 -0.074200 0.406400
vn 0.687300 -0.278200 0.671000
vn 0.937700 -0.347400 -0.005400
vn 0.961000 -0.276000 -0.018000
vn 0.316900 0.020600 -0.948200
vn -0.357300 -0.928600 -0.100100
vn -0.902800 -0.069700 0.424300
vn 0.662200 -0.504800 0.553800
vn -0.025100 -0.082700 0.996300
vn 0.721200 0.534300 -0.440900
vn 0.791900 0.382300 -0.476300
vn -0.979900 0.017600 -0.198600
vn 0.764600 0.109800 0.635100
vn 0.573900 0.518800 0.633700
vn 0.911900 -0.096500 0.398900
vn -0.328400 -0.111800 0.937900
vn -0.683300 0.700900 -0.204500
vn 0.505300 0.809500 0.299000
vn 0.524800 -0.032300 0.850600
vn 0.678900 0.410200 0.608900
vn 0.679800 0.371400 0.632400
vn -0.940500 0.325100 0.098900
vn 0.014100 0.986400 -0.164000
vn -0.871900 0.385300 -0.302400
vn -0.832600 0.490100 -0.257900
vn 0.056300 0.997000 0.052700
vn 0.090700 -0.103300 -0.990500
vn 0.193700 -0.350600 -0.916300
vn 0.134100 -0.479000 0.867500
vn 0.024100 -0.454200 0.890600
vn -0.015000 0.155400 -0.987700
vn -0.479400 -0.717600 -0.505100
vn -0.315500 0.041600 0.948000
vn 0.831800 0.011600 0.555000
vn -0.009900 0.839200 0.543800
vn 0.869100 0.008100 0.494600
vn 0.845300 0.007400 0.534200
vn 0.091400 0.938700 0.332300
vn 0.202600 0.110300 0.973000
vn -0.329500 -0.707000 0.625800
vn -0.426900 -0.641100 0.637700
vn -0.126700 -0.466600 0.875300
vn 0.987100 -0.157300 -0.029600
vn 0.982600 -0.184400 -0.023000
vn 0.591200 -0.779700 0.206300
vn 0.166000 -0.808500 0.564500
vn 0.558400 0.257400 0.788600
vn 0.879600 0.167700 0.445200
vn 0.923100 -0.076600 0.376700
vn 0.004600 -0.997800 0.066800
vn -0.730600 -0.641600 -0.233500
vn 0.076300 -0.206400 0.975500
vn -0.888500 0.022200 0.458300
vn -0.727100 0.530400 0.435900
vn -0.274200 -0.492300 0.826100
vn 0.929400 0.325200 -0.174800
vn 0.876900 -0.012400 0.480500
vn -0.357600 -0.565800 0.743000
vn -0.404200 -0.589200 0.699600
vn -0.963400 -0.074500 -0.257400
vn 0.851800 0.381500 -0.359100
vn -0.666200 0.252600 -0.701700
vn 0.683700 -0.258400 -0.682500
vn -0.534400 0.427600 0.729100
vn -0.247000 0.421300 -0.872600
vn 0.965800 -0.156400 0.206700
vn 0.642000 0.356600 0.678700
vn 0.888900 0.261100 0.376500
vn -0.741900 -0.019200 -0.670200
vn 0.618800 -0.287100 -0.731200
vn 0.953600 -0.301000 -0.005600
vn -0.955400 0.043300 -0.292000
vn -0.955500 -0.023700 -0.293900
vn -0.100500 0.994900 0.000700
vn -0.115500 0.989800 0.083700
vn 0.163500 0.102100 -0.981200
vn 0.769200 0.605500 0.204200
vn -0.099000 0.350300 0.931400
vn -0.448600 -0.893600 0.014900
vn -0.013700 -0.995800 -0.090100
vn 0.419600 0.187400 -0.888200
vn 0.434700 0.499400 -0.749500
vn 0.727100 -0.238700 -0.643700
vn -0.001900 0.561600 0.827400
vn 0.984300 0.097400 -0.147400
vn 0.981500 0.091000 -0.168500
vn 0.981700 0.126200 -0.142900
vn 0.800100 0.421400 0.426800
vn 0.644400 -0.310400 0.698800
vn 0.104600 -0.166600 0.980500
vn 0.091100 -0.225300 0.970000
vn 0.750100 -0.506100 0.425600
vn 0.026400 -0.371600 0.928000
vn 0.074600 -0.277900 0.957700
vn 0.067700 -0.280200 0.957600
vn -0.000200 -0.201700 -0.979400
vn 0.985600 0.008000 0.169000
vn -0.029900 -0.332800 -0.942500
vn -0.330800 0.024100 -0.943400
vn 0.934700 -0.011600 0.355200
vn 0.838600 0.457100 0.296200
vn -0.325900 0.908400 0.262000
vn 0.672500 -0.068300 -0.736900
vn -0.830700 -0.215600 0.513300
vn 0.469400 0.680300 0.562900
vn 0.506900 0.762000 0.402900
vn -0.901000 -0.083000 0.425700
vn -0.016100 -0.868600 0.495300
vn 0.008900 -0.468500 0.883400
vn -0.058800 0.938600 0.340000
vn -0.191900 -0.770200 0.608200
vn 0.193500 -0.768700 0.609600
vn -0.017000 0.591600 0.806000
vn -0.499200 -0.661200 0.560000
vn -0.654100 -0.556700 0.512100
vn -0.979200 -0.183900 0.086000
vn -0.871300 -0.484900 0.076200
vn -0.723900 -0.526900 -0.445400
vn 0.628200 0.211900 -0.748700
vn 0.633900 0.209400 -0.744500
vn 0.583300 -0.660900 -0.472300
vn 0.638400 -0.636300 -0.433100
vn 0.624200 -0.780800 0.024600
vn -0.853200 -0.451600 -0.261100
vn -0.989300 -0.144300 -0.019300
vn -0.660000 -0.535700 0.526700
vn -0.386400 -0.906300 0.171200
vn -0.042000 0.862200 -0.504900
vn -0.590000 0.693600 -0.413200
vn 0.001100 0.997500 -0.070500
vn -0.641500 0.615000 -0.458600
vn -0.619200 0.626000 -0.474000
vn 0.742700 0.669500 -0.006400
vn 0.278700 -0.954100 -0.109700
vn -0.946800 0.025300 -0.320900
vn -0.421000 0.673500 0.607600
vn 0.069900 -0.772800 0.630700
vn -0.559800 -0.460600 0.688800
vn 0.123400 0.016700 -0.992200
vn 0.116600 0.001900 -0.993200
vn -0.072900 -0.700300 -0.710200
vn 0.716900 0.442100 0.539100
vn 0.510700 -0.145400 0.847400
vn -0.649100 0.234800 -0.723600
vn -0.623900 0.242100 -0.743100
vn -0.888500 0.237000 -0.393000
vn 0.545000 0.495300 0.676500
vn -0.878900 0.127000 -0.459700
vn 0.108000 -0.117300 0.987200
vn 0.716200 -0.598600 0.358800
vn 0.662000 -0.630600 0.405200
vn -0.187400 0.687600 -0.701500
vn 0.245900 0.304600 -0.920200
vn 0.873400 -0.351800 0.336900
vn 0.868800 -0.336900 -0.363000
vn 0.975000 -0.145100 0.168200
vn 0.989300 -0.068800 0.129000
vn 0.697300 -0.115900 0.707300
vn 0.473400 -0.532500 -0.701700
vn 0.676700 -0.435500 -0.593600
vn -0.952800 0.161200 0.257200
vn -0.513600 -0.031700 -0.857400
vn -0.657200 -0.414500 -0.629500
vn 0.058600 0.792800 -0.606700
vn 0.730100 0.590400 0.344100
vn -0.653300 -0.240700 0.717800
vn -0.885600 0.391700 0.249600
vn -0.723600 -0.328900 0.606800
vn -0.536100 -0.494400 0.684300
vn -0.635600 -0.764300 -0.108800
vn 0.638100 -0.651300 -0.410700
vn 0.660800 -0.674600 -0.328900
vn -0.926000 -0.375400 0.038900
vn 0.663900 0.536500 0.520900
vn -0.812900 -0.135200 0.566600
vn 0.986300 0.039500 0.160300
vn -0.179600 0.405600 0.896200
vn 0.057100 0.910000 0.410700
vn -0.060600 0.907100 0.416500
vn -0.070400 0.988100 0.137000
vn -0.590300 0.436400 0.679000
vn 0.075700 0.157100 0.984700
vn 0.199600 0.261700 0.944300
vn -0.337700 -0.384900 0.859000
vn -0.688300 -0.068500 -0.722200
vn 0.004600 0.798600 -0.601900
vn 0.654900 -0.118300 0.746400
vn 0.876600 0.419000 0.236600
vn 0.968700 0.178600 -0.172400
vn -0.605400 0.636500 -0.477900
vn -0.666500 0.602300 -0.439400
vn -0.972700 0.056400 -0.225000
vn -0.764700 -0.442600 0.468400
vn -0.772200 -0.256900 0.581100
vn 0.795700 -0.282800 0.535700
vn 0.832200 -0.238700 0.500500
vn 0.753800 -0.649400 0.099900
vn 0.756200 -0.653100 0.040500
vn -0.776200 0.495800 0.389400
vn 0.972400 0.130900 0.192900
vn -0.451200 0.031200 -0.891900
vn -0.577900 0.128100 -0.806000
vn -0.789400 0.118700 0.602200
vn -0.527500 0.737900 0.421000
vn -0.042600 0.998400 0.037700
vn 0.003500 0.999100 0.041900
vn 0.658500 0.370200 -0.655200
vn 0.295600 -0.636300 0.712500
vn 0.161000 0.119600 -0.979700
vn -0.998600 0.026900 -0.045000
vn -0.982300 0.024600 -0.185400
vn -0.975600 0.179700 0.126200
vn -0.969900 0.152700 0.189500
vn -0.983900 -0.114900 0.137100
vn -0.898000 -0.380400 -0.221100
vn -0.827600 -0.339100 -0.447300
vn -0.644400 -0.516000 -0.564400
vn -0.695400 -0.596400 -0.400800
vn -0.740600 -0.157200 -0.653300
vn 0.809500 -0.289900 0.510500
vn 0.780100 -0.217400 0.586600
vn -0.125300 -0.737000 -0.664100
vn 0.984900 -0.118200 0.126200
vn 0.095400 0.793800 -0.600600
vn 0.774600 0.324400 0.542900
vn 0.012300 0.986100 -0.165600
vn -0.406700 0.405300 0.818800
vn -0.326100 0.399700 0.856700
vn -0.945200 -0.053600 -0.322000
vn -0.964000 0.265600 -0.014600
vn 0.156100 -0.868900 0.469600
vn -0.257500 0.163600 0.952300
vn 0.979300 -0.168400 0.112600
vn 0.879700 0.032300 0.474400
vn -0.367500 -0.661900 -0.653300
vn -0.230100 -0.697200 0.679000
vn 0.238000 0.945200 0.223600
vn -0.481000 0.222800 -0.847900
vn 0.710000 0.312000 0.631400
vn 0.671300 0.614300 0.414700
vn -0.271100 0.323800 0.906400
vn -0.220200 0.371900 0.901800
vn 0.976400 -0.032800 -0.213500
vn 0.613500 0.638300 -0.465100
vn 0.675300 0.598800 -0.430500
vn 0.795000 -0.237900 0.558000
vn 0.930900 -0.038000 0.363300
vn 0.841700 0.442700 0.309200
vn -0.530300 -0.476000 0.701600
vn -0.418300 -0.558000 0.716700
vn -0.435800 -0.465100 0.770600
vn -0.540800 0.593000 0.596500
vn -0.898500 -0.115500 -0.423500
vn 0.869800 -0.047400 -0.491100
vn 0.004300 0.103400 -0.994600
vn 0.003100 0.088300 -0.996100
vn -0.849800 0.205100 0.485600
vn -0.674900 0.729400 -0.111800
vn 0.460600 -0.002300 -0.887600
vn -0.526800 0.813300 0.246900
vn -0.543300 0.798400 0.259700
vn 0.094300 0.954900 0.281600
vn 0.642400 0.194500 -0.741300
vn 0.614300 0.110900 -0.781300
vn 0.990300 0.028400 -0.136300
vn 0.841800 0.533900 0.079700
vn -0.819200 0.323200 -0.473800
vn 0.465300 -0.767900 0.440200
vn -0.966000 0.165700 -0.198300
vn 0.978500 -0.109500 0.174800
vn -0.389000 0.135600 -0.911200
vn 0.537900 0.093300 -0.837800
vn 0.712400 0.325500 0.621700
vn 0.370900 0.014300 0.928600
vn 0.880700 -0.051300 0.471000
vn 0.364500 0.823000 0.435800
vn 0.841800 -0.515700 0.159500
vn 0.165000 -0.232800 0.958400
vn 0.646700 -0.746200 -0.158100
vn 0.380100 -0.748400 0.543400
vn 0.592500 0.417800 0.688800
vn 0.997600 -0.005500 0.068400
vn 0.697200 -0.287800 0.656600
vn 0.733500 -0.285300 0.616900
vn 0.392800 0.224400 0.891800
vn -0.334600 -0.926800 0.170700
vn 0.668600 -0.622900 -0.406100
vn 0.852600 -0.035100 -0.521400
vn 0.852100 -0.035000 -0.522200
vn 0.811700 0.457600 0.362900
vn 0.853400 0.427400 0.298200
vn -0.978400 -0.009600 0.206400
vn -0.958900 0.004400 0.283600
vn -0.911800 0.053400 -0.407200
vn -0.619900 0.199300 -0.759000
vn -0.122900 0.117100 -0.985500
vn -0.684700 0.020700 0.728500
vn -0.622000 0.033300 0.782300
vn -0.987300 -0.116500 0.107900
vn 0.606500 0.346200 0.715800
vn 0.765100 0.582300 0.274800
vn -0.824300 -0.269800 0.497800
vn -0.401800 0.000600 0.915700
vn -0.384800 0.922000 -0.043800
vn -0.614600 0.788300 0.030200
vn -0.775500 -0.067900 -0.627700
vn 0.258900 0.908000 0.329500
vn -0.118200 0.772900 -0.623500
vn -0.183600 0.610200 -0.770700
vn 0.707700 0.168600 0.686100
vn 0.132700 -0.798800 0.586800
vn 0.620800 0.266700 -0.737200
vn 0.639000 -0.667000 -0.383200
vn 0.347000 0.039700 0.937000
vn 0.311900 0.037100 0.949400
vn 0.795200 -0.137300 0.590600
vn 0.619200 -0.129200 0.774500
vn -0.728700 -0.584900 0.356200
vn -0.810000 -0.288600 0.510500
vn -0.651900 -0.669600 0.355900
vn -0.879900 0.070600 0.469900
vn -0.008900 0.485500 0.874200
vn 0.940200 -0.087000 0.329300
vn 0.974100 0.223000 0.036300
vn 0.936900 -0.059500 0.344400
vn 0.007100 0.992400 -0.122700
vn -0.596900 0.801700 0.032200
vn -0.317600 0.579200 0.750800
vn -0.605700 0.367400 0.705700
vn -0.752900 -0.308600 0.581300
vn 0.963400 0.119900 0.239700
vn -0.371500 -0.928300 -0.010800
vn 0.920100 -0.121400 -0.372400
vn 0.924000 -0.036800 -0.380500
vn 0.884800 -0.098200 -0.455500
vn 0.924900 -0.058400 -0.375800
vn 0.609200 -0.718600 0.335500
vn 0.605600 -0.719500 0.340100
vn 0.709000 0.375000 -0.597300
vn 0.730500 -0.078100 0.678500
vn 0.724700 -0.014600 0.688900
vn 0.726600 0.359200 -0.585700
vn -0.167900 0.969000 0.181100
vn 0.401500 0.198100 -0.894100
vn -0.872300 0.446700 0.199000
vn -0.717200 0.657200 0.231800
vn 0.665800 0.382100 0.640900
vn 0.589500 0.416100 0.692300
vn -1.000000 0.006100 0.007900
vn 0.912800 0.343700 0.220700
vn 0.779200 -0.081500 0.621400
vn 0.079500 -0.701000 -0.708800
vn 0.932800 0.332300 0.139200
vn -0.035600 0.908200 0.417000
vn -0.413700 0.804700 0.425700
vn -0.639500 0.090400 0.763500
vn 0.906300 0.195400 -0.374800
vn 0.645100 0.226000 0.729900
vn -0.912100 -0.180500 0.368000
vn -0.661000 0.678200 0.321100
vn 0.781100 -0.206900 0.589100
vn 0.899600 -0.240100 0.364800
vn 0.608700 -0.307800 0.731300
vn -0.521700 0.140200 0.841600
vn 0.028800 0.441100 0.897000
vn 0.994100 0.069600 0.083400
vn -0.012000 -0.366400 0.930400
vn 0.819000 -0.356700 -0.449400
vn -0.966100 -0.143800 0.214600
vn 0.853200 0.008400 -0.521400
vn -0.765300 -0.211500 0.608000
vn -0.783600 -0.176700 0.595600
vn 0.717200 0.360800 0.596200
vn -0.805400 -0.032600 0.591900
vn 0.478100 -0.110800 -0.871300
vn 0.323200 -0.483300 -0.813600
vn -0.775600 -0.183600 -0.603900
vn -0.483600 0.211700 0.849300
vn 0.351400 -0.777600 0.521400
vn 0.699300 -0.577500 -0.421200
vn 0.450800 -0.546700 -0.705600
vn 0.152900 -0.002700 -0.988200
vn -0.889400 -0.094200 0.447400
vn -0.826200 -0.044300 0.561600
vn 0.914900 0.351000 0.199200
vn 0.865500 0.225800 0.447100
vn -0.398200 0.572700 0.716600
vn -0.128900 0.553300 0.823000
vn -0.411600 -0.002800 0.911400
vn -0.648700 -0.120800 0.751400
vn -0.716100 -0.268700 0.644300
vn -0.723300 -0.595000 0.350600
vn -0.717500 -0.268100 0.642900
vn -0.674000 -0.221200 0.704800
vn 0.853900 -0.061500 -0.516800
vn 0.033600 -0.380800 0.924100
vn 0.964800 -0.139500 -0.223000
vn -0.515700 0.248900 0.819800
vn -0.737200 -0.429500 0.521600
vn -0.849200 0.513400 -0.123400
vn 0.970900 -0.032300 0.237200
vn 0.969500 -0.037800 0.242200
vn -0.153100 0.889900 -0.429800
vn -0.307300 0.732000 -0.608000
vn -0.763600 -0.641000 -0.077100
vn -0.774900 -0.632100 -0.000100
vn -0.898200 0.017900 0.439300
vn 0.912000 -0.020900 -0.409700
vn -0.181500 -0.721600 0.668100
vn -0.241100 -0.802300 0.546000
vn -0.893300 -0.242200 0.378600
vn 0.729900 -0.211200 -0.650100
vn 0.850600 0.524600 0.034800
vn 0.405700 -0.750500 0.521700
vn -0.277200 0.036700 0.960100
vn -0.151700 0.852600 0.500100
vn -0.951500 -0.246300 0.184400
vn 0.317900 0.496200 0.807900
vn 0.510900 0.411800 0.754600
vn 0.953200 0.108500 0.282200
vn 0.442500 0.139700 -0.885800
vn 0.968100 0.086600 0.235100
vn 0.802700 0.041100 0.595000
vn 0.957400 0.090000 0.274500
vn 0.436500 -0.571300 0.695000
vn -0.841500 0.239300 0.484300
vn -0.544500 0.074000 0.835500
vn 0.768000 -0.601000 -0.221500
vn 0.849900 -0.526800 0.010900
vn -0.952600 0.257100 0.162400
vn 0.438700 0.063600 0.896400
vn -0.694300 0.379000 0.611900
vn -0.965000 -0.136100 -0.224100
vn -0.966700 -0.114700 -0.229000
vn 0.792000 -0.594500 -0.139000
vn 0.410200 -0.204200 0.888800
vn -0.461200 -0.885300 0.059500
vn -0.864900 0.311400 0.393600
vn -0.632900 -0.218700 0.742700
vn 0.749900 -0.455600 0.479600
vn -0.987300 -0.108000 0.116400
vn 0.961100 0.084500 0.262900
vn -0.982800 -0.066300 0.172500
vn -0.927100 -0.206900 0.312600
vn -0.975600 0.110900 -0.189400
vn -0.123100 0.992100 0.022500
vn 0.896600 -0.111800 0.428600
vn 0.372900 -0.924400 0.080300
vn 0.937500 0.280900 -0.205700
vn -0.628000 0.756800 0.181100
vn -0.931700 0.333900 0.142900
vn 0.175700 -0.203900 0.963100
vn 0.401400 -0.907500 0.123900
vn 0.290000 -0.955400 0.055400
vn 0.743700 0.233300 0.626500
vn 0.668600 0.399300 0.627300
vn -0.469100 -0.880300 -0.070800
vn 0.851800 0.054500 -0.521000
vn 0.274500 -0.941000 -0.197800
vn 0.768000 -0.573700 -0.284700
vn -0.638700 -0.141000 0.756400
vn 0.859300 0.016700 0.511200
vn 0.559900 0.781700 0.274800
vn 0.856600 0.510900 0.072800
vn -0.484800 0.624300 0.612600
vn -0.372600 0.593600 0.713300
vn 0.693600 -0.172800 0.699300
vn 0.715400 -0.247200 0.653500
vn -0.698700 -0.083400 0.710500
vn -0.011200 -0.002100 -0.999900
vn -0.797100 -0.032800 -0.603000
vn -0.856500 -0.158600 -0.491200
vn 0.388200 0.537500 0.748600
vn 0.251500 -0.637800 0.728000
vn 0.999100 0.011900 0.040700
vn 0.047800 0.611700 0.789700
vn 0.050300 0.887800 0.457600
vn 0.984100 0.030000 0.174800
vn -0.365600 0.031900 -0.930200
vn 0.675600 0.622700 -0.394800
vn 0.958300 0.040800 -0.282900
vn -0.637600 -0.024100 0.770000
vn -0.000800 0.031100 -0.999500
vn -0.371600 0.367900 0.852400
vn -0.025500 0.346500 0.937700
vn -0.408200 -0.266400 0.873200
vn -0.523000 -0.655600 0.544600
vn 0.529100 0.804000 0.271400
vn -0.492900 -0.675100 0.549000
vn -0.621400 -0.606800 0.495600
vn -0.969200 -0.056200 -0.239700
vn -0.981300 -0.035400 -0.189300
vn -0.935400 0.207500 0.286400
vn -0.938800 0.179100 0.294100
vn 0.764200 -0.456900 0.455200
vn 0.901300 0.340700 0.267500
vn 0.807100 0.453500 0.378000
vn 0.796400 -0.402600 0.451400
vn 0.869900 -0.331400 -0.365300
vn 0.819400 -0.506600 -0.268300
vn 0.795000 -0.536400 -0.283500
vn 0.971500 -0.053900 0.230600
vn 0.201800 -0.961000 0.189000
vn 0.915000 -0.203100 0.348700
vn 0.962400 -0.217100 0.163100
vn -0.024200 -0.549600 0.835000
vn -0.080800 -0.593900 0.800500
vn 0.566400 0.510600 0.647000
vn -0.764700 -0.211500 0.608700
vn 0.307400 -0.950600 0.042400
vn 0.022600 -0.929700 0.367700
vn -0.682300 0.633400 -0.365200
vn -0.654000 0.660900 -0.368100
vn 0.882400 0.333000 -0.332300
vn 0.006700 0.323300 0.946300
vn -0.040300 0.998300 0.041300
vn 0.489400 0.692800 0.529700
vn 0.067700 0.799200 0.597200
vn -0.635400 0.268400 -0.724100
vn -0.752500 0.229900 0.617200
vn -0.778500 0.428300 0.458700
vn 0.693500 -0.576200 -0.432500
vn -0.855400 0.240600 0.458800
vn -0.889600 0.271400 0.367400
vn 0.512200 0.497000 0.700400
vn 0.525700 0.548800 0.650000
vn -0.719200 0.438200 0.539300
vn -0.900600 0.326100 0.287300
vn 0.802000 -0.055600 -0.594700
vn -0.134100 -0.622000 0.771500
vn -0.011100 0.013700 0.999800
vn 0.686100 -0.429500 0.587100
vn -0.718800 -0.512500 -0.469800
vn -0.670200 -0.483700 -0.562900
vn -0.885600 -0.102700 0.452900
vn -0.838800 -0.099900 0.535100
vn -0.408100 0.684900 0.603600
vn 0.116300 -0.878300 -0.463700
vn 0.284600 -0.947700 -0.144700
vn -0.731600 -0.277600 -0.622700
vn -0.757700 -0.228500 -0.611200
vn -0.228200 0.645100 0.729200
vn -0.282500 0.762400 0.582200
vn 0.760800 -0.642800 -0.090100
vn -0.158500 0.979800 0.121600
vn -0.933300 -0.126000 0.336400
vn -0.992400 0.015200 -0.122300
vn -0.786200 -0.018300 -0.617700
vn 0.852500 -0.130800 -0.506100
vn 0.880300 -0.073300 -0.468600
vn 0.063900 -0.160700 0.984900
vn -0.904800 0.425300 -0.018900
vn 0.191400 -0.967200 -0.166800
vn 0.801700 -0.474800 -0.363200
vn 0.845000 0.411900 -0.341000
vn -0.128000 0.207500 -0.969800
vn 0.290500 0.012300 0.956800
vn 0.307100 0.230200 0.923400
vn 0.961100 0.168300 0.219100
vn 0.653500 0.578100 -0.488500
vn 0.246400 -0.688200 0.682400
vn 0.293200 -0.687100 0.664800
vn -0.080800 -0.589800 -0.803500
vn 0.030600 0.919800 -0.391200
vn 0.984500 -0.073700 -0.159100
vn 0.325700 0.624500 0.709900
vn 0.768700 0.536400 -0.348400
vn 0.226800 -0.028500 -0.973500
vn 0.082300 0.995100 0.054400
vn -0.002000 0.999800 0.018300
vn -0.078100 0.048300 -0.995800
vn 0.095700 0.310700 -0.945700
vn -0.416600 0.267400 -0.868900
vn -0.873800 -0.485600 -0.023800
vn -0.220300 -0.839600 -0.496600
vn 0.329000 -0.617100 0.714800
vn -0.534500 -0.702700 -0.469500
vn 0.955000 -0.065300 0.289400
vn 0.870000 0.314900 0.379400
vn -0.460800 0.180500 0.869000
vn 0.926200 -0.073700 0.369600
vn 0.982300 -0.114600 0.148000
vn 0.574700 0.784000 0.234700
vn 0.576400 0.776800 0.253900
vn 0.988800 -0.043600 -0.142500
vn 0.667000 0.470100 0.578000
vn -0.606200 -0.530500 -0.592500
vn -0.015500 -0.651700 -0.758300
vn -0.770600 0.042900 0.635800
vn 0.881900 -0.417900 -0.218200
vn 0.893200 -0.289000 0.344400
vn 0.898900 -0.259100 0.353400
vn -0.881700 -0.205400 0.424800
vn 0.227000 0.884700 0.407200
vn -0.196700 0.905700 -0.375500
vn 0.959400 -0.005400 -0.281900
vn 0.324100 -0.001800 0.946000
vn 0.807900 -0.253600 -0.532000
vn 0.448700 0.006000 -0.893700
vn -0.868000 0.260800 -0.422600
vn 0.795800 0.023800 -0.605100
vn -0.166900 0.589100 -0.790600
vn -0.347800 0.509400 -0.787100
vn -0.898800 -0.422100 0.118500
vn -0.486000 -0.710900 0.508300
vn 0.718400 -0.532400 0.447800
vn 0.847200 -0.457100 0.270900
vn -0.673400 0.618100 -0.405500
vn -0.622200 0.653400 -0.431300
vn 0.811900 -0.075200 0.578900
vn 0.841100 -0.194800 0.504700
vn 0.045300 0.143600 -0.988600
vn -0.236900 0.017800 -0.971400
vn 0.669500 -0.119000 -0.733200
vn 0.578400 -0.689200 -0.436500
vn 0.074800 -0.183100 0.980300
vn 0.109200 -0.074400 0.991200
vn -0.726500 -0.288500 0.623700
vn 0.929500 -0.173400 -0.325400
vn -0.710900 -0.263200 0.652200
vn -0.693700 -0.305500 0.652200
vn -0.449700 0.535800 0.714700
vn -0.173700 -0.805000 0.567300
vn -0.196900 -0.801200 0.565000
vn -0.596700 0.740400 0.309500
vn -0.730200 0.540400 0.418000
vn -0.641300 0.559500 -0.525000
vn -0.667600 -0.026500 0.744000
vn -0.617600 0.485000 0.619200
vn -0.566400 0.815500 0.119200
vn -0.760700 -0.077000 0.644500
vn 0.589400 -0.614800 -0.524000
vn 0.553600 0.817700 0.158000
vn 0.242600 -0.217500 0.945400
vn 0.980400 -0.118400 0.157500
vn 0.982700 -0.113100 0.146700
vn 0.918400 -0.275300 0.284200
vn 0.086200 0.923300 0.374400
vn 0.650400 0.109100 0.751800
vn 0.820800 0.274200 0.501000
vn -0.965600 0.104400 0.238000
vn -0.665300 0.159000 0.729400
vn 0.883000 -0.019100 0.469100
vn 0.992900 0.064800 0.100200
vn 0.656000 0.457800 0.600100
vn 0.695500 0.453200 0.557600
vn -0.071100 0.954000 0.291300
vn -0.372700 -0.430000 0.822300
vn -0.110400 -0.945300 0.307000
vn 0.652200 0.733600 -0.190800
vn 0.882300 0.419500 -0.213600
vn 0.947500 -0.016400 0.319400
vn -0.832700 0.503700 0.230000
vn -0.722300 0.552800 0.415500
vn -0.064200 -0.890400 -0.450600
vn -0.020400 -0.927900 -0.372400
vn -0.489500 0.083600 -0.868000
vn 0.239600 0.270000 -0.932600
vn -0.862300 -0.004400 -0.506400
vn 0.917800 -0.362800 -0.161300
vn 0.978000 -0.205500 -0.034600
vn 0.639000 0.329700 0.694900
vn 0.635500 0.469900 0.612600
vn 0.353800 0.065300 0.933000
vn 0.643300 0.542900 -0.539800
vn 0.693400 0.586200 0.419000
vn 0.638500 0.566400 -0.521100
vn -0.856000 0.078800 -0.511000
vn -0.688700 0.180300 -0.702300
vn 0.337900 -0.834300 0.435600
vn -0.877700 0.173100 0.446800
vn -0.419300 0.591000 0.689200
vn -0.466200 -0.852600 -0.236200
vn -0.376100 -0.427300 -0.822200
vn 0.416600 -0.477800 -0.773400
vn -0.646600 -0.609400 0.458900
vn 0.577400 0.164300 0.799800
vn 0.832700 -0.251900 0.493100
vn -0.731400 0.047500 -0.680200
vn 0.964600 0.237800 0.114100
vn 0.388000 -0.792300 0.470900
vn 0.511500 -0.777400 0.366100
vn 0.971200 -0.225800 0.076700
vn -0.813800 -0.289000 0.504200
vn 0.023100 0.919000 0.393600
vn -0.797200 -0.231200 0.557700
vn -0.841300 0.313000 -0.440700
vn -0.813700 -0.012800 -0.581200
vn -0.835500 -0.409000 0.367000
vn -0.797000 -0.602500 0.042600
vn -0.031900 0.114900 -0.992900
vn -0.870000 -0.474700 0.133300
vn -0.229200 0.969700 0.084000
vn -0.894900 -0.200300 0.398700
vn 0.960800 0.090100 0.262200
vn -0.732900 -0.297700 -0.611800
vn -0.078000 -0.586400 -0.806200
vn -0.416300 0.021500 -0.909000
vn -0.457900 0.007200 -0.889000
vn -0.086500 -0.342900 0.935400
vn 0.044600 -0.470800 0.881100
vn 0.039900 -0.338100 0.940300
vn 0.866700 0.472500 0.159900
vn 0.866200 0.478300 0.144300
vn -0.810200 -0.183700 -0.556600
vn -0.821700 -0.189100 -0.537600
vn -0.765100 0.106900 -0.634900
vn -0.478500 0.109700 -0.871200
vn -0.970100 -0.055000 0.236300
vn -0.681800 0.036000 0.730600
vn -0.844500 -0.067400 0.531200
vn -0.800200 0.428000 0.420100
vn -0.984100 -0.165600 0.064900
vn 0.880900 0.202200 0.427900
vn 0.962500 -0.210300 0.171500
vn 0.876300 -0.272800 0.397000
vn -0.144300 0.189000 0.971300
vn -0.804000 0.024100 0.594100
vn -0.677600 0.204200 0.706500
vn -0.088100 -0.319800 -0.943400
vn -0.155900 -0.661100 -0.733900
vn -0.238500 -0.102200 0.965700
vn 0.791000 -0.395200 -0.467100
vn 0.010700 0.997500 -0.070200
vn -0.032700 0.997100 -0.068400
vn -0.156500 -0.238200 0.958500
vn -0.014200 0.431900 0.901800
vn 0.013600 0.361700 0.932200
vn 0.978900 -0.130000 0.157700
vn 0.986800 -0.075500 0.143600
vn 0.983300 0.138100 0.118500
vn -0.647600 0.751600 -0.125400
vn -0.678000 0.720900 -0.143800
vn 0.061900 0.107000 -0.992300
vn -0.784700 -0.319400 0.531200
vn -0.886600 0.404900 0.223800
vn -0.946300 -0.221800 0.235200
vn -0.466400 -0.731300 -0.497600
vn -0.878000 -0.241700 -0.413200
vn 0.940800 -0.100400 0.323800
vn 0.914500 -0.118100 0.387000
vn -0.460300 -0.741900 -0.487600
vn -0.852400 -0.407300 0.327900
vn 0.968000 0.131500 0.213900
vn 0.828700 0.542100 -0.139200
vn 0.893900 0.446700 0.037300
vn -0.001800 0.550700 0.834700
vn 0.095300 0.504900 0.857900
vn -0.663100 -0.664000 -0.345600
vn 0.966600 0.198000 0.162600
vn 0.957800 0.259100 0.124400
vn 0.960200 -0.264500 0.089500
vn -0.111900 0.981300 0.156400
vn -0.539400 0.307000 0.784100
vn 0.037400 0.900700 0.432800
vn 0.419000 0.803200 0.423400
vn -0.003500 -0.108800 -0.994100
vn 0.869600 0.197200 -0.452600
vn 0.045900 -0.932100 0.359200
vn -0.026400 -0.964400 0.263200
vn -0.993400 0.014500 -0.114100
vn 0.578600 -0.394300 -0.714000
vn 0.557800 -0.398200 -0.728200
vn 0.709200 0.016000 -0.704800
vn 0.644200 0.625200 -0.440600
vn 0.620100 0.617100 -0.484400
vn 0.821600 -0.160400 -0.547000
vn -0.515700 -0.574700 -0.635400
vn -0.331000 -0.902300 0.276100
vn -0.578900 -0.682700 0.445800
vn 0.957300 -0.288500 0.016100
vn 0.662800 -0.151700 -0.733300
vn 0.013400 -0.719000 -0.694800
vn 0.786200 0.157200 0.597600
vn -0.858400 -0.096400 0.503800
vn 0.511800 0.428400 0.744700
vn 0.535300 -0.718900 0.443500
vn 0.273500 0.400400 -0.874500
vn 0.734200 0.123900 -0.667600
vn 0.685300 -0.674900 0.273500
vn 0.812400 -0.500000 0.300000
vn 0.584000 0.420300 0.694500
vn -0.122200 -0.973800 0.191600
vn -0.991400 -0.112100 -0.067300
vn -0.631700 -0.173300 -0.755600
vn -0.914900 -0.088700 -0.393900
vn -0.895600 -0.169700 -0.411300
vn 0.794400 0.437400 -0.421300
vn 0.850600 0.181700 0.493300
vn 0.833100 0.132500 0.537000
vn -0.445900 0.004400 0.895100
vn 0.203100 -0.553700 0.807600
vn -0.828200 0.171000 0.533700
vn 0.771000 0.514500 -0.375400
vn 0.533700 0.133800 0.835000
vn 0.488000 0.218400 0.845100
vn 0.042700 -0.785100 -0.617800
vn -0.020600 0.996200 0.084500
vn -0.565000 0.483600 0.668600
vn 0.398600 0.019200 -0.916900
vn 0.653500 0.012400 -0.756800
vn 0.695400 0.028800 -0.718000
vn 0.857500 0.218300 -0.465900
vn 0.877200 0.466900 -0.112000
vn -0.379800 -0.154500 0.912100
vn 0.973200 -0.145600 0.178300
vn 0.279500 0.955500 -0.094500
vn 0.712400 0.282200 0.642500
vn 0.662300 0.739000 -0.123400
vn 0.893900 0.430600 -0.124700
vn 0.901800 -0.170400 0.397200
vn -0.448800 0.184000 0.874500
vn 0.978000 0.208800 -0.005300
vn 0.944400 0.328600 0.008500
vn -0.018200 0.020600 -0.999600
vn 0.017700 -0.336300 -0.941600
vn 0.836400 -0.454900 0.305900
vn -0.852500 -0.226700 -0.471000
vn 0.127800 -0.689000 -0.713400
vn -0.468800 -0.882200 0.043000
vn 0.262500 0.911300 -0.317200
vn 0.105800 0.993700 -0.036100
vn 0.015300 -0.107700 0.994100
vn 0.078000 -0.054800 0.995400
vn 0.047500 0.224400 0.973300
vn -0.054400 0.099100 -0.993600
vn -0.899400 -0.076100 -0.430400
vn 0.866100 0.295500 -0.403200
vn -0.814400 0.554100 -0.172200
vn -0.823800 0.385200 -0.415900
vn -0.180000 0.113600 -0.977100
vn 0.010600 -0.744000 -0.668100
vn -0.822500 0.337200 0.458000
vn 0.010000 0.530700 0.847500
vn 0.069400 0.546500 0.834600
vn -0.753100 -0.489900 -0.439200
vn -0.672700 -0.632400 -0.384100
vn 0.782000 -0.568800 -0.254800
vn 0.353200 0.929900 0.102600
vn 0.151200 0.980400 0.126000
vn 0.911500 0.399700 0.096700
vn 0.784700 0.247900 0.568200
vn 0.138100 -0.574700 0.806600
vn 0.421600 0.022400 -0.906500
vn 0.079600 0.940000 0.331800
vn 0.532900 -0.266900 0.803000
vn -0.056100 0.566400 -0.822200
vn -0.003900 0.591400 -0.806300
vn 0.395200 -0.618100 0.679500
vn 0.501500 -0.431800 0.749700
vn 0.882600 0.066700 0.465300
vn 0.317400 0.008800 0.948300
vn -0.002800 0.032900 -0.999500
vn -0.001600 -0.012500 -0.999900
vn -0.713500 -0.686000 -0.142700
vn 0.079600 -0.994200 0.071800
vn 0.310400 -0.927500 0.208200
vn 0.994300 -0.106400 -0.006500
vn 0.645500 -0.665600 0.374600
vn -0.872000 0.386400 -0.300500
vn 0.949100 -0.282500 0.139500
vn 0.864300 0.209200 -0.457400
vn 0.898800 -0.122100 -0.421100
vn 0.001100 0.262700 -0.964900
vn -0.975800 0.173400 0.133500
vn -0.455100 0.765000 -0.455700
vn -0.397900 0.516200 0.758400
vn -0.434000 0.235000 0.869700
vn 0.178000 0.896700 0.405300
vn 0.794500 -0.193100 -0.575700
vn 0.988600 -0.006800 -0.150600
vn 0.515700 0.793200 0.323700
vn 0.507000 0.394300 0.766400
vn -0.850400 -0.322000 0.416000
vn 0.107100 0.775600 -0.622100
vn -0.059700 -0.089500 0.994200
vn -0.043100 0.036300 0.998400
vn -0.790300 -0.166900 0.589500
vn -0.878000 -0.166900 0.448600
vn 0.857500 -0.042400 0.512800
vn 0.556000 0.336100 0.760200
vn 0.603000 -0.279300 0.747300
vn -0.863800 0.006000 0.503800
vn -0.802400 -0.238700 -0.546900
vn 0.900900 -0.004500 0.434000
vn -0.870500 0.260100 -0.417800
vn -0.001000 -0.490000 0.871700
vn -0.132200 -0.475900 0.869500
vn -0.619400 -0.069800 0.782000
vn 0.526400 -0.183700 0.830200
vn 0.446600 -0.186100 0.875100
vn -0.853300 -0.521300 -0.015000
vn -0.698100 -0.708300 0.104500
vn -0.677400 -0.096100 -0.729300
vn 0.434000 0.771200 0.465700
vn 0.056700 0.305300 0.950600
vn 0.719500 0.005200 0.694500
vn 0.561000 0.820500 0.109500
vn -0.880700 0.461900 -0.104700
vn 0.518600 -0.130100 0.845000
vn 0.187000 -0.084200 0.978700
vn 0.009200 -0.120400 0.992700
vn -0.690800 -0.152800 0.706800
vn -0.077300 -0.701000 0.709000
vn -0.023000 -0.797900 0.602300
vn 0.565000 0.614100 0.551000
vn -0.331200 -0.011500 0.943500
vn 0.460100 0.537700 0.706500
vn -0.685200 0.404600 -0.605600
vn 0.436000 -0.473300 0.765500
vn -0.570300 -0.138100 0.809700
vn -0.268300 -0.963300 -0.003500
vn -0.946400 0.300700 -0.117900
vn -0.865600 0.185300 0.465100
vn 0.133000 0.197000 -0.971300
vn -0.816900 -0.272600 0.508200
vn -0.459300 0.415100 0.785300
vn -0.547000 0.458500 0.700500
vn 0.444400 -0.149300 -0.883300
vn 0.602600 0.412100 0.683500
vn -0.932300 0.144000 -0.331700
vn -0.955800 0.111700 0.271800
vn 0.788100 -0.035600 0.614500
vn 0.899500 0.172200 -0.401600
vn 0.850400 0.525100 -0.033400
vn 0.225000 0.080400 -0.971000
vn 0.220400 0.104200 -0.969800
vn -0.914500 0.053700 -0.401100
vn -0.932900 0.022700 -0.359500
vn 0.165800 -0.368900 0.914600
vn 0.155700 -0.001700 0.987800
vn -0.914600 0.027900 -0.403500
vn -0.896300 0.014200 -0.443300
vn -0.203700 0.073900 -0.976200
vn 0.540300 -0.726500 -0.424600
vn 0.587500 -0.746400 -0.312600
vn 0.336300 0.475700 0.812800
vn 0.483100 0.633000 0.605000
vn 0.755000 -0.217900 -0.618500
vn 0.783500 0.429300 -0.449400
vn 0.348000 -0.919000 0.185400
vn -0.509500 0.631300 0.584700
vn -0.613900 0.786100 0.072500
vn -0.073400 0.655500 0.751600
vn -0.387700 0.643300 0.660200
vn 0.962500 0.227200 0.148400
vn 0.962400 0.227300 0.148600
vn 0.109200 -0.592300 0.798300
vn -0.115400 -0.788000 -0.604800
vn -0.557700 0.381500 0.737100
vn -0.190700 0.474900 0.859200
vn -0.667000 0.586000 0.460100
vn -0.253600 0.042000 0.966400
vn 0.883000 0.289200 0.369700
vn 0.930800 0.124500 0.343700
vn -0.859600 -0.431800 0.273000
vn -0.384400 -0.892400 0.236300
vn 0.648600 -0.285900 -0.705400
vn -0.012600 0.295700 -0.955200
vn 0.669800 -0.269000 -0.692100
vn -0.770100 -0.270000 0.578000
vn -0.732800 0.075900 0.676200
vn -0.380100 0.014600 0.924800
vn 0.892200 0.262900 0.367200
vn -0.795100 -0.019500 0.606100
vn -0.899900 -0.062400 0.431500
vn -0.871700 0.256100 0.417700
vn 0.652800 -0.444400 0.613500
vn 0.717600 -0.317200 0.620100
vn 0.868100 0.371500 -0.329200
vn 0.686800 -0.645100 -0.334900
vn 0.944800 0.313100 0.096900
vn 0.792800 0.378100 0.478000
vn -0.516300 -0.579000 -0.631000
vn -0.494300 -0.690800 -0.527700
vn -0.937800 0.146200 -0.314700
vn 0.268200 0.793700 0.546000
vn -0.384000 0.874500 -0.296200
vn -0.381200 0.824400 -0.418300
vn -0.956100 0.004200 0.293100
vn -0.900300 0.266500 -0.344200
vn -0.771900 0.512600 -0.376000
vn 0.879000 -0.252200 0.404600
vn 0.878100 -0.269100 0.395800
vn -0.404400 -0.824200 0.396600
vn -0.237700 -0.927900 0.287300
vn 0.770000 -0.461700 -0.440300
vn 0.779400 -0.414800 -0.469500
vn 0.049700 -0.141000 0.988800
vn 0.300500 0.014000 -0.953700
vn 0.389300 0.024600 -0.920800
vn -0.787300 -0.057100 -0.613900
vn 0.853900 -0.113000 0.508000
vn 0.935200 0.275800 0.222200
vn 0.898500 -0.081400 0.431500
vn 0.480400 0.795900 0.368500
vn -0.138100 0.121800 0.982900
vn 0.164200 -0.096000 0.981700
vn -0.674900 -0.019300 -0.737700
vn 0.855400 0.012000 0.517900
vn -0.415900 -0.512100 0.751500
vn -0.306500 0.033700 0.951300
vn -0.370000 0.090700 0.924600
vn -0.344700 0.060800 0.936700
vn 0.922300 -0.059500 -0.381800
vn -0.924900 0.377600 0.045200
vn -0.091800 0.115500 -0.989100
vn -0.631200 -0.422800 0.650200
vn -0.411300 -0.049900 0.910100
vn -0.988900 -0.095500 0.113500
vn 0.850000 -0.272500 0.450900
vn -0.966200 0.230000 0.116300
vn 0.847600 -0.457400 0.269200
vn -0.510700 -0.493700 0.703900
vn -0.757100 -0.101200 0.645400
vn -0.788400 -0.318200 0.526500
vn -0.683200 0.034800 0.729400
vn -0.599800 -0.183500 0.778800
vn -0.823000 0.500900 0.268000
vn -0.976300 0.188700 0.106100
vn -0.049200 0.016100 -0.998700
vn -0.364500 -0.240500 0.899600
vn 0.397400 -0.895300 0.201100
vn 0.123500 -0.211000 0.969600
vn -0.893900 -0.072400 -0.442400
vn 0.481400 0.748700 -0.455700
vn 0.680700 0.576100 -0.452600
vn -0.141600 0.989600 0.026000
vn 0.703100 0.469100 0.534300
vn 0.658000 0.465100 0.592200
vn 0.691100 0.311600 -0.652100
vn 0.376900 -0.407400 0.831800
vn 0.395500 -0.499300 0.770900
vn 0.281500 0.066700 -0.957200
vn 0.116100 0.032800 -0.992700
vn 0.120800 0.033500 -0.992100
vn 0.323000 0.489600 0.809900
vn 0.422800 -0.353400 0.834500
vn 0.305500 0.057100 -0.950500
vn -0.907500 -0.118300 0.403100
vn -0.913200 -0.108100 0.393000
vn 0.640300 0.157600 0.751800
vn -0.023100 0.219900 0.975200
vn -0.851100 -0.524400 -0.025100
vn 0.826700 -0.103700 0.553000
vn -0.821500 -0.494400 0.284000
vn -0.355500 -0.825300 0.438800
vn 0.025700 -0.242300 0.969900
vn 0.636600 -0.344000 0.690200
vn 0.825500 -0.106100 0.554400
vn 0.523200 0.330100 0.785700
vn 0.451800 0.549900 0.702500
vn -0.867400 -0.107100 0.486000
vn 0.817500 -0.261600 0.513100
vn 0.811900 -0.274800 0.515000
vn -0.683900 -0.616900 -0.389500
vn -0.599400 0.556400 -0.575500
vn -0.843500 -0.388300 -0.371100
vn 0.896500 -0.025200 0.442400
vn 0.917400 0.120000 0.379500
vn -0.033600 0.899600 0.435500
vn -0.586800 -0.591700 -0.552800
vn 0.036700 0.896700 0.441100
vn -0.132600 -0.469100 -0.873200
vn -0.400900 -0.541100 -0.739300
vn -0.929400 -0.363500 -0.063200
vn -0.051700 -0.568900 -0.820800
vn 0.156100 -0.472300 -0.867500
vn 0.617700 0.560500 0.551700
vn 0.020900 -0.635900 -0.771500
vn -0.645000 -0.020900 -0.763900
vn -0.638300 -0.006900 -0.769700
vn 0.750600 -0.127400 0.648300
vn 0.751500 -0.124200 0.647900
vn -0.961500 0.007900 -0.274600
vn -0.991000 0.026200 -0.131400
vn 0.996800 -0.076800 0.021800
vn 0.998100 -0.053000 0.032300
vn 0.612800 0.013500 0.790100
vn -0.978700 -0.086600 -0.186300
vn -0.028900 0.110300 -0.993500
vn 0.064800 0.294600 -0.953400
vn 0.066900 0.341800 -0.937400
vn 0.169100 -0.317200 0.933200
vn -0.524000 0.425100 0.738000
vn -0.589300 -0.046900 0.806600
vn 0.551900 -0.001100 -0.833900
vn 0.546700 -0.427000 -0.720300
vn 0.808600 -0.587200 0.035700
vn 0.855100 -0.490700 0.167300
vn 0.850700 -0.522300 0.059300
vn 0.742100 -0.667300 -0.063600
vn -0.737900 -0.554700 -0.384500
vn -0.871900 -0.330000 -0.361900
vn 0.267600 0.465500 0.843600
vn 0.945800 0.307700 0.103900
vn -0.752500 -0.200800 0.627200
vn -0.704200 -0.214400 -0.676900
vn 0.000700 -0.142000 0.989900
vn -0.649300 -0.757500 -0.068100
vn -0.623800 -0.721800 -0.299900
vn -0.590700 0.398800 0.701500
vn -0.803400 -0.240500 -0.544700
vn -0.832400 -0.539300 -0.127200
vn -0.705700 -0.683200 -0.187700
vn 0.775600 0.003100 -0.631200
vn 0.802700 -0.023900 -0.596000
vn -0.977600 0.166400 0.129000
vn -0.362400 -0.347900 0.864700
vn -0.663200 -0.096200 0.742200
vn 0.657200 -0.412900 -0.630500
vn 0.908700 0.009900 0.417400
vn 0.895200 -0.013100 0.445400
vn 0.437400 -0.229600 -0.869500
vn -0.590800 0.790100 0.163500
vn 0.403200 -0.778300 0.481300
vn -0.561700 -0.005100 0.827300
vn 0.482800 0.081600 -0.871900
vn -0.316500 0.946000 0.069500
vn -0.759400 -0.619600 -0.198400
vn -0.752000 -0.032200 0.658400
vn -0.016800 0.098000 -0.995000
vn -0.838600 -0.543900 0.028800
vn -0.558100 -0.589300 0.584200
vn -0.905700 0.349300 -0.240200
vn -0.145700 -0.342300 0.928200
vn 0.417600 -0.359700 0.834400
vn 0.141300 0.421900 0.895600
vn 0.914200 0.405100 -0.009500
vn 0.524600 -0.755700 -0.392200
vn 0.254200 0.458800 0.851400
vn -0.914800 -0.087600 0.394200
vn -0.006700 0.549700 0.835300
vn 0.547800 -0.470700 -0.691600
vn 0.437800 -0.360900 0.823400
vn -0.158200 0.872600 0.462100
vn -0.624700 -0.301800 -0.720200
vn -0.896900 -0.259900 -0.357800
vn -0.955600 0.243800 0.165700
vn -0.926600 -0.374400 -0.034500
vn 0.616900 -0.241500 0.749100
vn -0.671800 0.388600 0.630600
vn -0.668400 0.386800 0.635400
vn -0.422800 -0.199400 -0.884000
vn 0.820600 -0.314600 0.477100
vn 0.977900 -0.150800 0.145000
vn 0.201300 -0.755300 0.623700
vn 0.497600 0.670700 -0.550000
vn -0.588200 0.620800 0.518300
vn -0.791800 0.407100 0.455300
vn 0.843200 -0.256600 -0.472400
vn 0.844500 -0.231200 -0.483000
vn -0.804000 -0.193400 0.562300
vn -0.777900 -0.157400 0.608300
vn -0.732100 -0.275000 0.623300
vn -0.811000 0.341500 0.475000
vn -0.500800 0.374600 0.780400
vn -0.621900 0.106400 0.775800
vn -0.567900 0.088000 0.818400
vn 0.564600 -0.350400 0.747300
vn 0.973800 0.153100 0.167900
vn 0.405400 -0.455300 0.792700
vn 0.641100 0.501400 0.581000
vn 0.640900 0.400600 0.654800
vn 0.968400 0.167200 0.184800
vn -0.895000 0.010900 0.445800
vn 0.054300 0.994500 0.089600
vn -0.639900 -0.238400 0.730500
vn -0.716000 -0.266200 -0.645300
vn -0.976900 -0.205100 0.060700
vn 0.922200 -0.131900 0.363400
vn 0.695900 0.410000 0.589600
vn 0.984300 -0.170700 0.044600
vn 0.985700 -0.166800 -0.022500
vn 0.743200 -0.087500 0.663300
vn 0.681800 0.258600 0.684300
vn 0.459100 -0.315300 0.830500
vn -0.648300 0.611300 -0.454000
vn -0.685000 0.475700 -0.551800
vn -0.799000 0.249900 -0.547000
vn 0.987600 0.152500 0.038600
vn 0.989500 0.128600 0.065300
vn 0.803800 0.226900 0.549900
vn 0.571700 0.033700 0.819800
vn 0.674700 -0.627500 -0.388600
vn -0.990300 0.005000 -0.139200
vn 0.558600 -0.823900 -0.095800
vn 0.372700 -0.906600 -0.198000
vn -0.874800 -0.059900 -0.480800
vn 0.499300 -0.536900 -0.680000
vn -0.624200 0.136900 -0.769200
vn -0.955400 0.293500 0.033700
vn -0.998800 -0.000300 -0.049400
vn -0.748800 -0.043400 -0.661400
vn -0.081700 0.996600 0.007200
vn -0.627500 0.004100 -0.778600
vn -0.842600 0.538600 -0.000000
vn 0.932500 -0.214300 -0.290800
vn 0.676600 -0.705100 -0.212400
vn 0.929900 -0.337200 0.146600
vn 0.614300 -0.789000 0.013300
vn 0.627200 -0.748600 -0.215000
vn 0.166100 -0.726700 -0.666600
vn -0.603700 0.003100 -0.797200
vn 0.398200 0.442400 0.803600
vn 0.422300 0.516500 0.744900
vn 0.927800 -0.115500 -0.354800
vn 0.871700 0.095700 0.480600
vn -0.967000 -0.018200 -0.254200
vn -0.904600 0.416800 0.089600
vn -0.882100 0.461100 0.096500
vn -0.682600 0.255700 0.684600
vn -0.162500 -0.058000 0.985000
vn -0.458800 -0.275300 0.844800
vn -0.002400 0.992500 0.122400
vn 0.468100 -0.653100 -0.595300
vn -0.711800 -0.539500 0.449700
vn -0.710200 -0.582200 0.395700
vn 0.102000 -0.506800 0.856000
vn 0.013500 0.824200 -0.566200
vn -0.017200 0.825800 -0.563700
vn -0.938500 0.210600 -0.273500
vn -0.318200 -0.383200 0.867100
vn 0.890800 0.453800 0.020500
vn -0.927400 -0.089100 -0.363300
vn -0.954800 0.277200 -0.107600
vn -0.950200 -0.113300 -0.290400
vn -0.708200 -0.031900 0.705200
vn -0.842500 -0.501600 0.196600
vn -0.840100 0.342100 0.421000
vn 0.056900 -0.089200 0.994400
vn -0.896300 -0.226300 0.381400
vn -0.972200 -0.168300 0.162900
vn -0.975300 -0.088300 0.202400
vn -0.869700 -0.218600 0.442500
vn -0.407900 -0.262700 0.874400
vn -0.382900 -0.448700 0.807500
vn 0.740500 -0.325000 0.588300
vn -0.289200 0.047500 -0.956100
vn -0.839600 -0.212000 0.500200
vn -0.864100 0.174700 0.472000
vn 0.919600 0.368500 -0.136100
vn -0.669200 -0.288600 -0.684700
vn 0.607000 0.387400 0.693900
vn 0.106000 0.993000 0.051800
vn -0.564500 0.825200 -0.017900
vn 0.969100 0.155900 0.191100
vn 0.969200 0.167700 0.180500
vn 0.856300 0.002800 -0.516500
vn 0.808700 -0.059600 -0.585200
vn -0.664900 0.746900 0.007100
vn -0.693000 0.720500 -0.026100
vn 0.609700 -0.097000 0.786700
vn -0.858200 -0.024600 0.512700
vn -0.037900 -0.308900 0.950300
vn -0.406700 0.667200 0.624100
vn 0.887200 -0.357900 -0.291100
vn 0.924900 -0.311000 -0.218700
vn 0.942500 0.069300 0.327000
vn 0.433800 -0.549700 0.713900
vn 0.925200 -0.075300 -0.371900
vn 0.872100 0.442000 0.209800
vn -0.077300 0.088300 0.993100
vn -0.002000 -0.935900 -0.352300
vn 0.066500 -0.636300 -0.768600
vn -0.046700 -0.609000 -0.791800
vn -0.967200 0.027800 0.252600
vn 0.022000 0.989900 -0.139900
vn -0.937200 0.301700 0.174800
vn -0.332500 -0.929600 0.158800
vn -0.997300 0.005400 -0.072900
vn -0.966900 -0.174400 -0.186200
vn 0.301300 0.468500 0.830500
vn 0.629000 -0.000400 -0.777400
vn 0.910700 0.258300 0.322200
vn 0.593100 0.031600 -0.804500
vn 0.264100 -0.023900 -0.964200
vn -0.030200 0.112700 -0.993200
vn -0.387000 -0.639800 0.664000
vn -0.368300 -0.645600 0.669000
vn 0.994300 0.097800 -0.042700
vn 0.379500 -0.721200 -0.579500
vn 0.806000 -0.564900 -0.176800
vn 0.813300 -0.505300 -0.288500
vn 0.098000 -0.327200 0.939800
vn -0.252300 -0.291600 0.922700
vn -0.901800 0.418300 0.108800
vn -0.760900 -0.559800 -0.328100
vn 0.019800 0.992900 0.117300
vn 0.058300 -0.331100 0.941800
vn -0.531700 0.842100 0.090200
vn -0.561500 0.820500 0.107100
vn 0.954200 0.283400 0.095500
vn -0.855400 -0.055200 0.515100
vn 0.593700 -0.755500 -0.277000
vn -0.772800 -0.188400 0.606100
vn -0.943000 -0.232100 0.238500
vn 0.892400 -0.421600 -0.160700
vn 0.893300 -0.447400 -0.043100
vn 0.621800 -0.693600 -0.363800
vn -0.951400 -0.111900 0.287000
vn -0.920800 -0.241300 0.306300
vn 0.412700 -0.386300 0.824900
vn -0.028000 0.998100 0.054800
vn -0.375600 0.052000 -0.925300
vn 0.088800 0.862800 -0.497700
vn 0.643100 -0.357500 -0.677300
vn 0.808200 -0.334200 -0.484900
vn 0.809900 -0.278200 -0.516400
vn 0.029900 0.780400 -0.624500
vn 0.825300 0.021300 -0.564300
vn 0.651300 -0.260400 -0.712700
vn 0.910500 0.017100 -0.413100
vn -0.002300 -0.990400 0.138000
vn 0.820200 -0.155200 -0.550600
vn 0.843700 -0.169800 -0.509300
vn -0.652800 -0.681500 -0.330800
vn 0.664100 -0.745900 -0.050200
vn -0.741300 -0.236800 -0.628000
vn 0.664500 -0.746400 -0.036800
vn 0.422400 0.045700 -0.905300
vn 0.685800 0.177100 0.705900
vn 0.736900 0.229000 0.636100
vn 0.629300 0.631400 0.453200
vn 0.824400 -0.297000 0.481800
vn 0.979700 0.187200 0.071300
vn 0.914200 -0.004100 0.405100
vn 0.869200 0.169500 0.464500
vn -0.483400 0.073100 -0.872400
vn 0.658900 0.520100 0.543500
vn 0.973700 -0.042400 0.224100
vn -0.912200 0.409700 -0.002700
vn -0.193300 -0.668500 0.718100
vn -0.062300 -0.188900 0.980000
vn -0.991400 0.077400 -0.105100
vn 0.107800 0.177300 -0.978200
vn -0.902200 0.425200 0.072000
vn -0.897000 -0.009000 0.441900
vn 0.984600 -0.007000 -0.174400
vn -0.640200 -0.645000 -0.417200
vn -0.744900 0.135900 -0.653200
vn -0.733100 0.069800 -0.676500
vn -0.831000 0.017400 -0.556000
vn 0.965800 0.125300 -0.226900
vn 0.773700 0.337700 0.536000
vn 0.958800 0.156700 0.237100
vn -0.118300 0.041500 -0.992100
vn -0.739800 0.646500 -0.186300
vn -0.680900 0.713800 0.164000
vn 0.672200 0.739600 -0.033500
vn 0.172700 0.983800 -0.049200
vn -0.052400 -0.327700 -0.943300
vn -0.041800 -0.766700 -0.640700
vn -0.572300 0.443500 0.689800
vn -0.635200 0.572600 0.518400
vn -0.008100 0.558200 0.829700
vn 0.793900 -0.234500 0.561000
vn -0.381500 0.178600 -0.907000
vn -0.005900 0.510000 0.860100
vn -0.792000 -0.607800 -0.058100
vn -0.757200 -0.642200 -0.119500
vn 0.059400 0.129800 -0.989800
vn -0.898900 0.315300 -0.304300
vn 0.152800 0.298000 0.942300
vn -0.068400 0.360100 0.930400
vn -0.177400 0.950000 0.257100
vn -0.196500 0.909100 0.367400
vn -0.483500 0.137400 -0.864500
vn -0.672600 0.708500 -0.213800
vn -0.657800 0.218100 -0.721000
vn -0.656500 0.738100 -0.155800
vn -0.657400 0.695600 -0.289800
vn 0.978200 -0.010600 0.207300
vn 0.979200 -0.002500 0.202800
vn 0.502300 0.839500 0.207200
vn 0.466500 -0.726800 -0.504100
vn -0.228900 -0.720900 0.654200
vn 0.289200 -0.579200 0.762200
vn 0.806400 -0.246100 0.537700
vn -0.023800 0.415300 0.909400
vn -0.314000 -0.552100 0.772400
vn 0.030800 -0.778900 -0.626300
vn -0.033800 -0.775300 -0.630700
vn -0.786200 -0.213100 -0.580000
vn 0.894100 -0.022600 0.447200
vn -0.517800 -0.231600 -0.823500
vn 0.128200 -0.171800 -0.976800
vn 0.962300 0.212300 0.169800
vn -0.074700 0.149000 -0.986000
vn -0.065600 0.413200 -0.908300
vn 0.591500 0.775700 0.220300
vn 0.535100 0.616700 -0.577400
vn 0.447900 0.055200 0.892400
vn 0.441800 -0.065100 0.894800
vn -0.214100 -0.976700 -0.010900
vn -0.954400 -0.223200 0.198400
vn -0.467500 0.356300 0.809000
vn -0.513400 0.833400 0.204600
vn -0.516100 0.833600 0.196700
vn -0.303600 0.254800 0.918100
vn 0.973500 0.169300 -0.153600
vn 0.004100 -0.648600 0.761100
vn 0.989100 0.020400 -0.145800
vn 0.597800 0.644200 0.477000
vn 0.824300 0.100400 0.557200
vn -0.391600 -0.029900 0.919600
vn 0.892800 -0.156500 -0.422300
vn 0.748200 -0.519300 -0.412900
vn 0.772300 -0.270900 -0.574500
vn 0.531000 0.483500 -0.695900
vn -0.023900 0.797500 -0.602800
vn -0.114600 0.992600 0.039600
vn 0.930900 0.357700 0.074200
vn 0.139300 -0.150500 0.978700
vn 0.487900 -0.539700 0.686100
vn 0.362200 0.910300 0.200200
vn 0.668700 0.742400 -0.041100
vn 0.972600 0.112900 0.203300
vn 0.962700 0.128000 0.238500
vn -0.743100 0.579400 -0.334900
vn -0.123500 0.792900 -0.596800
vn -0.096000 0.799900 -0.592400
vn -0.009400 0.362000 -0.932100
vn -0.570200 -0.070900 0.818500
vn -0.586700 0.175800 0.790500
vn 0.672200 -0.180500 0.718000
vn -0.597200 -0.074500 0.798600
vn 0.989500 0.016500 -0.143900
vn 0.803300 -0.392600 0.447900
vn 0.715800 0.376200 0.588300
vn 0.572500 -0.819700 0.018400
vn 0.678500 -0.641800 0.357300
vn 0.271300 -0.411800 -0.870000
vn 0.223400 -0.104800 -0.969100
vn -0.909000 0.188900 -0.371600
vn 0.983800 0.177300 0.025900
vn 0.055000 0.243700 -0.968300
vn 0.055300 -0.351000 0.934700
vn 0.088400 -0.083900 0.992500
vn -0.427500 -0.868200 0.252100
vn -0.839900 -0.331500 0.429800
vn 0.664000 0.620900 -0.416600
vn -0.347500 0.254200 0.902600
vn -0.838000 0.517600 -0.172900
vn 0.837900 0.367800 -0.403400
vn 0.846300 -0.394500 0.358000
vn 0.903500 0.346800 -0.251900
vn 0.639900 -0.351100 0.683600
vn -0.723900 -0.283500 -0.628900
vn -0.578900 0.510100 0.636100
vn -0.587400 0.270900 0.762600
vn 0.714300 0.329600 0.617300
vn 0.693700 -0.027100 -0.719700
vn -0.323300 0.028100 -0.945900
vn 0.008900 0.310500 0.950500
vn 0.033300 -0.243100 0.969400
vn 0.032200 -0.168900 0.985100
vn -0.733800 -0.653300 -0.186500
vn 0.658200 -0.404800 0.634800
vn 0.616200 -0.444600 0.650100
vn -0.049200 -0.886800 0.459600
vn 0.668300 0.390000 0.633500
vn -0.825100 0.113900 -0.553500
vn -0.906800 0.075400 -0.414700
vn -0.466300 -0.503400 0.727400
vn -0.915700 -0.400700 0.031400
vn -0.968000 -0.236700 -0.083900
vn -0.660800 -0.299300 -0.688300
vn -0.682000 -0.635500 -0.361900
vn -0.606800 -0.684500 -0.404000
vn 0.873900 0.278700 0.398200
vn -0.648800 -0.758700 -0.059200
vn 0.238200 -0.816400 -0.526100
vn -0.927600 -0.256700 0.271300
vn -0.969600 -0.021400 0.243600
vn -0.758600 -0.454500 0.466900
vn 0.874000 -0.485600 0.016100
vn 0.808800 -0.579900 0.097700
vn 0.767200 -0.518800 -0.377100
vn -0.460200 0.424700 0.779700
vn 0.868200 0.417100 0.268700
vn 0.569200 -0.732400 -0.373800
vn 0.668100 -0.721800 -0.180600
vn -0.858300 -0.321600 0.399900
vn -0.887600 -0.269900 0.373200
vn -0.637000 0.416100 0.648900
vn 0.134200 0.942100 0.307400
vn 0.867700 0.424100 0.259200
vn 0.673200 -0.628500 -0.389500
vn -0.827600 -0.147900 -0.541400
vn -0.804500 -0.127000 -0.580200
vn -0.769100 -0.270200 0.579200
vn 0.501900 0.488000 0.714100
vn -0.005800 0.743400 -0.668800
vn -0.067300 0.889700 0.451500
vn -0.244100 0.895700 0.371700
vn 0.874600 -0.115700 -0.470900
vn 0.803500 -0.267200 -0.532000
vn -0.898900 0.436200 0.041200
vn 0.907200 -0.020700 -0.420300
vn 0.917800 0.025100 -0.396300
vn 0.961700 -0.123000 -0.245100
vn 0.972300 0.019000 -0.232800
vn -0.526500 0.701500 -0.480300
vn -0.931100 0.358500 -0.067000
vn 0.866100 0.231900 -0.442800
vn 0.799200 0.269600 -0.537300
vn 0.806800 0.298100 -0.510200
vn 0.389100 0.070300 0.918500
vn 0.843200 -0.270500 0.464500
vn 0.743700 0.483800 0.461400
vn 0.810900 -0.263200 0.522700
vn 0.738900 -0.088800 0.667900
vn 0.863000 -0.309600 0.399300
vn 0.869100 -0.280500 0.407300
vn -0.986100 0.018300 -0.165100
vn -0.867300 0.351700 -0.352300
vn 0.804600 -0.277200 0.525200
vn 0.923600 -0.197400 -0.328700
vn 0.619300 0.565500 0.544700
vn -0.760500 0.638700 0.117200
vn 0.757500 -0.644800 0.102100
vn -0.874900 -0.390600 -0.286300
vn -0.791600 -0.559300 -0.246100
vn -0.498400 -0.006300 -0.866900
vn 0.803200 0.269400 0.531300
vn 0.934400 0.214100 -0.284700
vn -0.559700 -0.195100 0.805400
vn 0.593100 -0.644900 -0.482000
vn 0.950600 0.308200 0.038000
vn -0.981600 0.089800 -0.168800
vn -0.957400 0.172200 0.231600
vn -0.954200 0.174300 0.243000
vn -0.947600 0.194600 0.253500
vn -0.612200 -0.719400 -0.328200
vn -0.613400 -0.716700 -0.331800
vn -0.593500 0.018000 0.804600
vn 0.655800 0.739700 -0.150800
vn 0.981200 -0.061400 -0.183200
vn -0.969400 0.006100 0.245600
vn -0.560300 -0.573500 0.597600
vn -0.685200 -0.472900 -0.553900
vn -0.751700 0.002800 -0.659500
vn 0.067300 -0.694500 -0.716300
vn -0.409900 0.126700 0.903300
vn 0.550700 0.565700 -0.613800
vn -0.657200 -0.600500 0.455600
vn 0.484200 -0.211100 -0.849100
vn 0.205800 -0.447200 -0.870400
vn -0.802900 0.596000 0.009000
vn -0.787700 -0.025900 0.615500
vn 0.551900 0.112300 -0.826300
vn 0.524300 0.121100 -0.842900
vn 0.185200 0.059900 -0.980900
vn 0.619100 0.248700 -0.744900
vn 0.315700 0.548900 0.774000
vn -0.098200 -0.568800 0.816600
vn -0.030400 -0.876800 0.480000
vn -0.674900 0.725700 -0.133500
vn -0.454900 -0.760300 -0.463700
vn -0.880100 -0.474400 0.018700
vn -0.873700 -0.057400 -0.483000
vn -0.863900 -0.129700 -0.486600
vn 0.662500 0.622000 -0.417400
vn -0.862500 0.210100 -0.460400
vn 0.982700 0.119000 -0.142000
vn 0.444800 0.472900 0.760600
vn 0.346100 0.446400 0.825200
vn -0.975200 0.019100 -0.220300
vn -0.201200 -0.714900 -0.669600
vn 0.997100 0.005100 0.076600
vn -0.842900 -0.344000 -0.413800
vn -0.419100 -0.575900 -0.702000
vn -0.990700 -0.072800 0.114800
vn 0.964600 -0.213000 0.155300
vn 0.939100 -0.235800 0.250000
vn -0.642300 -0.752800 -0.144200
vn -0.671000 -0.732200 -0.116900
vn -0.127300 0.786700 -0.604000
vn 0.620300 0.551000 0.558200
vn -0.017300 0.968900 0.246800
vn -0.048500 0.964800 0.258400
vn 0.977600 -0.082900 0.193400
vn 0.334600 0.045700 0.941300
vn -0.067100 0.880900 -0.468400
vn -0.419800 0.773600 -0.474700
vn -0.006300 0.813400 -0.581600
vn -0.866600 -0.072300 0.493800
vn -0.906500 0.007500 0.422200
vn -0.916100 -0.366400 0.162600
vn -0.978800 -0.204600 0.012900
vn 0.818100 -0.269800 -0.507800
vn -0.092800 0.937100 0.336600
vn 0.043000 0.694400 -0.718300
vn -0.681800 0.412100 -0.604500
vn -0.665200 0.267300 0.697200
vn -0.668100 0.630700 -0.394800
vn -0.348600 0.458100 0.817700
vn 0.767100 0.099300 0.633800
vn -0.725600 -0.128000 0.676100
vn -0.728500 0.234900 -0.643500
vn 0.688100 0.452200 -0.567400
vn 0.574000 0.811400 0.110500
vn -0.858500 -0.224600 0.460900
vn -0.845600 -0.254500 0.469300
vn -0.652000 0.390100 -0.650200
vn -0.594200 -0.772500 -0.224000
vn -0.627400 0.292500 -0.721600
vn 0.784800 -0.139600 0.603800
vn 0.759300 -0.099400 0.643100
vn -0.852300 -0.491200 0.179500
vn -0.617400 -0.713200 -0.332000
vn 0.759800 -0.098300 0.642700
vn -0.686300 -0.645000 -0.336100
vn -0.150000 0.948300 0.279700
vn 0.369400 0.251000 0.894700
vn 0.651900 -0.358100 0.668400
vn 0.813500 -0.096400 0.573400
vn 0.868300 -0.045100 -0.494000
vn -0.109400 0.921000 0.373900
vn -0.615500 0.496200 0.612400
vn -0.595200 0.481300 0.643600
vn 0.600000 -0.251000 0.759600
vn 0.436500 -0.823600 0.362200
vn 0.628800 -0.771200 -0.099400
vn 0.643700 -0.756200 -0.117800
vn -0.393600 0.813000 0.429200
vn 0.858400 0.055500 -0.510000
vn -0.635600 0.070200 -0.768800
vn -0.455000 -0.827500 -0.329000
vn 0.591900 0.374600 0.713600
vn 0.492400 0.165500 0.854500
vn -0.470000 0.800900 0.371000
vn -0.515500 0.781800 0.350800
vn -0.021100 -0.285600 0.958100
vn -0.288600 -0.251600 0.923800
vn 0.443800 -0.053200 -0.894500
vn -0.796400 -0.220600 0.563100
vn 0.840500 0.099600 0.532700
vn -0.310600 0.508300 0.803300
vn -0.861400 0.283800 -0.421200
vn -0.430100 0.219900 -0.875600
vn -0.286900 0.906500 0.309800
vn 0.873600 -0.262000 0.410100
vn -0.668300 0.271500 0.692500
vn 0.385400 -0.904300 -0.183700
vn 0.800400 -0.076500 -0.594600
vn 0.782100 -0.435400 -0.445800
vn 0.015000 0.769700 -0.638200
vn 0.806100 -0.505900 -0.307200
vn 0.715600 -0.381800 -0.585000
vn 0.059900 0.775600 -0.628300
vn 0.872200 0.470500 0.133900
vn 0.644500 0.749900 0.148900
vn -0.268800 0.823400 0.499800
vn 0.617700 -0.497600 -0.608900
vn -0.423600 0.763900 0.486800
vn -0.870900 0.286900 0.399000
vn 0.979100 0.141200 -0.146500
vn 0.786600 -0.174400 0.592300
vn 0.791800 -0.154300 0.590900
vn -0.955400 -0.005600 0.295100
vn -0.962700 -0.006800 0.270600
vn -0.552400 0.019100 0.833400
vn 0.446100 -0.571400 0.688800
vn 0.981500 0.132300 -0.138700
vn 0.396900 0.144400 -0.906400
vn 0.466700 0.866600 0.176900
vn 0.429200 0.203600 -0.880000
vn 0.201500 -0.818100 0.538600
vn 0.673800 -0.420200 0.607800
vn 0.678400 0.721700 -0.137400
vn 0.272800 0.421900 0.864600
vn -0.123400 -0.327700 0.936700
vn 0.807300 -0.131200 0.575400
vn -0.811700 0.279000 0.513100
vn -0.319300 -0.176700 0.931000
vn -0.780400 0.538300 0.318200
vn -0.845700 0.049600 0.531300
vn -0.378100 0.610700 0.695700
vn -0.816400 0.276400 0.507000
vn -0.910600 0.308000 0.275700
vn 0.538900 -0.292900 0.789800
vn 0.915600 0.215800 0.339300
vn 0.777700 -0.081800 -0.623300
vn -0.073300 -0.541200 0.837700
vn 0.298700 0.448500 0.842400
vn 0.839700 0.468800 0.274000
vn -0.948600 0.170400 0.266600
vn -0.952300 0.153100 0.263800
vn -0.973700 -0.068100 0.217500
vn -0.854600 -0.240300 0.460300
vn -0.996900 -0.047400 -0.062700
vn -0.402000 0.195900 0.894400
vn -0.092100 0.831100 0.548400
vn 0.208200 -0.848500 0.486500
vn -0.958900 0.185800 0.214500
vn -0.686000 0.712800 -0.146000
vn 0.059100 -0.343300 -0.937400
vn -0.423900 -0.903500 0.063300
vn -0.380800 -0.924200 0.030500
vn 0.200200 -0.666100 0.718500
vn -0.433400 -0.093500 0.896300
vn -0.806600 0.208000 0.553200
vn -0.416000 -0.009500 0.909300
vn -0.212000 -0.894200 0.394400
vn -0.215100 -0.864000 0.455200
vn 0.550200 0.168300 0.817900
vn 0.028000 0.199400 -0.979500
vn 0.435700 0.154400 -0.886700
vn 0.923500 0.371000 0.097200
vn 0.002200 0.206000 -0.978500
vn 0.424200 0.811000 -0.403000
vn 0.363600 0.789700 -0.494100
vn -0.594000 0.721400 0.356100
vn -0.228200 0.972100 -0.054200
vn 0.818600 -0.202600 0.537500
vn 0.628400 0.745400 0.222700
vn 0.616700 0.762900 0.194100
vn 0.871200 0.168800 -0.461000
vn 0.871000 0.138600 -0.471300
vn 0.981900 -0.187500 0.028200
vn -0.640600 0.002900 0.767900
vn -0.436300 0.881100 0.182500
vn -0.596200 0.741500 0.307800
vn -0.999400 0.001800 0.034800
vn -0.711800 -0.202700 0.672500
vn -0.859300 -0.018600 0.511200
vn -0.539200 0.151400 -0.828500
vn -0.607300 0.490000 0.625300
vn -0.393900 0.466800 0.791800
vn 0.887600 -0.089800 0.451800
vn 0.865800 -0.105100 0.489200
vn -0.690200 -0.615600 -0.380300
vn -0.713900 -0.605400 -0.352000
vn 0.798300 0.548100 -0.249600
vn 0.840300 0.539000 -0.058400
vn 0.527000 -0.371100 -0.764600
vn -0.642600 -0.231500 0.730400
vn -0.966000 0.169000 0.195500
vn -0.596100 -0.039800 0.801900
vn -0.999900 -0.012700 -0.003300
vn 0.420700 0.826500 0.374000
vn 0.284700 0.909500 0.302800
vn -0.820100 0.161800 -0.548900
vn -0.800900 -0.004900 -0.598800
vn -0.807200 -0.335200 -0.485800
vn 0.620300 -0.151900 0.769500
vn 0.677200 -0.242300 0.694800
vn 0.809000 -0.243200 0.535200
vn 0.085400 0.137200 -0.986900
vn -0.337100 0.375700 0.863300
vn -0.312400 0.127800 0.941300
vn 0.879000 0.068600 -0.471800
vn 0.124900 0.965300 0.229200
vn -0.603400 0.762100 0.234800
vn 0.808500 0.588400 -0.009800
vn 0.950100 -0.054900 -0.307200
vn 0.855900 -0.133800 -0.499600
vn -0.795600 -0.107800 0.596200
vn -0.431400 -0.530700 0.729600
vn -0.445800 0.441500 0.778700
vn -0.649700 0.596100 0.471700
vn -0.660400 -0.275500 -0.698600
vn -0.624800 -0.401000 -0.669900
vn 0.496100 -0.327900 0.804000
vn 0.440000 -0.324200 0.837400
vn 0.649800 0.412000 0.638800
vn 0.728500 -0.075500 0.680900
vn 0.747000 -0.070200 0.661100
vn 0.930500 0.084100 0.356500
vn 0.914200 -0.002700 0.405200
vn 0.781800 -0.557600 -0.279000
vn -0.973900 -0.054900 -0.220200
vn 0.808100 -0.526400 -0.264400
vn -0.096800 -0.436900 -0.894300
vn -0.330900 -0.207800 -0.920500
vn 0.022100 -0.115300 -0.993100
vn -0.177300 -0.206600 -0.962200
vn 0.921900 -0.083800 0.378400
vn -0.004600 0.439700 0.898100
vn 0.944600 -0.167200 -0.282500
vn 0.672700 -0.294200 -0.678900
vn 0.717400 -0.268200 -0.643000
vn -0.041100 -0.316200 0.947800
vn 0.695300 -0.303700 0.651400
vn 0.784300 0.022900 0.619900
vn 0.760000 -0.005300 0.650000
vn -0.024700 -0.261000 0.965000
vn -0.130300 0.051100 -0.990200
vn 0.720300 -0.434200 0.541000
vn 0.814900 -0.402300 0.417200
vn 0.787800 -0.027500 -0.615400
vn -0.752700 0.425500 0.502400
vn -0.860600 0.497100 0.110700
vn -0.764500 0.639800 0.079200
vn 0.554000 -0.248200 0.794600
vn -0.502400 0.002400 0.864700
vn 0.756800 0.084600 0.648100
vn -0.884200 0.108600 0.454300
vn -0.969100 -0.159700 0.187900
vn -0.015100 0.860700 -0.508800
vn 0.593600 0.510800 0.621900
vn 0.383100 0.824700 0.416000
vn -0.974500 0.160500 0.156500
vn -0.120400 -0.719200 -0.684200
vn 0.994300 -0.090500 -0.057200
vn 0.981100 -0.184700 -0.057100
vn 0.003600 -0.250000 0.968200
vn 0.599300 0.232400 -0.766100
vn 0.942000 0.300900 -0.148700
vn 0.971000 -0.071900 0.228100
vn 0.767000 0.323800 -0.553900
vn -0.197000 0.001100 0.980400
vn -0.228600 0.572900 -0.787100
vn 0.964200 -0.004600 0.265100
vn -0.777500 0.595600 -0.202000
vn -0.966700 0.149900 0.207600
vn -0.609400 0.773700 0.173200
vn 0.075600 0.764100 -0.640700
vn -0.003100 0.773200 -0.634200
vn -0.975500 -0.121400 -0.183400
vn -0.876800 -0.186800 -0.443200
vn 0.271200 -0.864800 -0.422700
vn 0.606000 -0.457400 -0.650800
vn 0.666600 -0.118300 -0.736000
vn 0.683900 -0.079500 -0.725300
vn 0.118600 0.077700 -0.989900
vn 0.586200 0.560100 0.585400
vn 0.901900 0.316800 0.293500
vn -0.334300 0.238200 0.911900
vn -0.953200 0.149900 0.262700
vn -0.342900 0.044900 0.938300
vn -0.286300 -0.231800 0.929700
vn -0.130200 -0.155700 0.979200
vn 0.865100 0.493100 -0.092200
vn -0.368600 0.481700 0.795000
vn 0.949500 0.297500 0.099700
vn 0.947500 0.302500 0.103500
vn -0.790000 -0.283600 -0.543500
vn -0.762900 -0.391700 -0.514400
vn 0.379900 0.367600 0.848900
vn -0.201300 -0.741000 -0.640600
vn 0.455900 0.834500 0.309500
vn 0.008600 0.480000 -0.877200
vn -0.007000 0.501000 0.865400
vn 0.007300 0.499500 0.866300
vn -0.124000 -0.964300 -0.234000
vn 0.019400 -0.994100 -0.106500
vn 0.080600 -0.884500 -0.459400
vn 0.908600 0.172200 -0.380600
vn -0.825300 -0.171300 0.538000
vn -0.078500 0.096900 -0.992200
vn 0.026300 -0.386500 0.921900
vn 0.280800 -0.414200 0.865800
vn 0.258300 0.452200 0.853700
vn -0.053100 0.997100 0.053700
vn -0.650900 -0.724500 0.226700
vn -0.884100 -0.436600 -0.166500
vn 0.025400 -0.682100 -0.730800
vn -0.820900 -0.508400 -0.260000
vn 0.145300 0.608600 0.780000
vn -0.164600 0.027700 0.986000
vn 0.059000 0.811700 -0.581000
vn 0.546200 0.209900 0.810900
vn 0.099500 -0.105800 0.989400
vn 0.128100 0.617700 0.775900
vn 0.335200 0.302500 0.892300
vn 0.181600 0.918900 0.350300
vn -0.975400 0.105400 -0.193600
vn -0.922400 0.098600 0.373500
vn -0.871300 0.029000 0.490000
vn -0.820900 0.248800 0.514100
vn 0.915300 -0.142800 0.376600
vn -0.021800 0.441900 0.896800
vn 0.708200 -0.151600 0.689500
vn -0.029600 0.998100 0.053200
vn 0.620700 -0.013700 0.783900
vn -0.932400 0.049000 -0.358000
vn -0.932500 0.048800 -0.357900
vn -0.108700 0.981100 0.160000
vn 0.131900 0.991300 0.004800
vn 0.833300 0.406800 -0.374300
vn 0.811500 0.362900 -0.458100
vn -0.099600 0.981900 0.161200
vn -0.655600 0.476000 -0.586200
vn -0.685200 0.426700 -0.590300
vn -0.632700 -0.322000 -0.704200
vn 0.468600 -0.308200 0.827900
vn -0.685100 -0.341500 -0.643400
vn -0.284100 -0.137800 0.948800
vn -0.577000 -0.315300 0.753400
vn -0.421200 -0.264900 0.867400
vn 0.872600 0.423100 0.244200
vn -0.100000 -0.555400 -0.825600
vn -0.284100 -0.621600 -0.730000
vn 0.319800 0.695300 -0.643600
vn 0.822600 0.462700 -0.330400
vn -0.874600 0.044900 0.482800
vn 0.696600 -0.448800 0.559800
vn 0.304800 0.159300 0.939000
vn -0.604600 -0.720700 0.339100
vn 0.395700 -0.918300 0.015400
vn -0.615800 0.199500 -0.762300
vn 0.909800 -0.299300 -0.287500
vn -0.128600 0.964300 0.231600
vn -0.858600 -0.236500 -0.454800
vn -0.850700 -0.375200 -0.368200
vn 0.876200 -0.309100 0.369900
vn -0.886400 -0.128300 -0.444700
vn 0.905900 0.322300 0.274800
vn 0.830100 0.354900 0.430000
vn -0.913800 -0.073900 0.399400
vn -0.914000 -0.085800 0.396600
vn -0.930500 -0.264000 0.253900
vn -0.989900 -0.109600 0.089700
vn -0.759400 -0.171900 0.627500
vn -0.716900 -0.286600 0.635500
vn 0.006400 0.022800 -0.999700
vn 0.521000 0.841200 0.144400
vn 0.515600 0.844500 0.144600
vn -0.956400 0.122100 0.265300
vn 0.402000 -0.354600 -0.844200
vn 0.478800 -0.066900 -0.875400
vn -0.419900 0.162300 0.892900
vn 0.654800 -0.347200 -0.671300
vn -0.654800 -0.611900 0.443700
vn -0.522500 -0.032500 0.852000
vn -0.976700 -0.058100 -0.206800
vn -0.430000 0.748400 0.505000
vn -0.731200 0.304200 0.610600
vn 0.650900 0.191500 0.734700
vn 0.578600 0.211500 0.787700
vn -0.778100 -0.090800 -0.621600
vn 0.827400 0.167900 0.535900
vn 0.401200 0.360900 0.841900
vn -0.757600 -0.108100 -0.643800
vn 0.000400 0.109400 -0.994000
vn -0.428000 -0.021500 -0.903500
vn 0.532400 -0.000700 -0.846500
vn 0.974000 0.049400 0.221100
vn 0.578100 0.506600 0.639700
vn 0.578100 0.508200 0.638400
vn -0.487700 0.544400 0.682400
vn -0.746700 -0.111600 0.655800
vn -0.581700 0.432600 0.688900
vn 0.021100 0.526200 0.850100
vn -0.978100 -0.139700 0.154300
vn 0.914500 -0.284600 0.287400
vn 0.700500 0.485600 0.523000
vn 0.674400 0.514300 0.529800
vn 0.263000 -0.924100 0.277200
vn 0.364400 -0.247900 0.897600
vn 0.395300 0.566300 0.723200
vn -0.575100 -0.386400 -0.721100
vn 0.397600 0.358100 0.844800
vn 0.387600 -0.024900 0.921500
vn -0.838800 0.001700 0.544500
vn 0.980800 0.194300 0.014400
vn 0.666800 -0.655600 -0.354300
vn -0.659600 -0.727400 0.189300
vn -0.827400 -0.368600 0.423800
vn -0.877700 -0.066400 0.474600
vn -0.653900 0.368000 0.661000
vn -0.237300 -0.795100 0.558100
vn -0.177600 -0.800700 0.572100
vn -0.353200 0.386000 0.852200
vn -0.871400 -0.295700 0.391500
vn 0.672500 -0.704400 -0.226800
vn 0.406400 0.020900 -0.913500
vn 0.834000 0.440300 -0.332600
vn 0.783600 0.502000 -0.366100
vn 0.654000 -0.635400 -0.410600
vn 0.845300 0.007800 0.534200
vn 0.976900 0.060300 0.204800
vn -0.723900 -0.083800 0.684800
vn -0.888300 0.230600 -0.397100
vn -0.462600 0.335000 0.820800
vn -0.374800 0.266400 0.888000
vn -0.833900 -0.551600 0.020300
vn 0.802700 -0.363200 0.473000
vn 0.839100 -0.301700 0.452700
vn 0.029800 0.876400 -0.480600
vn 0.803200 -0.524200 -0.282800
vn 0.871800 -0.369000 -0.322200
vn 0.818500 0.217200 0.531800
vn 0.608000 0.510500 0.608100
vn 0.084000 -0.630900 -0.771300
vn 0.074700 -0.813100 -0.577300
vn -0.840600 -0.314000 0.441300
vn -0.823300 -0.309700 0.475700
vn -0.713700 -0.014000 0.700300
vn -0.810600 -0.048800 0.583500
vn 0.486300 0.078900 -0.870200
vn 0.559300 0.081500 -0.824900
vn -0.043000 -0.968000 -0.247400
vn -0.631000 -0.536200 -0.560600
vn 0.562200 0.484800 0.670000
vn -0.541400 0.491100 0.682500
vn -0.687400 0.078600 0.722000
vn -0.659400 0.002000 0.751800
vn -0.619300 -0.447300 0.645300
vn 0.764200 -0.110700 -0.635400
vn 0.059200 -0.870900 0.487800
vn -0.782400 0.053100 -0.620500
vn 0.326700 -0.356800 0.875200
vn -0.973200 -0.110600 -0.201600
vn -0.609200 -0.446500 -0.655400
vn -0.694100 0.001400 -0.719900
vn -0.983200 -0.138800 -0.118300
vn -0.061600 0.683100 0.727700
vn -0.066200 0.837800 0.542000
vn 0.160700 0.048500 -0.985800
vn 0.237100 0.299700 -0.924100
vn -0.604000 0.430600 0.670700
vn 0.932100 -0.106700 -0.346200
vn -0.978600 0.116600 0.169500
vn -0.984300 0.112000 0.136100
vn 0.002600 0.835400 0.549600
vn -0.604100 0.386300 0.697000
vn -0.255200 0.503100 0.825700
vn 0.606100 0.448900 0.656700
vn 0.905900 0.101700 0.411100
vn -0.616700 0.377700 0.690600
vn -0.596700 0.384100 0.704600
vn 0.059900 -0.023900 -0.997900
vn -0.674600 -0.737000 -0.042000
vn 0.906400 -0.236800 0.349800
vn 0.893000 -0.226000 0.389200
vn 0.001500 -1.000000 -0.001300
vn -0.214200 -0.973600 -0.079000
vn 0.977900 -0.051300 -0.202500
vn -0.041900 -0.171900 0.984200
vn 0.177600 -0.798400 0.575400
vn 0.318700 -0.536500 0.781400
vn 0.263700 -0.569100 0.778800
vn -0.798200 0.600200 -0.051400
vn 0.656000 -0.677700 -0.332300
vn 0.122600 0.591500 0.796900
vn -0.859400 -0.319500 0.399200
vn 0.076800 0.880500 -0.467800
vn -0.674500 0.199000 0.711000
vn 0.877900 -0.291000 0.380300
vn 0.013800 -0.999300 0.033500
vn 0.963200 -0.235500 0.129200
vn 0.749200 -0.659000 0.067000
vn -0.954700 -0.253900 -0.155200
vn -0.983400 0.056800 0.172200
vn -0.052800 0.214800 0.975200
vn 0.024500 -0.016200 0.999600
vn 0.981000 -0.013200 0.193600
vn -0.973800 0.209700 0.087800
vn -0.978700 0.188700 0.080900
vn 0.501300 0.485100 0.716500
vn -0.136400 0.960500 0.242400
vn 0.990600 -0.088100 0.104800
vn 0.597600 -0.051000 -0.800200
vn -0.001700 0.025900 -0.999700
vn -0.927200 0.360600 0.101400
vn -0.930100 0.367300 0.001900
vn 0.926200 -0.051200 0.373500
vn 0.891600 -0.013400 0.452700
vn -0.610200 -0.636400 -0.471900
vn -0.909500 0.180000 -0.374600
vn -0.514200 0.093200 0.852600
vn -0.451200 0.170300 0.876000
vn -0.551000 -0.353000 0.756100
vn -0.954500 0.262200 -0.142200
vn -0.846200 0.455700 -0.276200
vn 0.506400 -0.604200 0.615300
vn 0.514100 -0.543900 0.663200
vn -0.942000 0.296700 -0.157100
vn -0.631500 0.649400 -0.423800
vn -0.645800 0.640300 -0.415900
vn 0.720900 -0.091400 0.686900
vn 0.739800 -0.091300 0.666600
vn -0.356700 -0.759200 0.544400
vn -0.838100 0.358900 0.410800
vn -0.781900 0.501000 0.370900
vn 0.572100 0.308000 0.760100
vn 0.553000 0.176100 0.814400
vn 0.546400 0.216900 0.808900
vn 0.895200 -0.264300 0.358800
vn -0.984200 -0.092000 0.151000
vn -0.976800 -0.106500 0.185700
vn -0.001500 0.262600 0.964900
vn -0.003300 -0.392600 0.919700
vn 0.988700 0.012200 -0.149600
vn 0.956700 -0.066800 -0.283100
vn -0.851300 -0.253600 -0.459400
vn 0.717300 -0.009400 -0.696700
vn 0.663500 -0.268000 0.698500
vn 0.373600 -0.498500 0.782300
vn 0.670600 -0.364700 -0.646000
vn 0.658400 -0.502800 -0.560200
vn -0.266500 0.069500 -0.961300
vn -0.259100 0.070000 -0.963300
vn 0.033200 0.957600 0.286300
vn 0.058000 0.959200 0.276700
vn -0.999100 -0.040100 -0.012900
vn 0.100600 0.790800 -0.603800
vn 0.100000 0.773600 -0.625700
vn -0.853400 -0.122700 0.506700
vn 0.074100 -0.765400 0.639300
vn 0.604300 -0.434600 0.667800
vn 0.280900 -0.622600 0.730400
vn 0.749200 0.315800 0.582200
vn 0.155500 0.309500 0.938100
vn 0.846200 0.012400 0.532800
vn 0.857900 0.057900 -0.510600
vn -0.902500 0.422100 0.085300
vn -0.877100 -0.214900 0.429500
vn 0.647400 0.356500 0.673700
vn -0.778000 0.477400 0.408400
vn -0.778600 0.485200 0.398000
vn 0.333500 0.546800 0.768000
vn 0.137600 -0.070900 0.987900
vn -0.941400 0.140100 0.306700
vn -0.950600 0.165400 0.262700
vn -0.731900 0.149000 0.665000
vn 0.105400 0.718900 -0.687100
vn 0.133100 0.721500 -0.679500
vn -0.837600 -0.453800 -0.304300
vn -0.977300 0.170300 -0.125900
vn -0.880900 -0.254200 0.399200
vn 0.500800 0.016500 -0.865400
vn 0.872100 0.066800 0.484800
vn -0.318600 0.923800 0.212300
vn -0.868900 0.026500 -0.494300
vn -0.887400 0.098600 -0.450400
vn 0.879700 0.070100 -0.470400
vn 0.094200 -0.763700 0.638700
vn -0.067300 0.984300 0.163400
vn 0.522500 0.844700 0.116200
vn 0.570100 0.814100 0.110600
vn 0.681000 0.014000 0.732100
vn -0.435400 0.516300 0.737500
vn -0.692700 -0.598300 -0.402800
vn 0.838900 -0.294500 0.457800
vn -0.952300 0.152400 0.264400
vn -0.963600 0.141100 0.226900
vn 0.590900 0.443300 0.674000
vn 0.846700 -0.489800 0.207600
vn -0.925600 0.327000 -0.190400
vn 0.210200 -0.946600 0.244600
vn -0.051800 -0.998300 0.025100
vn -0.867400 0.302100 0.395400
vn -0.106700 0.958200 0.265400
vn -0.807600 -0.163300 0.566600
vn -0.779200 0.201800 -0.593400
vn -0.123800 0.085400 -0.988600
vn -0.513100 0.427300 0.744500
vn -0.482100 0.463700 0.743400
vn -0.521000 0.533100 0.666700
vn -0.311500 0.043100 -0.949300
vn 0.800200 -0.195800 0.566800
vn -0.146800 0.970900 0.189400
vn 0.004500 0.999000 0.043800
vn -0.874100 0.008100 0.485600
vn -0.823400 0.398800 0.403600
vn -0.723100 0.515500 0.459800
vn -0.876700 -0.066700 -0.476300
vn -0.621600 0.537300 0.570000
vn -0.756400 0.430100 0.492800
vn -0.292000 -0.697500 0.654400
vn 0.916300 -0.189300 0.352900
vn -0.495300 0.864500 -0.086000
vn -0.009200 0.256300 -0.966600
vn -0.952100 0.205500 0.226500
vn -0.563700 0.766900 0.306700
vn 0.926300 0.208100 -0.314000
vn 0.980000 0.152000 -0.128700
vn 0.665500 -0.065500 -0.743600
vn 0.986600 -0.062200 0.150700
vn 0.696300 -0.043500 -0.716500
vn 0.051500 0.993000 -0.106500
vn 0.002700 -0.646000 -0.763400
vn -0.070500 0.792400 -0.605900
vn 0.175300 0.726700 -0.664200
vn 0.107800 -0.445300 0.888900
vn -0.445400 0.091600 -0.890600
vn -0.100900 -0.479100 -0.871900
vn -0.031000 -0.883900 -0.466600
vn -0.189200 0.496500 0.847200
vn -0.286400 0.325200 0.901200
vn -0.856500 0.515200 0.031000
vn 0.554000 -0.693000 0.461300
vn 0.542400 -0.700800 0.463400
vn 0.001900 0.556600 0.830800
vn -0.369000 -0.920700 -0.127200
vn -0.642500 0.765200 0.040500
vn -0.672600 -0.018200 -0.739800
vn -0.640000 0.019500 -0.768200
vn 0.016600 0.375900 0.926500
vn 0.028400 0.999300 0.024400
vn 0.790400 -0.028900 -0.611900
vn 0.795000 -0.212900 -0.568100
vn -0.694000 -0.034200 -0.719200
vn 0.495200 -0.352900 0.793900
vn 0.020600 -0.306100 0.951800
vn 0.326300 0.842300 0.429000
vn -0.955100 -0.006900 -0.296300
vn 0.292100 0.071700 -0.953700
vn -0.836200 -0.253900 0.486200
vn -0.810200 -0.091300 -0.578900
vn 0.019000 0.997200 0.072300
vn 0.018000 0.997100 0.074400
vn 0.976400 0.194700 0.093500
vn 0.956400 0.042300 0.288900
vn -0.036400 -0.134800 0.990200
vn -0.083900 -0.170300 0.981800
vn -0.655400 0.285600 -0.699100
vn 0.218200 -0.632600 0.743100
vn 0.311100 -0.694500 0.648800
vn -0.985800 -0.124700 0.112300
vn -0.983400 -0.116500 0.138900
vn 0.025600 0.537900 0.842600
vn -0.625500 0.630700 -0.459300
vn 0.940800 0.020100 -0.338400
vn -0.985900 -0.019900 -0.166000
vn -0.986600 -0.030100 -0.160500
vn 0.097700 0.019100 -0.995000
vn -0.991600 -0.081100 0.101100
vn 0.617300 -0.777100 -0.122800
vn -0.894100 0.438900 0.089500
vn 0.622700 -0.565200 -0.541100
vn -0.023300 0.939400 0.342000
vn -0.041200 0.918700 0.392900
vn 0.906100 0.055300 -0.419400
vn 0.533300 0.001000 -0.845900
vn 0.011500 0.988100 -0.153100
vn 0.433300 0.165800 -0.885900
vn 0.785100 -0.032600 0.618500
vn -0.645600 -0.018700 -0.763500
vn -0.660100 -0.025000 -0.750800
vn -0.677300 -0.733900 0.051500
vn 0.278600 0.951000 0.134100
vn -0.986900 -0.157400 -0.035600
vn 0.316100 -0.852700 0.415900
vn 0.373300 -0.884000 0.281300
vn 0.904100 -0.136700 -0.404900
vn 0.935300 -0.087800 -0.342900
vn -0.954500 -0.247900 -0.165700
vn -0.427400 0.896900 0.113800
vn -0.053500 0.457600 0.887500
vn -0.867000 0.048900 -0.495900
vn -0.838500 0.067300 -0.540700
vn 0.507800 -0.619800 -0.598300
vn -0.612600 0.271800 0.742200
vn 0.318600 0.377600 0.869400
vn 0.307100 0.407900 0.859800
vn 0.818500 -0.000700 0.574500
vn 0.818400 -0.000900 0.574700
vn -0.222700 -0.746800 0.626600
vn 0.568300 0.464100 0.679400
vn 0.784700 -0.117900 0.608600
vn 0.727200 -0.173100 0.664300
vn 0.763700 -0.181400 0.619600
vn 0.348300 0.012800 -0.937300
vn 0.798800 0.239500 0.551900
vn 0.989300 -0.129000 -0.067700
vn -0.958000 0.258600 0.124200
vn -0.673100 0.014100 0.739400
vn -0.664500 -0.306400 -0.681600
vn -0.708900 -0.286400 -0.644500
vn -0.910700 -0.323500 -0.257100
vn -0.717100 0.375000 0.587500
vn -0.917500 -0.384800 0.100600
vn 0.933500 0.147300 0.326900
vn 0.333300 0.171700 0.927100
vn 0.164300 0.138500 0.976600
vn -0.725200 -0.449300 -0.521700
vn 0.388000 -0.383400 0.838100
vn 0.181800 -0.710800 0.679500
vn -0.497900 -0.826400 0.262900
vn -0.400300 -0.902900 0.156800
vn 0.426400 -0.902000 0.067400
vn 0.103600 -0.455200 0.884400
vn 0.435900 -0.092300 0.895300
vn 0.587100 -0.785700 0.194900
vn -0.984800 -0.171000 0.030300
vn -0.169700 0.662200 0.729800
vn -0.928900 -0.286000 0.235300
vn -0.801300 0.420600 -0.425400
vn 0.000900 0.977700 0.209900
vn -0.897100 -0.137700 -0.419900
vn -0.044300 0.987800 0.149300
vn 0.594200 0.080700 0.800200
vn 0.045300 0.907600 0.417500
vn 0.625500 0.065400 0.777400
vn 0.971400 -0.151800 0.182600
vn 0.834400 0.023100 -0.550600
vn 0.255300 0.280400 0.925300
vn 0.679500 0.180300 0.711200
vn 0.690600 0.475500 0.545000
vn -0.528000 -0.018800 -0.849000
vn -0.576200 0.020500 -0.817100
vn -0.668800 0.026700 -0.743000
vn 0.226700 -0.677300 0.699900
vn -0.448000 0.865700 0.223100
vn 0.815900 -0.158600 0.556000
vn 0.026700 -0.293300 0.955600
vn 0.288200 0.431400 0.854900
vn 0.569200 -0.778500 -0.264600
vn -0.527600 -0.143000 0.837400
vn -0.929800 -0.126200 -0.345700
vn -0.612800 -0.787100 -0.070500
vn 0.862800 0.001200 -0.505600
vn -0.030300 -0.726100 -0.686900
vn -0.507600 0.008500 -0.861600
vn 0.847200 -0.285100 0.448300
vn -0.871200 0.049600 -0.488500
vn -0.011200 0.364900 -0.931000
vn -0.918500 0.377900 -0.116700
vn -0.910300 0.385000 -0.152000
vn -0.386600 0.207500 -0.898600
vn -0.912700 -0.324700 -0.248300
vn 0.641200 0.519500 0.564800
vn 0.743700 0.294700 0.600100
vn 0.657400 0.533700 -0.531900
vn 0.732800 -0.075900 0.676100
vn 0.737900 -0.076500 0.670600
vn 0.962200 0.103500 0.251800
vn 0.963200 0.086100 0.254400
vn -0.185700 -0.759600 0.623400
vn -0.680000 0.710200 -0.182200
vn 0.059700 0.078200 -0.995100
vn 0.631400 0.395700 -0.667000
vn 0.583900 0.382800 -0.715900
vn -0.926900 -0.057700 -0.370800
vn 0.942300 -0.183400 -0.280200
vn -0.418800 0.505100 0.754600
vn -0.792500 0.474000 0.383700
vn -0.412400 -0.083400 -0.907200
vn -0.359800 0.257600 0.896800
vn 0.291600 0.501800 0.814300
vn 0.427800 0.521400 0.738300
vn 0.953800 0.285100 -0.095300
vn -0.092600 -0.215000 0.972200
vn 0.266500 0.487900 0.831200
vn 0.337000 0.480900 0.809400
vn -0.013600 -0.873300 0.487000
vn -0.321700 -0.000100 -0.946800
vn 0.966000 0.253700 0.050100
vn 0.267900 -0.126000 0.955200
vn 0.282000 -0.314200 0.906500
vn -0.982500 0.036800 -0.182400
vn -0.875600 0.196300 -0.441400
vn 0.671300 0.715700 0.192700
vn 0.857100 0.183100 -0.481500
vn 0.888600 -0.277000 0.365600
vn 0.125600 -0.780000 0.613100
vn -0.475400 -0.395100 0.786000
vn 0.916700 0.397300 -0.042500
vn -0.599300 -0.771300 0.214300
vn 0.891200 0.142700 0.430600
vn 0.542300 -0.421400 0.726900
vn -0.953000 0.166900 0.252900
vn -0.946800 0.194100 0.256600
vn 0.660500 -0.361200 -0.658300
vn 0.719400 -0.637000 -0.277000
vn 0.785000 -0.211300 -0.582400
vn 0.754300 -0.193100 -0.627500
vn 0.738900 0.390000 0.549400
vn 0.183600 -0.953600 -0.238800
vn 0.884800 0.199800 -0.420800
vn 0.887600 -0.007700 0.460600
vn 0.597300 -0.448700 0.664700
vn -0.306200 0.042400 0.951000
vn -0.676600 0.003200 0.736400
vn -0.948200 0.295100 0.117800
vn -0.747700 0.059900 0.661400
vn -0.494500 0.221600 0.840500
vn -0.750300 0.382100 0.539500
vn -0.895000 0.309300 0.321400
vn -0.625200 -0.036500 0.779600
vn -0.710200 -0.055000 -0.701900
vn -0.630100 0.085000 0.771800
vn 0.691900 -0.721700 -0.020900
vn -0.797400 -0.190100 -0.572700
vn 0.283800 -0.706500 0.648300
vn -0.946200 0.320600 -0.043800
vn 0.675800 0.372100 0.636200
vn 0.770100 0.330200 0.545800
vn 0.036400 -0.502300 0.863900
vn 0.661800 0.654400 -0.365700
vn 0.260200 -0.012100 0.965500
vn 0.184100 -0.103800 0.977400
vn 0.099700 -0.421800 0.901200
vn -0.308800 0.371300 0.875700
vn 0.732200 0.524400 -0.434600
vn -0.673600 -0.338400 0.657100
vn -0.705900 0.708300 -0.004400
vn 0.606400 0.429000 0.669500
vn -0.902400 -0.206100 0.378500
vn -0.622500 0.133500 -0.771200
vn -0.632300 0.124900 -0.764600
vn -0.047500 0.911800 0.407800
vn 0.428900 -0.902200 0.044500
vn -0.513400 0.806500 0.293100
vn 0.662400 0.438000 -0.607800
vn 0.636800 0.469400 -0.611700
vn 0.985600 -0.111400 0.127500
vn 0.757100 -0.290500 0.585100
vn 0.787100 -0.281800 0.548800
vn 0.813700 -0.251500 0.524100
vn -0.800900 -0.202700 -0.563500
vn -0.897200 -0.135200 -0.420500
vn -0.554200 0.030500 0.831800
vn -0.532600 -0.109000 0.839300
vn 0.360200 0.861200 -0.358600
vn -0.128800 0.916600 -0.378500
vn -0.054800 -0.995500 0.078000
vn 0.877100 -0.202700 -0.435500
vn -0.586500 -0.021900 -0.809700
vn -0.825200 -0.044100 -0.563200
vn 0.628600 0.372200 0.682900
vn 0.616100 0.343700 0.708700
vn -0.604500 0.539400 -0.586100
vn -0.507900 0.005800 -0.861400
vn -0.498500 -0.006300 -0.866900
vn 0.502500 0.513200 0.695800
vn 0.539200 0.453300 0.709700
vn 0.335800 0.747800 0.572800
vn -0.489400 -0.032600 0.871500
vn -0.060600 0.238900 0.969200
vn -0.733800 -0.648700 0.201900
vn 0.968100 0.122600 0.218400
vn -0.827800 -0.484300 -0.283200
vn 0.282300 -0.655900 0.700100
vn 0.395300 -0.719200 0.571400
vn -0.466300 0.287100 0.836700
vn -0.596200 0.419800 0.684400
vn 0.635100 -0.414800 -0.651600
vn 0.901600 -0.336400 -0.271800
vn 0.985000 -0.062100 0.160900
vn -0.260900 0.077100 -0.962300
vn 0.429000 -0.565100 -0.704700
vn 0.604400 0.421100 0.676300
vn -0.111600 -0.376400 0.919700
vn 0.998200 0.013500 -0.058400
vn 0.823800 0.099700 0.558000
vn 0.785500 0.063200 0.615600
vn 0.050400 -0.063200 -0.996700
vn 0.654500 -0.284000 -0.700700
vn -0.214100 -0.873400 -0.437400
vn 0.647600 0.005200 -0.762000
vn -0.870800 0.491500 -0.008000
vn 0.671600 -0.616200 0.411300
vn 0.498600 0.865500 -0.048800
vn 0.488400 0.872600 -0.004900
vn 0.282100 -0.957300 0.063000
vn -0.179800 0.949200 0.258300
vn 0.421000 0.221500 0.879600
vn 0.435200 -0.471800 0.766900
vn -0.860500 -0.330200 0.388100
vn 0.279400 0.846700 -0.452800
vn -0.707300 -0.228100 -0.669100
vn -0.558700 -0.822500 -0.106300
vn -0.945800 -0.205500 0.251300
vn -0.847600 0.304200 -0.434800
vn -0.564900 0.790500 0.236500
vn -0.442400 0.892300 0.089900
vn -0.661400 -0.661500 -0.353600
vn -0.660300 -0.271800 0.700100
vn -0.665200 -0.274700 0.694300
vn -0.461700 0.412400 -0.785300
vn -0.380400 0.593100 -0.709600
vn 0.012500 0.996600 0.081700
vn -0.175300 -0.018800 0.984300
vn 0.299000 0.624500 0.721600
vn 0.150500 0.264900 -0.952500
vn 0.966600 0.133900 0.218400
vn -0.050500 -0.067700 -0.996400
vn 0.033100 0.985000 0.169500
vn -0.949100 0.178600 0.259400
vn -0.018900 0.009500 -0.999800
vn 0.718600 -0.549500 0.426200
vn 0.361000 0.789800 -0.495900
vn -0.980700 -0.128900 0.147200
vn -0.982600 -0.133800 0.128800
vn -0.823800 -0.037000 -0.565600
vn -0.878300 -0.017900 -0.477700
vn 0.800500 -0.360000 0.479200
vn -0.645100 -0.710400 -0.281300
vn -0.606600 0.786100 0.118400
vn 0.881500 0.268300 0.388600
vn 0.772300 -0.245500 0.585900
vn 0.774000 0.254600 0.579800
vn 0.739900 0.329000 0.586800
vn 0.014700 0.085200 0.996300
vn 0.828800 -0.229300 0.510300
vn 0.454800 0.475000 0.753300
vn -0.636800 -0.074900 0.767400
vn 0.117000 0.836900 -0.534800
vn 0.079300 0.834800 -0.544900
vn -0.481600 0.027700 0.876000
vn 0.076900 -0.867400 -0.491700
vn 0.477800 -0.743600 -0.467700
vn -0.917700 -0.360600 -0.166800
vn 0.845500 0.232400 -0.480700
vn 0.895800 0.324900 -0.303100
vn -0.299700 0.001800 0.954000
vn 0.339200 0.551900 0.761800
vn 0.016700 0.363600 0.931400
vn -0.828900 0.432800 -0.354500
vn -0.316500 -0.073000 0.945800
vn 0.803800 0.413900 -0.427200
vn -0.045500 0.998200 0.040000
vn 0.984600 0.067400 -0.161200
vn -0.145300 0.817100 0.557900
vn -0.673400 0.735200 0.077200
vn -0.632900 0.771900 0.060600
vn -0.967100 0.135500 0.215400
vn -0.834800 -0.310700 -0.454600
vn -0.955000 -0.255200 -0.151100
vn 0.904800 0.422600 0.052400
vn 0.910600 0.410500 0.048900
vn -0.990700 -0.084000 0.107100
vn 0.853400 -0.062900 0.517500
vn 0.542900 0.487900 0.683500
vn 0.421500 -0.411400 -0.808100
vn 0.511200 0.024400 -0.859100
vn -0.976700 0.074400 0.201600
vn -0.652600 -0.305900 0.693200
vn -0.315200 0.872700 0.372900
vn 0.228300 0.374300 0.898800
vn 0.209500 0.382600 0.899800
vn 0.642500 -0.408000 -0.648600
vn -0.602500 -0.087000 -0.793400
vn 0.763200 -0.000900 0.646200
vn -0.151000 0.486500 0.860500
vn 0.611500 -0.653100 -0.446600
vn -0.316100 -0.698500 -0.642000
vn 0.343000 -0.761800 -0.549600
vn -0.151700 -0.605200 0.781500
vn -0.966000 0.171300 0.193400
vn -0.377100 0.046100 0.925000
vn -0.582400 0.470600 0.662800
vn 0.543500 0.279100 0.791700
vn 0.876700 -0.251700 0.410000
vn 0.868400 -0.136000 0.476900
vn -0.703500 0.363100 -0.611000
vn -0.836100 0.525400 -0.157900
vn -0.841900 0.517700 -0.152100
vn 0.518300 -0.116700 0.847200
vn 0.022500 0.998000 0.059700
vn -0.915900 0.050000 -0.398300
vn 0.041800 -0.785200 -0.617800
vn -0.393600 -0.212100 0.894500
vn -0.068300 -0.030500 0.997200
vn -0.066700 -0.178600 0.981700
vn -0.633100 -0.765900 -0.111800
vn -0.083600 -0.252700 0.963900
vn -0.834900 0.085700 0.543800
vn -0.663800 -0.297200 0.686400
vn -0.955000 0.140700 0.261200
vn -0.824700 0.449600 0.343000
vn 0.641500 -0.743600 -0.188700
vn -0.534400 0.004100 0.845200
vn -0.011200 -0.997500 0.070000
vn 0.694200 0.176600 -0.697700
vn 0.524000 -0.789600 -0.319300
vn -0.241400 0.105200 0.964700
vn -0.794900 0.262900 0.546800
vn -0.851900 0.158300 0.499200
vn 0.962300 0.085200 0.258400
vn -0.972800 0.170100 0.157600
vn -0.522000 -0.609600 0.596600
vn -0.974200 0.099000 0.203000
vn 0.998300 -0.006800 0.058600
vn -0.548200 0.285400 0.786100
vn -0.622000 0.368700 0.690800
vn 0.917800 0.259700 -0.300400
vn 0.965900 0.159600 0.203800
vn 0.802800 0.451900 0.388900
vn -0.490900 -0.355300 -0.795400
vn 0.632700 0.140400 -0.761600
vn 0.630400 0.141800 -0.763200
vn 0.960200 0.008100 -0.279200
vn 0.974000 0.016400 -0.225800
vn 0.659700 0.363000 0.658100
vn -0.980000 -0.001400 0.199000
vn -0.819600 -0.145000 -0.554200
vn -0.664900 -0.489700 -0.564000
vn 0.212400 -0.908600 0.359600
vn 0.207800 -0.960000 0.187900
vn 0.803100 0.120800 0.583500
vn -0.594100 0.350400 0.724100
vn 0.158900 0.984300 0.077400
vn -0.600900 0.655000 -0.458100
vn -0.936300 -0.090200 -0.339300
vn -0.900300 -0.138000 -0.412800
vn -0.643100 -0.646500 -0.410400
vn -0.745200 0.585100 0.319900
vn -0.626700 0.282700 -0.726200
vn 0.909300 0.416100 0.007200
vn -0.621600 -0.567300 -0.540200
vn -0.819500 -0.147400 -0.553700
vn 0.310100 -0.003500 -0.950700
vn -0.740700 -0.531500 -0.411000
vn -0.751500 -0.373200 -0.544000
vn 0.957500 -0.027500 -0.287100
vn -0.263300 0.291900 0.919500
vn -0.314400 0.133200 0.939900
vn -0.596200 0.769900 0.227400
vn 0.037400 -0.689700 0.723100
vn -0.002500 -0.663800 0.747900
vn 0.909300 0.411000 -0.064700
vn 0.985500 0.098300 -0.138500
vn 0.135500 0.990400 0.025900
vn -0.783100 0.456100 -0.422700
vn -0.415700 -0.905900 0.080900
vn -0.599800 0.437800 0.669800
vn -0.625700 0.430200 0.650700
vn 0.980500 -0.136900 0.141300
vn 0.838900 -0.315000 -0.443900
vn -0.031200 0.115400 -0.992800
vn -0.014600 -0.478300 0.878100
vn -0.418600 0.002800 0.908200
vn -0.650600 -0.251900 -0.716500
vn -0.390200 -0.357000 0.848700
vn -0.728500 -0.161700 0.665700
vn -0.647800 0.754200 -0.107100
vn -0.775700 -0.280200 -0.565500
vn -0.815500 -0.439700 0.376200
vn 0.524100 -0.293700 0.799400
vn 0.049200 0.131000 -0.990200
vn -0.695300 0.574300 -0.432100
vn 0.992300 -0.032300 -0.119900
vn -0.002100 0.992500 0.122100
vn 0.009000 -0.433400 -0.901100
vn 0.400300 -0.310300 -0.862300
vn -0.976000 -0.181200 0.120500
vn 0.633300 -0.725100 0.270400
vn 0.686800 -0.269200 0.675100
vn 0.593400 -0.438900 0.674700
vn 0.817200 0.230900 -0.528100
vn -0.753400 -0.523000 0.398500
vn -0.834100 -0.085500 0.545000
vn 0.925300 0.275500 0.260500
vn 0.854400 -0.497200 -0.151100
vn 0.948500 0.157900 -0.274700
vn 0.008800 -0.447600 0.894200
vn 0.225900 -0.815100 0.533500
vn 0.550900 -0.275500 0.787800
vn 0.023200 0.988100 0.152200
vn -0.661000 -0.678000 -0.321600
vn 0.117900 0.779300 -0.615500
vn 0.423800 -0.619100 -0.661200
vn 0.397400 -0.709000 -0.582600
vn -0.718000 0.453600 0.527800
vn -0.690700 0.440000 0.573900
vn -0.183700 0.275600 -0.943600
vn 0.972700 0.034700 0.229500
vn -0.476500 0.347100 0.807800
vn -0.599400 0.280200 0.749800
vn 0.805900 0.093400 0.584700
vn 0.706200 0.451700 0.545200
vn 0.696800 0.459100 0.551000
vn -0.108100 0.062600 -0.992200
vn -0.176500 0.100500 -0.979200
vn -0.859500 -0.422000 0.288500
vn -0.765500 -0.619400 -0.173900
vn -0.787700 -0.598000 -0.147700
vn -0.890500 -0.453800 0.032400
vn -0.025100 -0.287100 0.957600
vn 0.032500 -0.287700 0.957200
vn -0.273500 0.292500 0.916300
vn -0.026200 -0.225100 0.974000
vn 0.857100 0.027600 0.514500
vn 0.972700 0.033900 0.229400
vn 0.852400 0.005800 0.522900
vn 0.747800 0.256600 -0.612300
vn 0.598500 0.775300 0.201700
vn 0.591900 0.775400 0.220100
vn -0.871600 0.012100 -0.490100
vn -0.665300 -0.546800 -0.508400
vn -0.692100 -0.153500 -0.705300
vn -0.692900 -0.118000 -0.711300
vn 0.671300 -0.674100 -0.308000
vn 0.701100 -0.621300 -0.350000
vn 0.701500 -0.622300 -0.347200
vn -0.634600 0.067400 -0.769900
vn 0.103900 0.994300 0.024100
vn 0.105200 0.993500 0.043800
vn 0.813300 -0.091100 0.574700
vn -0.029700 -0.345900 0.937800
vn -0.876800 -0.120000 0.465600
vn -0.637900 -0.305700 0.706800
vn -0.870100 -0.020100 0.492500
vn -0.061800 0.998000 0.014000
vn 0.772700 -0.245500 0.585300
vn 0.806400 -0.218900 0.549400
vn 0.856500 0.309500 -0.413000
vn -0.610800 0.238400 -0.755100
vn 0.870400 -0.396500 -0.292000
vn 0.978100 0.095800 0.184600
vn -0.879000 -0.323000 0.350800
vn -0.940100 -0.206400 0.271500
vn -0.039800 0.040500 -0.998400
vn -0.916500 0.345600 -0.201600
vn -0.876100 0.008600 0.482000
vn 0.540300 0.830300 0.137000
vn 0.818000 0.544700 -0.184900
vn -0.934000 -0.082700 0.347700
vn -0.776000 -0.063500 0.627500
vn 0.013900 0.980200 0.197700
vn 0.362300 -0.151700 0.919600
vn 0.893700 -0.074500 0.442400
vn -0.996100 0.019600 -0.086100
vn 0.433000 0.061700 0.899300
vn -0.973000 -0.066900 -0.220800
vn -0.978100 0.009600 -0.208100
vn 0.521800 0.158400 0.838200
vn -0.029800 -0.671900 0.740100
vn -0.135200 -0.703000 0.698200
vn -0.082000 -0.469500 0.879100
vn 0.797000 0.160800 0.582100
vn 0.782700 -0.118900 0.610900
vn -0.324500 -0.939700 -0.107800
vn -0.549000 -0.827700 -0.116200
vn -0.514200 -0.695200 -0.502200
vn 0.843300 0.269700 -0.464800
vn 0.663300 -0.022300 -0.748000
vn 0.213700 0.940600 -0.263700
vn -0.646200 0.604900 -0.465300
vn 0.697500 0.007200 0.716600
vn 0.864000 -0.317000 -0.391200
vn 0.783200 -0.484100 -0.390200
vn 0.055200 -0.027900 -0.998100
vn 0.796200 -0.339000 0.501100
vn 0.304000 0.397700 0.865700
vn 0.313600 -0.213600 0.925200
vn -0.074400 0.994500 0.074300
vn 0.130100 0.034900 -0.990900
vn 0.997900 0.000100 -0.065400
vn 0.277000 0.389700 0.878300
vn 0.595800 0.597700 0.536400
vn 0.912600 0.005300 0.408800
vn -0.631500 0.025000 -0.775000
vn -0.690700 0.168800 -0.703200
vn -0.644300 0.166900 -0.746400
vn -0.842200 0.298000 -0.449400
vn 0.699200 0.253200 0.668500
vn -0.047500 -0.331400 -0.942300
vn -0.714700 0.692100 -0.101100
vn -0.488900 0.549900 0.677100
vn 0.645900 -0.051700 -0.761700
vn 0.554600 0.358700 0.750900
vn 0.620400 0.601200 0.503600
vn 0.648700 -0.154800 0.745100
vn 0.649300 0.242400 -0.720900
vn 0.963000 -0.269300 -0.001900
vn 0.994600 0.017000 -0.102500
vn -0.091300 0.966100 0.241600
vn 0.080700 -0.990500 0.111800
vn -0.349000 0.664100 0.661200
vn 0.896800 0.061100 -0.438300
vn -0.621100 -0.230800 0.749000
vn 0.151400 0.988200 0.023000
vn 0.134200 0.988000 0.076500
vn -0.739200 0.059000 -0.670800
vn 0.847300 -0.343900 0.404800
vn 0.837100 -0.411500 0.360400
vn 0.917900 -0.214200 0.333900
vn 0.042900 0.555900 0.830100
vn -0.000800 0.525100 0.851000
vn 0.271600 0.536000 0.799300
vn 0.116100 0.086300 -0.989500
vn 0.671500 0.737600 -0.071300
vn -0.971700 0.213900 0.099800
vn 0.236500 -0.851800 0.467500
vn -0.590000 -0.255200 -0.766000
vn -0.899900 -0.279200 0.334900
vn -0.861400 -0.226500 0.454600
vn -0.851200 -0.212200 0.480100
vn 0.873000 0.035700 0.486500
vn 0.893500 0.168500 0.416300
vn 0.834700 0.252800 0.489200
vn 0.173000 -0.810100 -0.560200
vn 0.279600 -0.586500 -0.760100
vn -0.086400 0.572600 -0.815300
vn 0.385000 -0.754300 0.531800
vn 0.682100 0.216400 0.698500
vn 0.911900 -0.289900 -0.290500
vn 0.694300 -0.283600 -0.661400
vn 0.355400 0.098100 0.929600
vn -0.911100 -0.113800 0.396200
vn 0.661100 0.738800 -0.130700
vn 0.651300 0.743200 -0.153200
vn 0.634700 0.771200 -0.049300
vn 0.970800 -0.071100 0.229200
vn -0.529300 -0.309200 0.790100
vn -0.462100 -0.475600 0.748500
vn 0.672500 0.543000 -0.502900
vn -0.943400 0.317200 0.096900
vn 0.836300 -0.504600 -0.214600
vn 0.901000 0.371200 -0.224600
vn 0.596600 0.465200 0.653900
vn 0.694900 -0.216200 0.685900
vn -0.897400 -0.253400 0.361300
vn -0.245700 0.338900 0.908200
vn -0.652900 0.724500 0.221100
vn 0.850500 -0.235400 0.470400
vn -0.710300 0.597800 -0.371700
vn 0.841600 -0.172700 0.511700
vn -0.133600 0.829900 -0.541700
vn -0.074600 0.828500 -0.555000
vn -0.643600 -0.015800 -0.765200
vn -0.725900 -0.010100 -0.687700
vn -0.688500 0.724400 0.035300
vn -0.653400 0.756400 0.029900
vn 0.421900 -0.841300 -0.337900
vn -0.664400 0.404500 0.628500
vn -0.626500 0.395600 0.671600
vn -0.917600 0.204300 0.340900
vn -0.496700 0.247000 0.832000
vn -0.428600 0.274500 0.860800
vn 0.749400 -0.031100 -0.661400
vn -0.019500 0.863300 -0.504300
vn -0.718600 -0.086600 0.690000
vn -0.680800 -0.187900 0.707900
vn -0.799100 0.573000 0.181800
vn -0.452500 -0.319300 -0.832700
vn -0.538900 -0.337900 -0.771700
vn 0.398000 0.221300 0.890300
vn 0.877300 0.458800 -0.140600
vn 0.903200 0.334300 0.269400
vn -0.812400 -0.291500 0.505000
vn -0.314900 0.901900 0.295700
vn 0.681700 0.081000 0.727100
vn 0.787600 0.066000 0.612600
vn -0.787100 -0.025400 -0.616400
vn 0.252400 0.529000 0.810200
vn 0.775400 -0.068800 0.627700
vn 0.133600 0.985500 0.104300
vn 0.882400 0.328400 -0.336800
vn -0.677700 -0.098100 -0.728800
vn -0.889600 0.380000 -0.253600
vn -0.985500 0.143600 0.090600
vn -0.994200 0.094400 0.051200
vn -0.635400 0.641900 -0.429200
vn -0.661400 0.430700 0.614100
vn 0.903200 0.423100 -0.071800
vn -0.692400 0.394300 0.604200
vn 0.840600 -0.382700 0.383300
vn 0.690700 -0.716000 -0.101600
vn -0.774800 -0.208400 0.596800
vn -0.681000 -0.160900 0.714300
vn 0.842300 0.219800 0.492200
vn 0.845600 0.202500 0.494000
vn -0.683100 0.342900 -0.644800
vn -0.679300 0.339200 -0.650700
vn -0.389500 0.095800 0.916000
vn 0.050600 0.992700 0.109500
vn 0.734400 -0.068000 0.675300
vn 0.494900 -0.692300 -0.525200
vn -0.836300 -0.056000 0.545300
vn 0.283700 0.067000 -0.956600
vn 0.805400 0.441300 -0.395600
vn -0.394500 0.119700 -0.911100
vn 0.484000 0.586000 -0.649900
vn 0.565900 -0.824400 0.011500
vn 0.885900 -0.126100 0.446500
vn 0.054400 0.994500 0.089800
vn -0.591800 0.404200 0.697500
vn -0.059300 0.998200 0.006800
vn 0.749400 -0.153200 -0.644100
vn 0.763000 -0.130600 -0.633000
vn 0.641500 -0.115800 0.758300
vn -0.866300 -0.418600 0.272700
vn 0.332900 0.474300 0.815000
vn -0.078200 0.303100 0.949700
vn -0.770700 -0.618800 0.151900
vn 0.055000 0.149600 -0.987200
vn 0.045000 0.143100 -0.988700
vn 0.992800 -0.096200 0.071700
vn 0.685100 0.416300 0.597800
vn 0.655000 -0.588700 0.473700
vn -0.103200 0.722700 -0.683400
vn -0.073000 0.114400 -0.990800
vn -0.354600 0.312000 0.881400
vn -0.326200 0.065800 -0.943000
vn -0.910300 -0.077600 0.406600
vn -0.448700 -0.613100 0.650200
vn 0.729800 -0.143900 0.668300
vn -0.757600 -0.476300 -0.446200
vn -0.673000 0.583700 0.454200
vn -0.062100 0.107200 -0.992300
vn -0.033700 0.111400 -0.993200
vn -0.098900 0.090700 -0.991000
vn -0.026200 0.997700 -0.062000
vn -0.599600 0.016300 0.800100
vn -0.970600 0.160400 0.179400
vn -0.962800 0.144600 0.228500
vn -0.738500 0.001100 -0.674200
vn -0.765300 0.386000 -0.515100
vn 0.602300 -0.227300 0.765200
vn -0.589600 0.778000 0.217000
vn -0.608700 0.571000 0.550900
vn 0.121800 0.992500 -0.002800
vn 0.620900 0.690000 0.371900
vn 0.690900 -0.623800 -0.365500
vn -0.151600 -0.689800 -0.707900
vn -0.292800 -0.727700 -0.620300
vn 0.368500 0.147800 0.917800
vn -0.866700 -0.194700 -0.459200
vn 0.322800 0.240500 0.915400
vn 0.882600 0.094600 -0.460500
vn -0.607200 0.000700 0.794500
vn -0.672900 -0.132400 -0.727800
vn -0.232100 0.521800 0.820900
vn -0.950700 0.152300 0.270300
vn 0.657300 -0.750500 -0.068300
vn 0.696400 -0.243500 -0.675100
vn 0.736000 -0.272500 -0.619700
vn 0.512000 0.600500 0.614200
vn -0.909600 -0.399400 -0.114700
vn 0.358000 -0.839000 0.409700
vn -0.080300 -0.672300 -0.735900
vn -0.380400 -0.696400 0.608600
vn -0.947100 -0.124300 -0.296000
vn -0.941900 0.334900 0.025100
vn -0.738600 0.617700 0.270000
vn 0.645100 0.287600 -0.707900
vn 0.641600 0.310000 -0.701600
vn 0.951300 0.247700 0.183600
vn 0.877800 0.291400 0.380300
vn 0.765500 0.292200 0.573300
vn 0.823800 -0.403200 0.398400
vn -0.421900 -0.905200 0.051900
vn -0.689200 0.723600 0.036600
vn -0.960100 -0.199600 0.196000
vn 0.641800 0.101000 -0.760200
vn 0.336300 0.128600 -0.932900
vn 0.145600 0.929600 -0.338700
vn -0.019300 0.996100 -0.086500
vn 0.838100 0.358400 -0.411300
vn 0.866500 0.428200 -0.256600
vn 0.588200 0.806800 0.055500
vn 0.571500 0.819500 0.042900
vn 0.783400 -0.108200 0.612100
vn 0.811800 -0.105600 -0.574300
vn -0.828300 -0.327700 0.454400
vn -0.824900 -0.322800 0.464000
vn -0.111100 -0.489300 0.865000
vn 0.330000 -0.057300 -0.942200
vn 0.720100 -0.313000 0.619300
vn -0.517800 0.455700 0.724000
vn -0.157200 -0.000400 -0.987600
vn -0.223900 0.004700 -0.974600
vn 0.431700 -0.391300 0.812700
vn -0.763500 0.194700 0.615800
vn -0.533000 0.570200 0.625100
vn -0.075800 0.978300 -0.192800
vn 0.867800 0.495700 -0.034900
vn 0.898500 0.435800 -0.052800
vn -0.819900 0.341900 -0.459100
vn -0.438100 0.500800 0.746500
vn -0.434900 0.485500 0.758400
vn -0.368000 -0.290700 0.883200
vn -0.366500 0.459900 0.808800
vn -0.688600 -0.620800 -0.374800
vn 0.893300 0.012100 -0.449400
vn 0.811700 -0.089300 -0.577200
vn -0.653300 -0.736800 -0.174300
vn -0.147800 -0.030600 -0.988500
vn -0.629600 -0.761700 -0.152900
vn -0.183200 0.916100 0.356700
vn -0.949400 0.299800 0.093700
vn 0.462000 0.849000 0.256300
vn 0.035500 0.950200 0.309600
vn -0.017300 0.366900 0.930100
vn -0.865300 -0.307300 -0.396000
vn -0.875800 -0.325300 -0.356500
vn 0.526300 -0.444700 0.724800
vn 0.780900 0.544500 -0.306200
vn 0.717600 0.594500 -0.362900
vn -0.854600 -0.052400 -0.516600
vn -0.887100 -0.090300 -0.452700
vn -0.857400 0.495400 -0.139600
vn -0.345300 0.746600 -0.568600
vn -0.645500 0.758500 -0.089700
vn 0.106600 0.823000 0.557900
vn 0.309500 0.479500 0.821100
vn 0.986100 0.101300 -0.132000
vn 0.679800 0.591800 0.433200
vn 0.395800 0.775300 0.492300
vn 0.685300 -0.076500 0.724200
vn 0.072600 -0.085500 0.993700
vn -0.945800 0.309400 0.098700
vn 0.648100 0.758100 0.072200
vn -0.017400 -0.995000 0.098300
vn 0.620700 -0.006100 -0.784100
vn -0.530100 -0.005800 -0.847900
vn -0.839100 0.108100 -0.533100
vn 0.688500 0.362100 -0.628400
vn 0.728200 -0.071200 0.681700
vn -0.761200 0.442200 0.474300
vn -0.988700 -0.132600 0.069700
vn -0.546400 0.385400 0.743600
vn -0.682300 -0.634500 -0.363100
vn -0.661500 -0.636400 -0.396700
vn -0.575500 -0.206800 0.791300
vn 0.888000 0.459900 -0.006100
vn 0.891500 -0.068200 0.447900
vn 0.733600 -0.278400 -0.619900
vn -0.601700 0.399200 0.691800
vn 0.830500 0.396000 -0.391800
vn 0.096100 -0.729300 -0.677400
vn 0.808400 0.176300 0.561600
vn 0.611100 0.537700 0.581000
vn -0.832600 0.409300 0.373100
vn 0.773000 -0.090400 -0.628000
vn -0.987200 -0.036400 -0.155400
vn 0.623600 0.303900 -0.720200
vn 0.990000 -0.099800 0.100000
vn 0.096200 0.743000 0.662400
vn 0.981200 -0.192900 0.010600
vn 0.671900 0.058500 -0.738300
vn 0.767500 -0.123000 -0.629200
vn 0.795700 -0.096700 -0.597900
vn 0.831600 0.436100 0.343800
vn 0.248400 0.199400 0.947900
vn -0.927500 -0.025500 -0.373000
vn 0.829500 0.155700 -0.536400
vn 0.783500 0.275500 -0.556900
vn -0.045600 -0.465200 0.884000
vn 0.719400 -0.260400 -0.644000
vn -0.118000 -0.528600 0.840600
vn 0.103500 -0.323000 0.940700
vn -0.973500 0.015300 -0.228200
vn 0.041200 0.441500 0.896300
vn -0.074600 -0.592600 0.802000
vn 0.145100 0.279800 0.949000
vn 0.565100 -0.437800 0.699300
vn -0.794300 0.189600 -0.577200
vn 0.964800 0.258900 -0.045800
vn 0.801700 -0.140600 -0.580900
vn 0.859100 0.141700 0.491800
vn -0.004800 0.258900 -0.965900
vn 0.749500 -0.004800 0.662000
vn 0.000500 0.248500 -0.968600
vn 0.023700 0.095800 0.995100
vn 0.113400 -0.150700 0.982100
vn 0.272500 -0.626600 0.730100
vn -0.831100 -0.328800 0.448500
vn -0.758900 0.277200 -0.589300
vn -0.503500 0.404100 0.763700
vn 0.257000 0.228600 0.939000
vn -0.758600 0.439900 0.480600
vn -0.446200 0.073700 0.891900
vn 0.066500 -0.653300 0.754100
vn 0.095600 0.395500 0.913500
vn -0.018000 0.262200 -0.964800
vn -0.553700 -0.022300 -0.832400
vn 0.792000 0.284200 0.540400
vn 0.758000 0.533600 -0.375000
vn -0.558600 -0.752700 -0.348600
vn -0.693700 0.718400 -0.051900
vn 0.964000 -0.141600 0.224900
vn 0.890100 -0.449800 -0.073200
vn -0.498500 0.384300 0.777100
vn 0.491900 0.502500 0.711100
vn 0.408700 -0.568500 -0.714000
vn -0.899500 0.245000 -0.361800
vn -0.704300 -0.019700 0.709700
vn -0.714300 0.029700 0.699200
vn -0.743700 -0.071800 0.664700
vn 0.477200 -0.090400 0.874200
vn -0.466700 -0.415900 0.780500
vn -0.792800 0.058400 -0.606700
vn 0.004900 0.775900 -0.630900
vn -0.000800 0.738600 -0.674100
vn 0.745700 -0.244400 0.619800
vn -0.820400 -0.448400 -0.354600
vn -0.397800 -0.524000 0.753100
vn 0.617400 -0.698600 -0.361700
vn 0.611800 -0.730600 -0.303200
vn 0.511900 0.848300 0.135600
vn 0.611100 -0.714500 -0.340600
vn 0.821100 -0.528900 0.214700
vn -0.655200 0.754900 0.028500
vn 0.647100 -0.692400 0.319100
vn 0.502100 0.201800 0.840900
vn 0.815100 -0.135400 0.563300
vn 0.562100 0.410000 0.718300
vn 0.958500 -0.127100 0.255100
vn -0.021700 0.558500 0.829200
vn -0.117900 0.942600 0.312400
vn -0.021400 0.193800 -0.980800
vn -0.971300 0.217500 0.095900
vn -0.830000 -0.263400 -0.491600
vn 0.410300 -0.902900 0.127900
vn 0.801500 0.287000 0.524500
vn 0.769000 0.339500 0.541600
vn 0.871100 0.075000 0.485400
vn 0.671200 -0.628500 -0.393000
vn 0.819400 -0.469000 0.329600
vn -0.008200 0.237300 -0.971400
vn -0.958500 0.276300 -0.070500
vn -0.067700 0.976600 0.204200
vn 0.702400 0.483000 -0.522800
vn 0.648600 0.525300 -0.550800
vn 0.013900 0.017700 -0.999700
vn -0.264900 0.292900 0.918700
vn 0.213800 -0.661400 0.718900
vn 0.210800 -0.810400 0.546700
vn 0.166600 -0.654500 0.737500
vn 0.979600 -0.177300 0.094600
vn 0.976800 -0.057100 0.206200
vn -0.957500 -0.046100 -0.284600
vn 0.587800 -0.737700 -0.332100
vn 0.585300 0.241700 0.773900
vn 0.747200 -0.217300 -0.628100
vn 0.724700 -0.330000 -0.605000
vn -0.602600 -0.343400 0.720400
vn 0.376300 0.039000 -0.925700
vn -0.661500 -0.011100 -0.749800
vn -0.963500 0.166700 0.209300
vn 0.110300 -0.838500 0.533600
vn -0.709500 -0.107600 0.696500
vn 0.911100 0.360000 0.200800
vn -0.580600 -0.694800 -0.424400
vn 0.950300 0.308900 -0.038900
vn 0.469900 0.000300 0.882700
vn 0.972600 0.067100 0.222800
vn 0.240200 0.776400 0.582700
vn 0.688000 0.389100 0.612600
vn 0.511700 -0.013400 -0.859100
vn -0.481800 -0.598600 -0.639900
vn -0.869600 0.045200 -0.491700
vn -0.854400 -0.426400 -0.296900
vn -0.873000 -0.112300 0.474500
vn 0.970700 -0.129300 0.202500
vn 0.877900 0.163800 0.450000
vn 0.997000 -0.027500 0.072200
vn -0.454700 0.052000 0.889100
vn 0.653500 0.717700 -0.240600
vn 0.863800 0.494200 -0.097800
vn -0.512700 -0.058700 0.856600
vn -0.489300 0.051300 0.870600
vn -0.003700 0.987200 0.159200
vn -0.551900 0.475100 0.685400
vn 0.818800 -0.192500 0.540900
vn -0.985800 -0.058700 0.157300
vn -0.886100 -0.116100 0.448700
vn -0.554300 -0.672500 -0.490400
vn 0.974800 -0.024200 -0.221800
vn -0.886900 0.195400 -0.418600
vn -0.191800 0.940200 0.281600
vn -0.906600 -0.402800 0.125700
vn 0.973200 0.172100 0.152700
vn 0.965500 0.237100 0.107700
vn -0.888600 0.030700 -0.457700
vn 0.984200 -0.142100 0.105700
vn -0.974300 0.225100 0.000800
vn -0.300700 0.073700 0.950900
vn -0.402000 0.635100 0.659500
vn -0.541100 0.285300 0.791100
vn -0.600000 -0.143200 0.787100
vn 0.469700 0.649400 0.598100
vn 0.732300 -0.123400 -0.669800
vn -0.007300 0.996500 -0.082800
vn -0.689600 -0.634700 -0.348600
vn -0.620900 -0.657300 -0.427100
vn 0.640800 -0.751900 -0.154600
vn -0.840300 -0.184900 0.509600
vn 0.007300 0.139400 -0.990200
vn -0.391000 -0.912600 0.119500
vn -0.798600 -0.599000 0.059100
vn -0.616000 -0.770600 0.163300
vn -0.476100 -0.861200 0.178100
vn 0.490400 0.776800 0.395200
vn -0.855800 -0.236000 0.460300
vn 0.566300 -0.292900 0.770400
vn 0.462900 0.120000 -0.878300
vn -0.948000 0.029300 -0.316900
vn 0.665500 -0.065300 -0.743600
vn -0.839000 0.000800 -0.544100
vn 0.981300 0.111200 0.157100
vn -0.231200 -0.045200 -0.971900
vn -0.277400 0.030200 -0.960300
vn -0.522900 0.237900 0.818500
vn -0.006500 0.372500 0.928000
vn -0.983000 0.090000 0.160300
vn -0.819700 -0.083100 -0.566700
vn 0.028600 -0.241800 0.969900
vn 0.642600 0.178300 -0.745100
vn 0.626300 0.184200 -0.757500
vn -0.040800 -0.001500 0.999200
vn 0.073200 -0.698200 -0.712100
vn 0.095000 0.994700 -0.038200
vn 0.097700 0.994700 -0.033500
vn -0.868200 -0.167700 -0.466900
vn -0.853600 -0.116700 -0.507800
vn 0.691300 -0.396300 -0.604200
vn 0.035600 0.082300 -0.996000
vn -0.160300 -0.334700 0.928600
vn -0.954300 0.128900 -0.269600
vn 0.921000 -0.232700 -0.312300
vn 0.972200 -0.013800 -0.233800
vn -0.652000 -0.185300 0.735200
vn -0.853500 0.250400 0.457000
vn 0.844400 -0.117300 -0.522700
vn -0.463400 0.873900 -0.146700
vn -0.075400 0.866200 0.493900
vn 0.593900 0.391400 0.702900
vn 0.681200 -0.191400 0.706600
vn -0.728800 -0.297700 -0.616600
vn -0.976100 0.210800 0.053200
vn -0.035200 0.989400 0.140600
vn 0.530800 0.842000 0.095900
vn 0.542500 0.567400 0.619500
vn 0.118400 0.085500 -0.989300
vn 0.505000 0.354700 0.786800
vn -0.629100 0.576000 -0.521900
vn 0.505800 0.007100 -0.862600
vn 0.922600 -0.002700 -0.385700
vn 0.607300 0.015200 -0.794300
vn 0.645300 0.013300 -0.763800
vn 0.888100 -0.073900 0.453700
vn -0.874800 0.483900 -0.024100
vn -0.990800 0.105300 0.085300
vn 0.339500 -0.000500 0.940600
vn -0.861300 -0.206900 0.464200
vn 0.981400 0.072000 0.177900
vn -0.981100 -0.189200 0.041000
vn -0.853300 -0.305700 -0.422400
vn -0.799500 -0.528500 0.285400
vn -0.601700 -0.618200 0.505700
vn 0.928300 0.069400 0.365400
vn 0.967900 0.175400 -0.180000
vn -0.825200 -0.303000 0.476700
vn -0.718000 -0.331200 0.612200
vn 0.769400 -0.273100 0.577500
vn 0.669100 -0.402000 0.625100
vn 0.621900 0.615300 -0.484500
vn -0.109500 0.071000 0.991400
vn -0.101400 0.994000 0.041100
vn 0.481700 -0.623200 -0.616100
vn -0.706600 -0.238200 0.666300
vn 0.837400 -0.002300 -0.546600
vn 0.837400 -0.070300 -0.542100
vn 0.624200 -0.171600 0.762200
vn -0.433700 -0.035500 0.900400
vn 0.058900 0.917800 0.392600
vn 0.060500 0.917100 0.394000
vn 0.874400 0.007100 0.485100
vn 0.639100 -0.045700 0.767800
vn 0.855600 -0.370800 0.361300
vn -0.493000 -0.691900 -0.527400
vn -0.418000 0.008200 -0.908400
vn -0.438600 0.054600 -0.897000
vn -0.442700 0.006100 -0.896700
vn 0.906900 0.020100 -0.420800
vn 0.013000 0.110700 -0.993800
vn -0.911200 0.398700 0.104100
vn -0.283800 0.161300 0.945200
vn -0.314300 -0.469800 0.824900
vn 0.930600 0.012200 -0.365800
vn -0.813900 -0.233700 0.531900
vn -0.758500 -0.258900 0.598100
vn 0.155300 0.875600 -0.457400
vn -0.697500 0.567500 -0.437600
vn -0.777400 0.521200 -0.352000
vn 0.919000 0.254700 -0.300900
vn 0.677500 0.195600 -0.709000
vn 0.482200 -0.803100 -0.350100
vn -0.028900 -0.555000 0.831400
vn 0.003700 0.249500 -0.968400
vn 0.004400 0.202600 -0.979300
vn 0.417900 0.517700 0.746500
vn 0.827500 -0.057600 0.558500
vn 0.657300 0.018800 0.753400
vn 0.112800 -0.181400 0.976900
vn 0.737800 -0.189000 0.648100
vn -0.557100 0.822500 0.114200
vn 0.762700 -0.099100 -0.639100
vn 0.908100 0.101700 -0.406100
vn 0.984500 -0.009300 -0.174900
vn -0.886500 -0.452600 0.096200
vn -0.861900 -0.491900 -0.123600
vn -0.024500 -0.997600 0.064100
vn 0.279700 -0.069300 0.957600
vn 0.618300 0.026900 -0.785500
vn -0.860100 -0.217300 -0.461600
vn -0.508200 -0.682500 -0.525300
vn 0.620200 0.381100 0.685600
vn -0.789400 -0.090300 -0.607100
vn -0.928400 -0.008900 0.371500
vn -0.926800 -0.009800 0.375400
vn -0.934800 0.010500 0.354900
vn -0.400300 0.504600 0.764900
vn -0.498300 -0.250200 -0.830100
vn -0.354900 -0.588000 -0.726800
vn 0.847900 0.289800 -0.443800
vn 0.902800 -0.172700 0.393900
vn -0.091800 0.963900 0.250000
vn -0.097600 0.965200 0.242600
vn 0.301400 0.214300 0.929100
vn -0.418100 0.803500 0.423700
vn 0.051200 -0.652400 0.756100
vn 0.082800 -0.735900 -0.672000
vn 0.021600 0.172500 -0.984800
vn 0.533800 0.511900 0.673000
vn 0.815700 0.403100 0.414800
vn 0.205700 0.145600 -0.967700
vn -0.171400 0.062100 -0.983200
vn 0.304800 0.474500 0.825800
vn 0.224100 0.632000 0.741900
vn 0.914100 0.367400 0.171700
vn 0.953300 0.108200 0.282100
vn -0.383400 0.360600 0.850300
vn -0.946800 0.194300 0.256700
vn 0.927500 0.021500 0.373300
vn -0.359300 0.051600 -0.931800
vn -0.361700 0.057000 -0.930600
vn 0.016000 0.861100 -0.508200
vn -0.445500 0.879100 0.169400
vn -0.937500 -0.104600 0.331900
vn 0.254500 -0.000100 0.967100
vn 0.421900 0.083700 -0.902800
vn -0.014300 -0.308000 -0.951300
vn -0.477300 0.731100 0.487600
vn -0.815200 -0.203800 0.542100
vn -0.976200 0.179000 -0.122600
vn -0.623500 0.386000 0.679900
vn -0.605300 0.430900 0.669300
vn -0.220500 -0.826700 -0.517700
vn -0.260700 -0.960700 -0.095600
vn 0.902900 0.055600 -0.426200
vn 0.971700 0.219500 0.087700
vn 0.817200 -0.228400 0.529200
vn -0.873000 0.007000 0.487600
vn 0.826400 0.292000 0.481500
vn 0.824800 -0.551400 0.125500
vn 0.036100 -0.545600 -0.837300
vn -0.068200 -0.574100 -0.815900
vn 0.830800 0.342200 -0.439000
vn 0.568600 0.259800 0.780600
vn -0.984000 -0.158000 0.082600
vn -0.916800 -0.367700 0.155500
vn -0.652700 0.339000 -0.677500
vn -0.052300 0.171700 -0.983800
vn -0.834600 -0.227200 0.501700
vn -0.752200 -0.251000 0.609300
vn -0.580400 -0.069400 0.811400
vn -0.719000 -0.366300 -0.590700
vn -0.416400 0.082600 -0.905400
vn -0.962700 -0.205500 -0.175900
vn 0.809200 -0.272500 -0.520500
vn 0.967600 0.151300 0.202000
vn -0.735000 0.002600 0.678000
vn -0.947400 -0.319500 -0.016000
vn -0.870400 -0.492200 0.008500
vn -0.021500 0.554500 0.831900
vn -0.615700 -0.677600 -0.402200
vn 0.604700 0.684300 -0.407600
vn 0.980400 0.103900 -0.167100
vn 0.907500 -0.227100 0.353300
vn -0.365200 0.077300 0.927700
vn -0.941200 0.175500 0.288600
vn 0.895900 0.094200 0.434200
vn 0.336500 -0.741800 -0.580000
vn -0.781100 -0.276500 -0.559900
vn -0.659600 -0.244700 0.710700
vn -0.449800 0.851400 0.269700
vn -0.079900 0.984100 -0.158400
vn 0.770600 0.107700 -0.628100
vn 0.964000 -0.260200 -0.054400
vn -0.760400 -0.325400 0.562100
vn -0.754200 0.600200 -0.266400
vn -0.664200 0.395400 -0.634400
vn -0.425600 0.188500 -0.885100
vn -0.311500 0.525100 0.792000
vn -0.215000 -0.845700 -0.488500
vn -0.340200 -0.397600 0.852100
vn 0.620100 -0.009000 0.784500
vn 0.919500 0.368700 -0.136100
vn 0.902200 0.375900 -0.211300
vn -0.781200 0.485800 -0.392000
vn 0.633700 -0.007100 0.773600
vn -0.483800 0.000600 0.875200
vn -0.514600 -0.385900 0.765700
vn -0.803900 -0.303700 0.511300
vn -0.817800 -0.334500 0.468400
vn -0.348600 0.385600 0.854300
vn -0.954400 -0.132900 -0.267200
vn -0.009700 0.102400 -0.994700
vn 0.756400 0.235500 0.610200
vn -0.463700 0.539100 0.703100
vn -0.449900 0.493500 0.744400
vn 0.906500 0.379300 0.185400
vn -0.712900 -0.498400 -0.493200
vn -0.802900 0.006400 0.596100
vn 0.637300 0.659300 -0.398900
vn -0.832700 0.536400 0.137800
vn 0.547100 -0.753600 -0.364400
vn -0.882700 -0.318000 0.346000
vn 0.975200 0.118900 0.186800
vn -0.684000 -0.194700 -0.703000
vn -0.671700 -0.440400 -0.595800
vn -0.099900 0.988000 0.118000
vn 0.677200 0.449200 0.582800
vn 0.926900 0.166100 0.336600
vn -0.679300 0.425400 -0.598000
vn -0.680400 0.356400 -0.640400
vn 0.959200 0.030100 -0.281200
vn 0.249000 -0.845100 -0.473100
vn 0.906700 0.046600 0.419200
vn -0.693400 0.520300 -0.498500
vn 0.407900 -0.018200 -0.912800
vn 0.003000 -0.364400 -0.931200
vn -0.526800 -0.695900 -0.488100
vn -0.811000 0.145800 -0.566600
vn -0.642600 0.360700 -0.675900
vn 0.665800 0.630000 -0.399800
vn 0.688900 -0.723500 -0.044800
vn 0.622300 -0.064900 0.780100
vn 0.484900 0.477000 0.733000
vn 0.685300 0.166000 0.709100
vn 0.677500 0.044400 0.734200
vn -0.767800 -0.364700 -0.526800
vn 0.880100 -0.282600 0.381400
vn 0.743300 0.603300 0.288900
vn -0.004800 0.257800 -0.966200
vn 0.506800 -0.798300 -0.325300
vn 0.558900 -0.678900 -0.476200
vn 0.201900 -0.671800 0.712700
vn -0.069100 0.373300 0.925100
vn 0.143400 -0.603000 0.784800
vn 0.425100 0.002200 -0.905200
vn 0.427800 0.019800 -0.903700
vn -0.931200 0.364100 0.017100
vn -0.298900 0.004800 -0.954300
vn -0.298800 0.014900 -0.954200
vn 0.241700 0.072100 -0.967700
vn 0.035900 0.670600 0.741000
vn 0.267200 0.171700 0.948200
vn 0.700200 0.056800 0.711600
vn 0.628700 -0.137300 0.765400
vn 0.575500 -0.804800 -0.145300
vn 0.697100 -0.692300 -0.186400
vn 0.374800 -0.709800 -0.596500
vn 0.539600 -0.677900 -0.499300
vn 0.430200 0.729900 0.531200
vn 0.967100 0.232500 0.103100
vn -0.011500 -0.458000 -0.888900
vn -0.637700 0.019700 -0.770000
vn 0.682600 -0.212700 0.699100
vn -0.870900 -0.104700 0.480200
vn -0.718400 -0.036600 0.694700
vn 0.622500 0.292400 -0.725900
vn -0.023800 0.027700 -0.999300
vn -0.032700 -0.578000 0.815400
vn -0.604300 0.780700 0.159100
vn -0.873300 0.149900 -0.463500
vn -0.876500 0.156000 -0.455300
vn -0.951700 0.271500 0.143200
vn 0.966500 0.174400 0.188200
vn 0.730900 -0.276900 -0.623700
vn 0.732700 -0.257800 -0.629800
vn -0.561000 -0.811000 0.166100
vn -0.934300 -0.270500 0.232200
vn -0.830600 -0.373900 -0.412700
vn -0.206700 0.969700 0.130000
vn 0.926200 0.374700 0.042500
vn -0.798500 0.499300 0.336300
vn -0.571000 0.793900 0.209000
vn 0.198300 -0.799000 -0.567700
vn -0.474600 0.459900 0.750500
vn -0.327900 0.363800 0.871900
vn -0.681300 0.475600 -0.556500
vn 0.621700 -0.280100 -0.731500
vn 0.367000 0.927800 0.067400
vn -0.969700 0.146500 0.195500
vn -0.073300 -0.703100 -0.707300
vn 0.742400 -0.080200 0.665100
vn -0.891400 -0.002500 0.453100
vn -0.424600 -0.895900 0.130900
vn -0.460900 -0.883900 0.079000
vn 0.286200 -0.958100 -0.010500
vn -0.876800 -0.466000 0.118500
vn 0.588800 0.437200 0.679900
vn 0.632000 0.422700 0.649500
vn -0.917600 -0.238400 0.318100
vn 0.410100 -0.907400 0.092200
vn 0.010900 0.992800 -0.119100
vn -0.028000 0.996400 -0.080300
vn -0.348500 -0.191600 0.917500
vn 0.958900 0.278100 0.056900
vn 0.814000 -0.223900 0.536000
vn -0.011400 -0.744500 -0.667500
vn 0.591400 -0.100000 0.800200
vn 0.654800 0.457900 0.601300
vn -0.124800 -0.471600 0.873000
vn -0.997400 0.070700 -0.012800
vn 0.786400 0.061000 0.614700
vn 0.749900 0.336000 0.569900
vn -0.415700 0.022100 -0.909200
vn -0.702800 -0.564700 -0.432600
vn -0.550400 -0.354300 0.756000
vn -0.002100 0.124500 -0.992200
vn -0.352200 0.768200 0.534700
vn 0.952900 0.012200 -0.303100
vn -0.819100 -0.060600 0.570400
vn 0.857300 0.359500 0.368500
vn -0.681600 -0.730100 -0.049700
vn 0.680400 0.731200 0.049500
vn -0.993400 -0.046300 0.104700
vn -0.989500 -0.100000 0.104600
vn 0.720600 -0.684300 -0.112000
vn 0.763200 -0.601800 -0.235400
vn 0.071100 -0.723800 -0.686400
vn -0.235000 -0.145500 -0.961000
vn 0.200600 0.685300 -0.700000
vn -0.895800 -0.234200 0.377600
vn 0.698600 -0.618500 -0.359800
vn 0.675100 -0.425600 0.602500
vn 0.512700 -0.014300 -0.858500
vn 0.040800 0.215600 0.975600
vn 0.730800 -0.305700 -0.610300
vn -0.498700 -0.012700 -0.866700
vn -0.699500 -0.257900 -0.666400
vn 0.049600 0.867700 0.494500
vn 0.568100 -0.131200 0.812400
vn -0.691900 0.445900 0.567900
vn -0.835800 0.455600 0.306400
vn -0.760900 0.597500 0.253100
vn -0.758900 -0.009900 0.651200
vn -0.740300 -0.491000 -0.459300
vn -0.807400 -0.444600 -0.387800
vn 0.480600 -0.824100 -0.299900
vn -0.701800 -0.615700 -0.358300
vn -0.733600 -0.588700 0.339500
vn -0.101600 -0.991600 0.079800
vn 0.052900 0.858500 -0.510000
vn -0.935400 -0.103800 0.338000
vn 0.016700 0.946500 0.322300
vn -0.006900 0.072600 -0.997300
vn -0.924800 -0.120200 -0.361100
vn -0.858000 -0.170600 0.484500
vn -0.813900 0.051800 -0.578700
vn 0.673700 0.730800 -0.110100
vn 0.204200 0.101100 -0.973700
vn -0.661300 0.406800 -0.630200
vn -0.949700 0.062400 -0.306800
vn -0.915200 -0.000900 -0.403100
vn -0.944600 0.312200 0.101400
vn 0.303200 0.277600 0.911600
vn 0.041700 0.345100 -0.937600
vn 0.745100 -0.208000 -0.633600
vn 0.062200 0.076600 -0.995100
vn -0.114600 0.988700 -0.097000
vn -0.299100 -0.460100 0.836000
vn 0.142700 -0.441100 0.886000
vn 0.633000 -0.667400 0.392300
vn -0.936900 0.008900 0.349600
vn 0.603600 -0.779900 -0.165700
vn -0.676600 0.346100 -0.650000
vn -0.935300 0.336300 0.109900
vn -0.991700 -0.113000 0.061900
vn 0.530100 0.202500 -0.823400
vn 0.264400 0.132700 0.955300
vn 0.310300 0.134400 0.941100
vn 0.319000 0.090500 0.943400
vn -0.412900 -0.902700 0.120800
vn -0.953400 -0.149400 -0.262000
vn 0.896900 -0.217100 0.385300
vn 0.955300 0.280100 0.094500
vn -0.625000 -0.189900 0.757200
vn -0.662200 -0.144600 0.735300
vn 0.601700 0.406200 0.687700
vn -0.655100 0.619300 -0.432800
vn 0.641200 -0.760300 -0.104000
vn -0.424300 -0.671000 0.608000
vn -0.313300 -0.691800 0.650600
vn 0.875500 0.457100 0.156700
vn -0.068000 0.826900 0.558200
vn -0.154800 -0.319500 0.934800
vn -0.664200 -0.592500 0.455800
vn -0.211200 0.947300 0.241000
vn 0.752700 -0.250200 -0.609000
vn 0.831800 -0.297800 0.468400
vn 0.969100 0.106700 0.222300
vn -0.673400 0.501500 -0.543100
vn 0.175000 0.973200 0.149400
vn -0.761900 -0.212100 0.611900
vn -0.965000 0.247300 0.086600
vn 0.994300 -0.021800 0.104800
vn 0.490800 0.275600 0.826500
vn 0.311100 0.228800 0.922400
vn 0.404800 -0.739300 -0.538100
vn -0.783400 0.438000 0.441000
vn 0.533400 -0.715500 -0.451200
vn -0.047600 -0.981800 -0.183900
vn 0.305700 0.021300 0.951900
vn 0.464300 0.474000 0.748200
vn 0.327700 -0.749400 0.575300
vn 0.551800 -0.643300 0.530800
vn -0.922600 -0.215700 0.319900
vn -0.874600 -0.299400 -0.381400
vn -0.585000 0.642200 0.495300
vn 0.598300 -0.013100 -0.801100
vn -0.512700 -0.310800 -0.800300
vn 0.813500 0.057600 -0.578700
vn 0.602900 -0.672800 -0.428800
vn -0.011200 -0.999900 -0.003700
vn -0.931600 -0.361800 0.035000
vn -0.909700 -0.403000 -0.099800
vn -0.120500 0.868900 0.480100
vn 0.708800 -0.014900 -0.705200
vn 0.899600 0.091800 0.427000
vn 0.846900 0.098500 0.522500
vn -0.760600 0.297900 -0.576800
vn -0.747700 0.225100 -0.624700
vn 0.644600 0.181900 -0.742600
vn 0.424700 -0.057800 -0.903500
vn -0.251400 0.077900 -0.964700
vn 0.221800 0.868500 0.443400
vn -0.545900 0.331700 0.769400
vn 0.998500 0.012200 -0.054100
vn -0.653900 0.729700 -0.199900
vn 0.148400 -0.801800 0.578800
vn 0.674400 0.735500 0.065200
vn -0.780000 -0.125600 0.613000
vn 0.034200 -0.230800 -0.972400
vn -0.004100 -0.053800 -0.998500
vn 0.989600 -0.055000 -0.132800
vn -0.531600 0.234900 0.813800
vn -0.916200 -0.165900 0.364700
vn 0.529700 -0.312800 0.788400
vn 0.452100 -0.721400 -0.524600
vn -0.185800 -0.652300 0.734900
vn -0.188600 -0.640300 0.744600
vn -0.978200 -0.003100 0.207500
vn 0.666200 0.667400 0.333000
vn 0.296300 0.743800 0.599200
vn -0.078600 -0.432300 0.898300
vn -0.038100 0.309400 -0.950200
vn 0.474800 0.805200 0.355300
vn -0.592700 -0.000800 -0.805400
vn 0.133100 0.777000 -0.615200
vn -0.975900 -0.180100 0.123600
vn -0.823300 -0.102600 0.558300
vn -0.632900 0.204100 -0.746900
vn -0.617500 0.203200 -0.759900
vn -0.244400 0.740100 -0.626500
vn 0.795500 -0.158400 0.584900
vn -0.638600 0.311600 -0.703600
vn 0.175800 -0.290100 0.940700
vn -0.046900 0.989100 0.139900
vn -0.781700 -0.222200 -0.582700
vn -0.667600 0.598000 0.443500
vn -0.805000 0.217900 0.551900
vn 0.588000 0.455100 0.668700
vn -0.952400 -0.007300 0.304800
vn -0.179600 0.958000 0.223600
vn -0.485300 0.671300 0.560300
vn 0.885800 -0.285300 0.366100
vn 0.982800 0.086800 -0.163000
vn -0.815200 0.042700 0.577700
vn 0.935400 0.338600 -0.101600
vn -0.515400 0.813700 0.268700
vn 0.765100 -0.242300 -0.596600
vn -0.008800 0.002400 -1.000000
vn -0.671300 -0.569100 0.474800
vn 0.514400 0.798700 0.312300
vn -0.979800 -0.105600 0.170000
vn -0.969400 -0.093100 0.227300
vn -0.687900 0.228700 -0.688800
vn -0.931100 -0.172200 0.321600
vn 0.204400 -0.658600 -0.724100
vn 0.860800 -0.193100 0.471000
vn 0.923000 -0.133400 0.361100
vn 0.716200 -0.051200 -0.696000
vn 0.009900 0.073800 -0.997200
vn 0.603000 0.005500 -0.797700
vn -0.780300 0.525100 -0.339700
vn 0.758600 -0.249600 -0.601900
vn -0.617800 0.645200 -0.449400
vn -0.974200 0.133200 0.181900
vn -0.507100 -0.816300 -0.276600
vn 0.369900 0.474400 0.798800
vn 0.606700 -0.282000 0.743200
vn 0.575500 -0.169500 0.800100
vn -0.049200 0.101200 -0.993600
vn -0.027100 0.126300 -0.991600
vn 0.238600 0.922500 0.303500
vn 0.300700 -0.219600 0.928100
vn -0.509300 0.282100 0.813000
vn -0.105100 -0.991100 -0.082300
vn 0.964100 0.039000 -0.262600
vn -0.999800 -0.013200 0.012000
vn 0.286000 -0.941000 -0.180700
vn -0.010900 -0.830300 -0.557300
vn -0.017700 -0.076300 0.996900
vn 0.892400 -0.266800 0.364000
vn 0.349100 0.436000 0.829500
vn -0.508300 0.389300 0.768200
vn 0.664100 0.400400 0.631400
vn -0.463100 0.766900 -0.444200
vn -0.927200 -0.019800 -0.374100
vn 0.578200 0.730000 -0.364400
vn 0.976200 0.053100 0.210200
vn 0.410200 0.546100 0.730400
vn -0.031700 0.158500 -0.986900
vn -0.685500 -0.391000 -0.614200
vn 0.910900 0.210500 0.355000
vn 0.954400 0.017400 0.297900
vn 0.247800 -0.785500 0.567100
vn -0.058800 -0.456100 0.888000
vn 0.654800 -0.507500 -0.560100
vn -0.627600 -0.094600 0.772800
vn 0.459900 0.848000 0.263500
vn 0.520500 -0.000700 0.853800
vn -0.484500 0.813600 0.321500
vn -0.809100 0.394600 -0.435400
vn 0.594900 -0.783800 -0.178300
vn -0.389900 0.660400 0.641700
vn -0.814800 0.527300 -0.241100
vn -0.804800 0.569000 -0.169200
vn 0.798800 -0.413000 0.437400
vn -0.286000 0.065800 -0.956000
vn 0.992300 -0.085600 0.089400
vn 0.130000 0.406400 -0.904400
vn 0.637400 0.616600 -0.462200
vn 0.818100 0.327400 0.472700
vn -0.613600 -0.403100 -0.679000
vn 0.851400 -0.406900 -0.331000
vn 0.809300 -0.244900 -0.534000
vn 0.198900 0.751400 0.629100
vn 0.179100 0.820100 0.543400
vn 0.717400 -0.194200 0.669100
vn -0.880000 0.470200 -0.066700
vn -0.675000 -0.298300 0.674800
vn -0.335500 -0.690700 -0.640600
vn -0.986500 -0.018500 -0.162600
vn -0.986100 0.029100 -0.163500
vn -0.648300 0.743800 0.162800
vn 0.557700 0.790300 0.253700
vn -0.664300 -0.665400 -0.340400
vn -0.901000 0.022200 -0.433300
vn -0.964400 0.009400 0.264300
vn 0.014100 -0.461100 -0.887300
vn 0.045300 -0.412000 -0.910000
vn 0.199700 0.789900 0.579900
vn 0.263300 0.550200 0.792400
vn 0.075700 0.935500 0.345100
vn 0.071900 0.629800 0.773500
vn 0.533000 0.180900 0.826600
vn 0.527600 0.318500 0.787500
vn -0.916100 -0.111400 0.385100
vn 0.772000 0.153100 -0.616900
vn 0.806800 0.189800 -0.559500
vn -0.308700 0.043600 0.950200
vn 0.258800 0.963700 0.065400
vn 0.580500 -0.346700 -0.736700
vn 0.682600 0.042000 0.729600
vn 0.648100 -0.096800 0.755400
vn 0.652600 0.631500 -0.418700
vn 0.538100 0.119400 0.834400
vn 0.557500 0.796300 0.234600
vn 0.509500 0.834500 0.209800
vn -0.245400 0.148800 0.957900
vn 0.721800 0.496000 0.482800
vn -0.783500 0.527700 0.328000
vn 0.762900 -0.531600 0.367900
vn -0.448600 0.574300 0.684700
vn -0.819500 -0.104000 -0.563500
vn 0.014300 -0.450600 0.892600
vn -0.135100 -0.165100 0.977000
vn 0.796400 -0.161000 0.583000
vn 0.957200 -0.167300 0.236000
vn -0.404900 0.877400 0.257200
vn 0.926500 -0.371100 0.061900
vn 0.635700 0.448000 0.628700
vn -0.071100 -0.129600 -0.989000
vn 0.978900 -0.005900 -0.204200
vn 0.528200 0.817500 0.229400
vn -0.966700 -0.021900 -0.255000
vn 0.758800 0.571800 0.311900
vn 0.836700 0.454700 0.305300
vn 0.682900 -0.178400 0.708400
vn -0.620500 0.622000 -0.477600
vn 0.616800 -0.641200 0.456500
vn -0.713600 0.458200 0.530000
vn -0.775000 -0.611700 0.158400
vn 0.674500 0.206100 0.708900
vn 0.907400 -0.117900 -0.403400
vn -0.954400 -0.223100 0.198500
vn -0.955900 -0.217500 0.197200
vn 0.994100 -0.058100 0.091400
vn -0.814100 0.002500 -0.580700
vn -0.933200 0.355600 0.051700
vn -0.929500 0.364200 0.058300
vn 0.704400 0.004000 0.709800
vn -0.690300 0.576500 -0.437300
vn -0.428000 -0.902200 0.054400
vn 0.668600 -0.402700 0.625100
vn -0.741300 -0.173000 -0.648500
vn -0.767000 -0.149300 -0.624000
vn -0.891200 -0.396500 -0.220400
vn 0.142500 -0.873900 0.464800
vn -0.045400 0.832700 0.551900
vn 0.833300 -0.236000 -0.499900
vn 0.595500 0.776700 0.205000
vn 0.570400 0.793300 0.212700
vn -0.181100 0.268200 0.946200
vn -0.981100 0.098900 0.166300
vn -0.295800 -0.526800 -0.796900
vn -0.245200 -0.443500 -0.862100
vn 0.715300 -0.140500 0.684500
vn 0.618500 0.175600 -0.765900
vn -0.622600 0.758600 0.192100
vn 0.909900 -0.358600 -0.208600
vn -0.068400 -0.937500 -0.341300
vn -0.818900 0.269600 -0.506700
vn -0.839400 0.190600 -0.509100
vn 0.022700 0.875000 0.483600
vn 0.899300 0.436300 0.031500
vn 0.764000 0.300500 0.571000
vn -0.632200 0.539700 -0.556000
vn -0.330400 -0.001600 0.943800
vn -0.992200 -0.110900 -0.056900
vn -0.583000 0.379300 0.718600
vn 0.773700 -0.078700 -0.628600
vn 0.058300 0.981300 0.183600
vn -0.091800 -0.582600 0.807600
vn -0.569200 -0.417400 -0.708400
vn -0.715700 0.244300 0.654300
vn -0.569800 0.496100 0.655200
vn -0.569400 0.489100 0.660700
vn 0.145000 0.984100 -0.102100
vn -0.154900 -0.624500 0.765600
vn 0.001600 -0.570300 0.821400
vn -0.616300 -0.172100 0.768400
vn -0.362600 0.085400 0.928000
vn -0.991500 -0.011200 -0.129600
vn -0.716000 -0.032600 0.697300
vn -0.520400 0.178300 0.835100
vn 0.002700 -0.993100 0.117500
vn 0.000600 0.567800 0.823100
vn -0.737000 0.367500 -0.567300
vn 0.934800 0.336800 0.112800
vn -0.698700 0.004300 0.715400
vn 0.402800 -0.908200 0.113800
vn 0.716600 0.693500 0.074700
vn -0.886300 0.399000 -0.235000
vn -0.615900 0.517500 0.594100
vn -0.565400 0.623200 0.540300
vn -0.092000 0.765900 -0.636300
vn -0.961100 0.015300 -0.275900
vn -0.653700 -0.621100 -0.432400
vn -0.724300 -0.115900 -0.679600
vn -0.692600 -0.029300 -0.720700
vn 0.769200 -0.253900 0.586300
vn 0.735500 -0.269600 0.621500
vn -0.133300 -0.780300 -0.611100
vn 0.629100 0.526600 -0.571800
vn -0.426100 -0.110600 0.897900
vn 0.465600 -0.460500 0.755700
vn 0.002800 -0.104000 0.994600
vn -0.478200 0.470500 0.741600
vn 0.748900 -0.153500 0.644600
vn -0.771800 -0.102500 0.627600
vn 0.572900 0.817300 0.061500
vn -0.871400 0.196000 -0.449800
vn 0.805900 0.161400 0.569700
vn 0.405900 -0.905800 0.121400
vn 0.880600 0.450300 0.147600
vn 0.819100 0.016200 -0.573400
vn 0.825800 -0.341000 0.449200
vn -0.808700 -0.125800 0.574600
vn 0.778600 -0.177300 0.602000
vn 0.239100 0.094900 0.966300
vn -0.918900 0.136200 -0.370300
vn 0.527700 -0.087000 0.845000
vn -0.804000 -0.276000 0.526700
vn -0.964700 -0.161900 0.207700
vn -0.134400 0.990200 -0.038600
vn -0.818500 0.268800 0.507800
vn -0.843800 0.360800 0.397200
vn 0.509400 0.844600 0.164900
vn 0.647800 0.045800 0.760500
vn -0.787600 -0.224900 0.573600
vn 0.788800 0.578200 0.208300
vn -0.355500 -0.805500 -0.474100
vn 0.014500 0.126900 -0.991800
vn 0.008500 0.117000 -0.993100
vn 0.031700 -0.726800 -0.686100
vn -0.945700 0.069600 0.317600
vn -0.536200 -0.503200 0.677700
vn -0.617800 -0.752000 0.229600
vn -0.947200 -0.229400 0.223800
vn -0.027900 0.931500 0.362800
vn 0.174700 0.773300 0.609500
vn -0.955600 -0.279900 -0.092400
vn 0.432900 -0.609300 0.664300
vn 0.115800 -0.880500 -0.459800
vn -0.665100 0.742000 0.083700
vn 0.075100 0.438700 0.895500
vn 0.833800 0.479700 -0.273400
vn -0.091400 -0.099000 0.990900
vn -0.847400 -0.213600 -0.486100
vn -0.810200 -0.163500 -0.562800
vn 0.949600 0.028600 -0.312200
vn 0.908400 -0.082400 0.410000
vn -0.972300 -0.180700 0.148400
vn 0.802000 -0.534400 -0.266700
vn 0.895800 -0.167200 -0.411800
vn -0.646800 0.723400 -0.241600
vn -0.837100 -0.109400 0.536000
vn 0.651400 -0.704600 0.281500
vn 0.834300 0.423500 0.352900
vn 0.894900 -0.080800 0.438900
vn 0.875400 -0.181000 0.448300
vn -0.720100 -0.067600 -0.690500
vn -0.688100 0.010800 0.725500
vn -0.653800 0.416800 0.631600
vn 0.965800 0.248900 -0.072400
vn 0.874100 -0.293600 0.386900
vn 0.867200 -0.166200 -0.469500
vn 0.809200 -0.345100 -0.475500
vn -0.613800 0.026500 -0.789000
vn -0.712100 -0.608200 -0.350800
vn -0.980100 -0.190100 0.057800
vn -0.958800 -0.122300 0.256600
vn -0.759200 0.299800 -0.577700
vn -0.118200 -0.156700 0.980500
vn -0.739600 -0.115900 0.662900
vn 0.812200 -0.577800 -0.080000
vn 0.951000 0.040200 -0.306600
vn 0.989700 -0.009500 -0.142900
vn 0.663900 -0.728300 0.169800
vn 0.991500 0.058500 -0.116200
vn 0.862700 0.196200 -0.466100
vn 0.251500 0.948900 0.190800
vn -0.794500 -0.245200 0.555500
vn -0.690600 -0.097800 -0.716600
vn -0.897300 -0.253400 0.361400
vn -0.043500 0.082600 -0.995600
vn -0.571200 0.793700 0.209300
vn -0.569100 0.788500 0.233100
vn -0.929900 -0.014100 -0.367600
vn 0.019900 -0.155300 0.987700
vn 0.658400 -0.329800 0.676600
vn 0.613000 -0.374000 0.695900
vn -0.289700 -0.956300 0.040500
vn 0.158800 0.644400 0.748000
vn -0.403900 0.119700 -0.906900
vn 0.567800 -0.005000 -0.823200
vn -0.589700 0.383800 0.710600
vn 0.267700 -0.158700 0.950300
vn -0.924100 -0.107200 0.366800
vn 0.775200 0.511100 -0.371300
vn -0.778400 -0.106600 0.618700
vn 0.621100 0.628000 -0.468900
vn -0.557200 0.448800 0.698600
vn -0.394900 0.259600 0.881300
vn 0.053400 0.969500 0.239000
vn 0.634800 0.770000 -0.064000
vn 0.057900 0.981400 0.183000
vn -0.663400 -0.723300 0.191800
vn -0.699500 -0.664100 0.263800
vn -0.602400 0.761300 0.240100
vn -0.670900 0.688600 -0.275400
vn 0.318300 -0.754600 0.573800
vn 0.574500 0.286500 0.766700
vn 0.762100 0.064200 0.644300
vn -0.269500 0.923800 -0.271900
vn -0.309900 0.804000 -0.507600
vn 0.841900 0.008500 0.539600
vn -0.672000 -0.556700 0.488300
vn -0.667500 -0.563400 0.486900
vn 0.007200 -1.000000 -0.002600
vn -0.012600 0.999100 0.041600
vn -0.886100 -0.084600 0.455600
vn -0.930700 -0.117700 0.346400
vn -0.982000 0.013300 -0.188200
vn -0.001200 0.991600 0.129200
vn 0.461200 -0.528500 0.712700
vn 0.699100 -0.289000 0.654100
vn -0.131200 0.326100 0.936200
vn -0.195800 -0.961700 0.191700
vn 0.536100 0.511300 0.671700
vn 0.567100 0.470500 0.676100
vn 0.812700 -0.152100 -0.562400
vn 0.755200 -0.244700 -0.608100
vn 0.643300 0.525700 -0.556700
vn 0.590700 0.584200 -0.556600
vn -0.187400 -0.054400 0.980800
vn -0.155500 -0.238900 0.958500
vn 0.658100 -0.750600 -0.059100
vn 0.964700 0.194200 -0.177700
vn 0.449000 -0.322200 0.833400
vn 0.607100 0.654600 -0.450600
vn 0.264100 0.952500 0.151500
vn 0.293900 0.937300 0.187400
vn -0.315100 0.128600 -0.940300
vn -0.866100 0.012100 -0.499800
vn -0.822300 -0.320100 0.470500
vn -0.280500 0.399300 0.872900
vn -0.351600 0.305800 0.884800
vn -0.695800 0.380100 -0.609500
vn -0.705500 0.388300 -0.592800
vn 0.544500 0.780100 0.308000
vn 0.057600 -0.355500 -0.932900
vn 0.000100 -0.386900 -0.922100
vn -0.808500 -0.289500 0.512300
vn 0.310200 -0.775800 0.549400
vn 0.330100 -0.783300 0.526800
vn -0.738600 -0.158100 -0.655300
vn -0.617000 -0.341500 -0.709000
vn -0.991700 0.094600 0.086700
vn -0.984800 0.172500 0.018900
vn -0.833700 -0.391300 -0.389700
vn 0.828100 -0.398100 -0.394700
vn -0.563700 0.489900 -0.665000
vn -0.692500 -0.050700 -0.719700
vn -0.387300 -0.914900 0.113700
vn -0.422400 -0.905400 0.043700
vn -0.444900 -0.045700 0.894400
vn 0.045200 0.872200 0.487100
vn 0.787500 -0.142700 0.599600
vn 0.820700 -0.144100 0.552900
vn 0.000500 -0.989700 0.143500
vn 0.000700 -0.991500 0.130200
vn 0.546300 0.209300 0.811000
vn 0.654900 0.657700 0.372100
vn 0.618600 0.621900 0.480200
vn -0.255900 0.782100 0.568200
vn -0.040600 0.519800 0.853300
vn 0.040200 0.557300 0.829300
vn -0.611300 -0.789200 -0.059100
vn -0.606500 -0.725400 0.325400
vn 0.418400 -0.907300 0.041400
vn 0.852600 0.506800 -0.127200
vn -0.476400 -0.757600 -0.446200
vn -0.415000 -0.821700 -0.390700
vn 0.654900 -0.484000 -0.580400
vn -0.210600 -0.833700 -0.510500
vn -0.460400 -0.818600 -0.343500
vn 0.969500 0.168600 0.177700
vn 0.593300 -0.756600 -0.274800
vn 0.584900 -0.735200 -0.342700
vn -0.896900 0.133100 0.421800
vn -0.726700 0.578200 0.370900
vn -0.821300 0.564400 -0.082600
vn -0.866700 0.061600 -0.495000
vn 0.853400 -0.059900 0.517900
vn -0.758700 -0.071700 -0.647500
vn -0.757500 -0.074600 -0.648600
vn 0.073100 0.986800 0.144300
vn 0.696400 0.323900 -0.640400
vn -0.597900 -0.751300 -0.279300
vn 0.812900 -0.101100 -0.573600
vn 0.845300 0.001600 0.534200
vn 0.518600 -0.694700 -0.498400
vn -0.785100 -0.230400 0.574900
vn -0.954400 0.137100 0.265300
vn 0.349200 0.078600 0.933700
vn -0.331200 -0.510200 -0.793700
vn -0.570200 -0.664200 -0.483400
vn -0.704600 -0.015300 -0.709400
vn 0.962600 0.095400 -0.253500
vn 0.903000 -0.214400 0.372400
vn 0.996100 -0.024000 -0.084600
vn -0.646500 0.106200 0.755500
vn -0.899500 0.179400 -0.398300
vn 0.994100 0.024000 0.105400
vn 0.973300 0.013300 0.229300
vn 0.975800 0.195900 0.096900
vn 0.575800 0.466000 0.671800
vn -0.565600 0.207700 0.798100
vn 0.018100 -0.109000 0.993900
vn 0.079800 -0.172600 0.981800
vn 0.711700 -0.010200 -0.702400
vn 0.879800 -0.073900 0.469500
vn 0.827400 -0.069400 0.557300
vn 0.658500 0.651400 -0.376900
vn 0.725600 0.204200 0.657100
vn -0.299000 -0.951700 0.069200
vn -0.388500 -0.913600 0.120100
vn -0.078600 0.028800 -0.996500
vn 0.991200 0.003700 -0.132000
vn 0.014000 -0.507000 -0.861800
vn -0.340200 0.937600 0.071700
vn 0.033200 0.388400 0.920900
vn -0.052400 -0.996000 0.072400
vn -0.539500 0.097500 0.836300
vn 0.021600 0.061000 -0.997900
vn -0.454400 0.262100 0.851400
vn 0.540200 -0.330100 -0.774100
vn 0.715300 0.314600 -0.624000
vn 0.816200 0.004700 0.577800
vn 0.034500 0.923200 0.382600
vn 0.621400 0.780900 0.064200
vn -0.978300 0.199100 0.057800
vn 0.896300 0.247300 -0.368000
vn 0.773700 -0.087400 -0.627400
vn -0.447300 -0.287100 0.847000
vn -0.941400 -0.110500 0.318600
vn -0.563700 -0.381100 -0.732800
vn -0.004100 0.997800 0.065600
vn -0.037600 0.987200 0.155100
vn 0.820400 -0.562000 -0.105500
vn 0.864500 -0.484700 -0.133200
vn 0.315200 -0.948300 0.037700
vn 0.858100 0.249100 0.449000
vn 0.806900 -0.118500 -0.578700
vn 0.809400 -0.109700 -0.576900
vn -0.017800 -0.929600 0.368100
vn -0.351500 0.823300 -0.445800
vn -0.641100 0.736600 -0.215400
vn -0.671100 0.732300 -0.115400
vn 0.560600 0.567900 0.602700
vn -0.702200 0.456800 0.546200
vn 0.691200 0.211000 -0.691200
vn 0.911200 -0.241000 0.334100
vn 0.887500 -0.236400 0.395500
vn 0.573100 -0.648800 0.500600
vn 0.091800 0.938000 0.334200
vn 0.086800 0.941500 0.325500
vn -0.681300 0.444200 0.581900
vn -0.053500 0.995500 0.078300
vn -0.196100 0.892200 0.406700
vn -0.600600 0.406700 0.688400
vn 0.454000 0.062500 -0.888800
vn 0.436800 -0.026700 -0.899100
vn 0.522300 0.746500 -0.412300
vn 0.621300 0.419000 0.662200
vn 0.718100 -0.062200 0.693200
vn -0.021500 0.195800 -0.980400
vn -0.017200 0.221000 -0.975100
vn 0.955300 -0.103600 -0.276800
vn -0.633500 -0.697000 -0.336100
vn -0.618900 -0.655500 -0.432800
vn -0.620600 -0.737700 -0.265600
vn 0.741000 -0.199800 -0.641100
vn -0.017700 -0.809700 0.586600
vn -0.553300 0.786200 0.275200
vn 0.967700 -0.091300 -0.235000
vn 0.256400 -0.497000 0.829000
vn 0.163200 -0.956200 0.242800
vn -0.007000 -0.943600 -0.331000
vn -0.260900 -0.907200 -0.330000
vn 0.699100 -0.456000 0.550800
vn 0.845100 -0.157900 0.510700
vn 0.479300 0.062400 -0.875500
vn 0.479800 0.061700 -0.875200
vn -0.304300 0.179700 0.935500
vn 0.463600 -0.538600 0.703500
vn 0.472700 -0.498200 0.726900
vn 0.693700 -0.032600 -0.719600
vn 0.969400 -0.114300 0.217300
vn 0.850400 0.009400 0.526100
vn 0.634600 0.211000 -0.743500
vn 0.630500 0.315000 -0.709300
vn 0.973900 -0.134800 0.182400
vn 0.752500 -0.438200 -0.491600
vn 0.006500 -0.341500 -0.939900
vn -0.842400 -0.113700 0.526700
vn -0.664600 -0.746100 -0.041000
vn 0.965300 -0.158300 0.207900
vn 0.806000 -0.272100 0.525600
vn 0.210100 0.063500 -0.975600
vn 0.265200 0.560300 0.784700
vn -0.346500 0.345700 0.872000
vn -0.253000 0.097000 0.962600
vn 0.248600 -0.001000 -0.968600
vn 0.549900 0.548900 0.629500
vn -0.725900 -0.167900 0.667000
vn 0.915400 0.281200 0.288000
vn 0.666600 0.599400 -0.443200
vn 0.620400 0.677100 -0.395700
vn -0.689000 0.060500 0.722200
vn -0.719500 -0.098600 0.687400
vn 0.361500 -0.929800 -0.069200
vn -0.954500 0.174200 0.242200
vn 0.869500 0.156400 0.468500
vn -0.082000 -0.669000 -0.738800
vn 0.588300 0.698500 -0.407400
vn 0.585200 0.695900 -0.416100
vn 0.049600 0.789200 0.612100
vn 0.651000 0.753900 0.088900
vn 0.976700 0.069300 0.203300
vn -0.848200 -0.233900 -0.475300
vn -0.917500 -0.159300 0.364400
vn -0.094900 -0.750500 0.654000
vn 0.298000 -0.814700 -0.497500
vn 0.621400 0.489700 0.611600
vn 0.657100 0.454900 0.601000
vn -0.018300 -0.809500 0.586900
vn -0.075200 -0.771600 0.631600
vn 0.964000 0.004100 0.266000
vn -0.708000 -0.122900 -0.695400
vn -0.681600 -0.025400 -0.731300
vn -0.576400 0.532800 -0.619500
vn -0.425300 0.313400 0.849100
vn 0.704700 -0.212800 0.676800
vn 0.670100 0.676600 -0.305300
vn 0.683600 -0.090700 -0.724200
vn 0.541900 -0.700800 0.463900
vn 0.855100 -0.358500 0.374600
vn -0.710600 0.694200 -0.114100
vn -0.332100 -0.008300 -0.943200
vn 0.711900 -0.350400 0.608600
vn 0.897500 -0.107800 -0.427700
vn -0.646300 0.458800 -0.609800
vn -0.646400 0.481300 -0.592100
vn 0.939400 0.328100 0.099400
vn -0.635000 0.770100 -0.061500
vn 0.943500 0.331400 0.005300
vn -0.499300 -0.150700 0.853300
vn 0.713200 -0.118400 0.690900
vn 0.670400 -0.108500 0.734000
vn 0.032000 0.525800 0.850000
vn -0.080200 0.556200 0.827200
vn -0.930600 -0.084500 0.356200
vn -0.798700 -0.041800 -0.600200
vn 0.798600 0.080700 0.596500
vn 0.062600 -0.271800 0.960300
vn -0.023100 -0.304500 0.952200
vn 0.057400 -0.275500 0.959600
vn 0.711000 -0.037900 -0.702200
vn -0.973300 0.229300 0.005700
vn -0.091100 -0.272600 -0.957800
vn 0.594300 -0.203000 -0.778200
vn 0.410800 -0.690800 0.595100
vn 0.287200 -0.819500 0.495900
vn 0.881700 -0.152600 0.446500
vn 0.974100 0.172300 0.146500
vn -0.052000 -0.130800 0.990000
vn -0.151500 -0.389200 0.908600
vn -0.909900 0.298900 -0.287800
vn -0.889000 0.299900 -0.346000
vn -0.787000 -0.107600 0.607500
vn -0.850400 0.525100 0.033500
vn -0.828400 -0.267300 -0.492300
vn 0.320200 0.311700 0.894600
vn 0.223800 0.654500 0.722200
vn -0.860100 -0.234500 0.453100
vn 0.831200 -0.412100 0.373100
vn 0.752900 -0.554800 0.354100
vn -0.865900 -0.209500 0.454200
vn 0.618200 0.782100 0.078400
vn -0.930500 -0.150200 -0.334000
vn 0.419300 0.886000 0.197900
vn 0.637600 0.761000 0.119900
vn 0.216200 0.339300 0.915500
vn 0.079000 -0.002200 0.996900
vn 0.979600 0.127300 0.155700
vn 0.100200 0.987200 0.124300
vn -0.224500 0.014800 -0.974400
vn -0.952800 -0.244600 -0.179900
vn -0.579900 0.639500 -0.504800
vn -0.053900 0.768600 0.637400
vn -0.010200 0.824600 0.565700
vn 0.521900 0.217700 -0.824800
vn 0.767600 0.381400 0.515100
vn 0.797900 0.346200 0.493500
vn 0.780800 -0.201100 -0.591500
vn -0.882900 0.438300 0.168600
vn -0.459900 0.484800 0.743900
vn -0.886500 -0.374800 0.271400
vn 0.677200 -0.493200 -0.546000
vn -0.005900 -0.016000 -0.999900
vn -0.035100 -0.577100 0.815900
vn 0.942200 -0.316700 -0.109700
vn 0.941100 -0.261100 -0.214900
vn -0.707400 0.535000 -0.461900
vn -0.266700 0.699500 -0.663000
vn -0.652700 0.638000 -0.408500
vn 0.930900 0.002800 0.365100
vn 0.607600 -0.691400 -0.391000
vn 0.616800 -0.684700 -0.388400
vn -0.484600 -0.031500 -0.874200
vn 0.127400 -0.667800 0.733300
vn 0.769500 -0.191000 0.609400
vn 0.770500 -0.249800 0.586400
vn -0.523400 0.201000 -0.828000
vn 0.058900 0.917600 0.393100
vn 0.431200 0.888000 0.159700
vn -0.786400 0.037900 0.616500
vn -0.696700 -0.706800 -0.122800
vn -0.537500 -0.679300 -0.499600
vn 0.135000 0.580200 0.803200
vn -0.379200 -0.566000 0.732000
vn 0.721400 -0.004800 -0.692500
vn -0.991900 -0.031200 -0.123100
vn -0.124900 0.992000 -0.020900
vn -0.594600 -0.579600 0.557200
vn 0.770500 -0.355300 0.529200
vn -0.659200 -0.246000 0.710600
vn 0.962300 -0.111100 -0.248300
vn 0.278600 0.468300 0.838500
vn 0.934200 0.344200 0.093500
vn 0.748400 -0.238500 -0.618900
vn 0.987000 0.149100 0.060400
vn -0.985800 -0.026200 -0.165600
vn 0.492500 0.366600 -0.789300
vn 0.974200 -0.152300 0.166800
vn 0.926400 0.374200 -0.041600
vn 0.705300 -0.159800 -0.690700
vn -0.984000 0.135700 -0.115600
vn 0.887700 -0.460100 -0.017300
vn 0.959600 -0.280800 -0.015700
vn 0.797700 -0.465500 -0.383300
vn 0.883800 -0.367800 -0.289200
vn 0.785600 0.062600 0.615600
vn 0.804700 0.106200 0.584100
vn -0.066100 -0.215400 0.974300
vn 0.575800 0.003600 0.817600
vn 0.313700 0.724200 -0.614100
vn -0.552600 0.001800 0.833400
vn -0.713600 -0.050600 -0.698700
vn 0.352100 0.363100 0.862700
vn -0.877900 -0.152100 0.454000
vn 0.156100 -0.592100 0.790600
vn -0.863200 -0.243400 0.442400
vn 0.469900 0.393800 0.790000
vn 0.673400 0.208200 0.709300
vn 0.649100 -0.252900 0.717400
vn 0.678400 -0.281700 0.678600
vn -0.788000 0.270100 -0.553300
vn -0.928500 0.015900 -0.370900
vn 0.431800 -0.899100 0.072400
vn 0.407300 -0.911000 0.064800
vn 0.874900 -0.109900 0.471700
vn -0.351300 -0.365900 0.861800
vn -0.130900 0.798300 0.587800
vn -0.185400 0.674200 0.714900
vn -0.641500 0.648500 -0.409800
vn 0.013100 0.301200 -0.953500
vn -0.006100 0.099200 -0.995100
vn -0.579500 -0.792200 -0.191500
vn -0.966000 -0.134300 -0.220900
vn -0.888600 0.276800 -0.365700
vn -0.780500 0.193000 0.594600
vn 0.990300 -0.097900 0.098400
vn 0.960900 -0.062400 -0.269900
vn -0.470400 0.456400 0.755200
vn -0.442100 0.502800 0.742800
vn -0.833300 0.253800 -0.491200
vn 0.026700 -0.997500 0.065600
vn 0.807600 -0.374600 -0.455400
vn 0.816000 0.003600 -0.578000
vn 0.852300 0.008700 -0.522900
vn -0.171100 0.969100 0.177900
vn 0.646000 -0.325200 0.690600
vn -0.115200 -0.002300 -0.993300
vn -0.632100 0.304800 -0.712500
vn -0.455900 0.428800 0.779900
vn -0.898800 -0.332600 -0.285600
vn 0.952000 0.304900 -0.027800
vn 0.244000 -0.920100 -0.306500
vn 0.663700 0.619000 -0.419900
vn 0.690200 -0.143700 0.709200
vn 0.564600 0.799900 -0.203400
vn 0.979100 -0.006000 -0.203300
vn 0.872800 0.449100 0.190800
vn -0.627500 0.614000 0.478800
vn 0.448800 0.775700 -0.443600
vn 0.893500 -0.425800 0.142400
vn 0.896900 -0.409600 -0.166900
vn 0.512400 -0.031900 0.858200
vn 0.002200 -0.857500 0.514500
vn 0.778400 -0.591200 0.211100
vn 0.662800 -0.643000 -0.383800
vn 0.858600 -0.136900 -0.494000
vn 0.977100 -0.096700 -0.189300
vn 0.983000 -0.088000 -0.161000
vn 0.876300 -0.025300 -0.481000
vn -0.562900 0.409900 0.717700
vn -0.782000 -0.193900 -0.592400
vn -0.677400 -0.559200 -0.477900
vn -0.968900 0.023300 -0.246500
vn 0.881600 -0.202500 -0.426400
vn -0.945300 -0.107000 -0.308200
vn 0.527100 0.226600 0.819000
vn -0.559600 0.168000 0.811600
vn -0.620500 0.164600 0.766800
vn 0.883300 -0.008500 0.468700
vn 0.014300 0.165800 -0.986000
vn 0.091600 -0.101700 0.990600
vn 0.541500 -0.809500 0.226800
vn -0.549900 -0.264600 0.792200
vn 0.121300 0.991200 0.053100
vn -0.463500 0.799900 0.381100
vn -0.542000 -0.264100 0.797800
vn 0.884300 0.263700 0.385400
vn -0.504700 0.015600 -0.863100
vn 0.005200 0.253600 -0.967300
vn -0.032300 0.242300 -0.969700
vn 0.274900 0.524700 0.805700
vn 0.805300 -0.213300 0.553200
vn -0.849500 0.075500 0.522100
vn 0.975000 0.166200 0.147500
vn -0.531800 -0.041100 0.845900
vn -0.907500 0.180300 0.379400
vn -0.649100 0.413600 0.638500
vn -0.631000 0.448000 0.633400
vn 0.033000 -0.476800 0.878400
vn 0.562900 -0.665700 -0.489800
vn -0.833800 0.352300 0.425000
vn -0.777000 0.478200 0.409400
vn 0.121700 0.692600 0.711000
vn 0.770500 -0.274100 -0.575500
vn -0.328800 -0.679700 -0.655700
vn 0.844600 -0.451300 0.288200
vn -0.575400 0.814300 0.076800
vn -0.659900 -0.323100 -0.678400
vn 0.980400 -0.149500 0.128000
vn -0.679600 -0.169900 0.713600
vn -0.119300 0.986300 -0.113900
vn 0.179600 -0.153300 0.971700
vn -0.614500 -0.389300 0.686200
vn -0.674400 0.363400 0.642800
vn -0.122200 -0.002700 0.992500
vn 0.898300 0.216700 0.382300
vn -0.766100 0.642300 0.023000
vn -0.760400 0.648900 0.026900
vn 0.710800 -0.608200 0.353300
vn 0.700100 -0.563600 0.438400
vn 0.963300 0.127800 0.235900
vn 0.962700 0.099500 0.251500
vn -0.540400 0.290600 0.789600
vn -0.026700 0.996300 0.081600
vn 0.996400 0.070700 0.045700
vn 0.998300 -0.036100 -0.045700
vn 0.984000 -0.055500 0.169100
vn 0.823500 -0.061700 0.563900
vn 0.878800 -0.205500 0.430600
vn 0.989000 0.017100 -0.146700
vn 0.995400 -0.056900 -0.076700
vn 0.009300 -0.084900 0.996300
vn 0.031500 -0.262800 0.964300
vn -0.666600 0.513300 -0.540500
vn -0.632000 0.506200 -0.586800
vn 0.587600 0.492300 0.642200
vn 0.910500 -0.112100 0.398100
vn 0.896600 -0.111700 0.428600
vn 0.529400 0.803200 0.273200
vn 0.521100 0.808700 0.273100
vn 0.789800 0.004200 -0.613400
vn -0.396600 0.578800 0.712600
vn -0.663100 0.469000 0.583400
vn -0.958900 0.191600 -0.209300
vn -0.475700 0.499200 0.724200
vn -0.769400 0.007600 -0.638700
vn 0.127200 -0.433700 0.892100
vn 0.765600 0.612500 -0.196600
vn 0.944300 0.150400 0.292600
vn 0.881600 -0.283200 0.377600
vn 0.731300 0.002200 -0.682000
vn 0.701300 0.000600 -0.712900
vn -0.917700 0.258000 -0.302200
vn -0.971600 0.163700 0.171000
vn -0.009900 0.000900 1.000000
vn 0.668600 -0.738400 -0.087900
vn 0.088100 0.863100 -0.497300
vn -0.639300 0.028100 -0.768500
vn -0.505700 -0.261200 -0.822200
vn -0.678100 -0.121800 -0.724800
vn 0.788900 0.355100 -0.501600
vn -0.667800 0.655600 -0.352500
vn 0.980400 0.121200 0.155000
vn 0.981900 0.071700 0.175400
vn 0.973700 0.157500 0.164400
vn 0.736000 0.024400 -0.676500
vn 0.681600 -0.012000 -0.731600
vn 0.121800 0.812400 -0.570200
vn -0.823300 0.006400 0.567600
vn 0.612000 0.767500 0.191000
vn 0.006800 -0.703800 -0.710400
vn 0.006200 -0.704400 -0.709800
vn -0.014900 0.613900 0.789200
vn -0.232100 0.023300 -0.972400
vn -0.821700 0.005500 -0.569900
vn -0.793500 0.421400 -0.439100
vn -0.778500 -0.270300 0.566400
vn -0.603800 0.500400 0.620500
vn 0.682100 -0.117900 -0.721700
vn -0.554900 0.565900 0.609800
vn -0.867100 0.446300 0.221400
vn 0.674500 -0.150700 0.722700
vn -0.680600 -0.200800 0.704700
vn 0.975600 0.000700 -0.219600
vn 0.934000 0.128200 -0.333400
vn 0.002000 -0.804200 0.594400
vn 0.027400 -0.805600 0.591900
vn 0.457400 0.012800 -0.889200
vn -0.885100 -0.003800 0.465400
vn -0.918500 -0.386200 0.084300
vn 0.840100 0.450500 0.301900
vn 0.738000 -0.221300 0.637500
vn 0.267300 0.320100 0.908900
vn -0.262200 0.958600 0.111300
vn -0.795800 0.592200 -0.126800
vn -0.447900 0.374200 0.812000
vn -0.626100 0.237500 -0.742700
vn -0.734900 -0.133500 0.664900
vn -0.983600 0.106400 -0.145900
vn -0.988000 -0.020000 0.152900
vn 0.378300 0.044300 -0.924600
vn -0.538100 0.046700 0.841600
vn -0.952600 0.231800 0.197200
vn 0.045700 -0.998900 0.010200
vn 0.773800 0.249400 -0.582200
vn 0.784900 0.051600 -0.617500
vn -0.024700 0.385100 0.922600
vn -0.927700 -0.131700 0.349400
vn -0.870700 -0.113800 0.478500
vn 0.185300 -0.706200 -0.683300
vn -0.141500 0.836200 0.529900
vn -0.766500 -0.262000 -0.586300
vn 0.626100 -0.107900 0.772200
vn 0.870900 0.396400 -0.290400
vn 0.815600 -0.258300 0.517800
vn -0.838800 0.053000 0.541800
vn 0.247200 -0.784800 0.568300
vn -0.959000 0.135200 0.249100
vn 0.793500 -0.009100 0.608500
vn 0.387800 0.443700 0.807900
vn 0.774500 0.290400 -0.561900
vn -0.069600 -0.452200 0.889200
vn 0.774000 0.089400 0.626900
vn 0.728600 -0.082500 0.680000
vn -0.969500 -0.216200 0.115800
vn -0.313500 -0.199500 0.928400
vn -0.084400 -0.457900 0.885000
vn 0.923700 0.319000 -0.212000
vn -0.026700 0.999600 0.005400
vn 0.826500 -0.108300 -0.552500
vn -0.009600 0.235200 0.971900
vn -0.003700 0.205200 0.978700
vn 0.516300 -0.696900 -0.497700
vn 0.837600 -0.226900 0.497000
vn 0.378800 -0.001300 0.925500
vn 0.742600 0.487800 0.458900
vn -0.628000 0.697200 -0.345800
vn -0.906000 0.269500 0.326500
vn 0.888400 0.297800 0.349300
vn 0.411400 0.909600 0.058900
vn -0.723400 0.629200 -0.284400
vn -0.801400 -0.123900 -0.585200
vn -0.802900 -0.120200 -0.583900
vn 0.885100 -0.002900 0.465300
vn -0.773300 -0.064500 -0.630700
vn 0.529200 0.813400 0.241500
vn -0.178400 -0.261400 0.948600
vn -0.452300 0.885400 0.106800
vn -0.356600 0.927100 0.115100
vn -0.013000 0.999700 0.018500
vn 0.389500 0.479700 0.786200
vn 0.589700 0.127900 0.797400
vn -0.914800 -0.297900 -0.272600
vn -0.928200 -0.112400 -0.354600
vn 0.302900 -0.603600 0.737500
vn 0.584900 0.253000 0.770700
vn 0.747400 0.011200 -0.664300
vn 0.755400 -0.167900 0.633300
vn -0.637300 -0.551900 -0.537800
vn 0.901100 0.022400 -0.433000
vn 0.577900 -0.360300 -0.732300
vn 0.645600 -0.665500 0.374700
vn 0.636700 0.210000 -0.742000
vn 0.229600 0.891600 0.390300
vn 0.208000 0.918400 0.336700
vn -0.774100 -0.020300 0.632700
vn -0.615100 0.284000 -0.735500
vn -0.719300 -0.205700 0.663500
vn 0.066900 -0.323000 0.944000
vn 0.048400 0.996300 -0.070900
vn 0.631300 -0.098100 0.769300
vn -0.984700 -0.007100 -0.174100
vn -0.005400 0.838700 0.544500
vn -0.431200 0.217200 -0.875800
vn 0.691600 0.323200 0.645900
vn -0.012300 0.041300 -0.999100
vn 0.155800 0.939500 -0.305000
vn -0.583500 0.450600 -0.675600
vn -0.274900 0.159700 0.948100
vn -0.944700 0.326500 -0.029500
vn -0.900900 0.427800 -0.072600
vn -0.519000 0.201600 -0.830700
vn -0.912300 0.310400 -0.267000
vn -0.856400 0.369800 -0.360300
vn 0.326800 -0.123600 0.937000
vn -0.215400 -0.635200 0.741700
vn -0.992000 -0.069900 0.105200
vn 0.656000 0.442900 0.611100
vn 0.465700 -0.331800 0.820400
vn 0.194300 0.810700 0.552200
vn 0.652300 0.433100 0.622100
vn 0.893900 0.238700 -0.379300
vn 0.623900 -0.774200 -0.106700
vn 0.076500 0.969100 0.234500
vn 0.841000 0.472500 -0.263700
vn 0.969400 -0.114000 0.217500
vn 0.705400 -0.407500 0.580000
vn 0.809000 -0.273700 0.520200
vn 0.504100 0.805800 0.310900
vn -0.755600 -0.310300 0.576800
vn -0.517000 0.835600 0.185600
vn 0.311100 0.422000 0.851500
vn 0.350900 0.097400 -0.931300
vn -0.717400 0.563200 -0.410000
vn 0.421300 -0.904200 0.070600
vn -0.952600 0.048600 -0.300400
vn 0.691500 0.618800 -0.372700
vn 0.885800 -0.285100 0.366300
vn -0.405400 -0.093300 0.909300
vn 0.799500 0.221300 0.558400
vn -0.886000 -0.057100 -0.460100
vn 0.604700 -0.681000 -0.413100
vn 0.904600 -0.362200 -0.224700
vn 0.625300 -0.632700 -0.456800
vn 0.910100 0.102500 0.401400
vn -0.338000 -0.630900 0.698400
vn 0.924600 0.356300 0.134600
vn 0.977400 -0.140200 -0.158100
vn 0.597100 0.398700 0.696100
vn 0.643200 0.340800 0.685700
vn 0.730000 -0.162100 0.664000
vn -0.878900 0.450200 0.157700
vn 0.844500 -0.243900 0.476800
vn -0.611000 -0.121100 0.782300
vn 0.805400 0.479900 0.347800
vn 0.579900 0.774700 0.252100
vn 0.043600 -0.080600 0.995800
vn -0.274900 -0.144400 0.950600
vn 0.706400 -0.097600 0.701000
vn -0.280600 0.937100 -0.207800
vn -0.906000 0.252500 0.339600
vn -0.988900 -0.143000 -0.041400
vn -0.794700 0.292500 -0.531900
vn -0.919000 0.150600 -0.364300
vn 0.691700 -0.719000 -0.067800
vn -0.486900 -0.342200 0.803600
vn -0.685000 -0.561000 0.464900
vn -0.218800 0.138700 0.965900
vn 0.611300 -0.163800 -0.774300
vn 0.685600 -0.246300 -0.685100
vn 0.659300 0.706700 -0.256600
vn 0.239600 0.062100 -0.968900
vn 0.286700 0.141100 0.947600
vn 0.618700 0.596900 -0.510700
vn 0.521700 0.750400 -0.406000
vn 0.626800 -0.668100 -0.400900
vn -0.069200 0.016500 -0.997500
vn 0.918700 -0.255700 0.301200
vn -0.142900 0.989500 0.021900
vn -0.593700 0.387400 0.705300
vn 0.967100 0.147600 0.207100
vn -0.515500 0.844000 0.148000
vn -0.038800 -0.274700 0.960800
vn 0.007200 0.563800 0.825900
vn -0.939000 -0.099700 0.329200
vn -0.254400 -0.305600 0.917500
vn 0.994700 0.075000 -0.071000
vn -0.338700 0.706900 -0.620900
vn -0.522200 -0.240600 -0.818200
vn -0.031300 -0.225500 0.973700
vn 0.978300 -0.112600 0.174000
vn -0.884000 -0.059100 0.463800
vn -0.997700 -0.057700 -0.036000
vn 0.766000 0.531400 0.361600
vn -0.641800 -0.041000 0.765800
vn 0.240300 -0.910300 0.337000
vn 0.400200 0.523800 0.751900
vn 0.286500 0.605000 0.742900
vn -0.972500 0.223100 0.066900
vn 0.821400 -0.005100 -0.570300
vn 0.722800 -0.046800 -0.689500
vn -0.122500 -0.731000 -0.671300
vn -0.490300 -0.671700 -0.555300
vn 0.461900 -0.333800 0.821700
vn 0.032600 -0.996300 -0.079500
vn 0.055900 0.048900 -0.997200
vn -0.679100 0.444800 -0.583900
vn -0.960300 -0.249700 0.124300
vn -0.952800 -0.272400 0.134300
vn -0.017800 -0.610600 -0.791700
vn 0.638100 -0.230100 0.734800
vn 0.006800 0.748300 -0.663300
vn -0.453600 0.000800 -0.891200
vn -0.418300 -0.306700 0.855000
vn -0.840600 0.416100 0.346900
vn -0.181500 -0.877000 -0.444900
vn -0.738200 -0.674600 -0.003500
vn -0.737300 -0.675500 -0.002300
vn -0.958900 0.191700 -0.209100
vn 0.866400 -0.120500 0.484600
vn -0.459500 -0.318200 0.829200
vn -0.387600 -0.640500 0.663000
vn 0.636600 0.021600 -0.770900
vn -0.929700 -0.200500 0.309000
vn -0.714500 0.133600 0.686700
vn 0.642500 0.268900 -0.717500
vn 0.967100 -0.092200 -0.237100
vn -0.708700 0.264400 0.654100
vn 0.975500 0.200900 0.089800
vn 0.000100 0.997900 0.064500
vn 0.710500 0.703600 -0.013500
vn 0.309700 -0.000300 -0.950800
vn -0.782200 -0.019500 -0.622700
vn -0.792200 0.030700 -0.609500
vn 0.586000 0.249900 0.770800
vn -0.575800 0.634100 0.516100
vn -0.903800 0.113200 0.412800
vn -0.349000 0.876900 0.330400
vn 0.956600 -0.145400 -0.252600
vn 0.659200 -0.009200 -0.751900
vn 0.025200 0.998000 0.058600
vn 0.961800 -0.051400 0.269000
vn 0.934600 0.167100 0.313900
vn 0.715400 0.517400 0.469600
vn 0.556500 -0.830600 0.021900
vn -0.469200 -0.688400 -0.553200
vn -0.616400 -0.245900 0.748000
vn -0.034500 0.317500 0.947600
vn 0.349900 0.379500 0.856500
vn 0.808100 0.022400 0.588700
vn -0.249000 -0.956800 -0.150000
vn 0.861700 0.215600 -0.459400
vn 0.760600 0.479000 -0.438300
vn 0.396200 0.820000 0.413000
vn 0.626900 -0.765000 -0.148000
vn 0.966900 0.160600 -0.198300
vn -0.118400 -0.028100 -0.992600
vn 0.020800 0.998100 -0.058500
vn -0.586600 -0.278900 0.760300
vn 0.895200 -0.275000 0.350700
vn 0.681900 0.417700 0.600400
vn 0.882100 0.447700 -0.146800
vn -0.513300 0.840200 0.175000
vn -0.598600 -0.753600 -0.271500
vn 0.993300 0.011500 -0.115400
vn 0.470900 -0.680100 0.561900
vn -0.040000 0.477500 0.877700
vn 0.513400 0.456300 -0.726800
vn 0.977000 -0.015300 0.212500
vn 0.980900 0.058700 0.185300
vn 0.681100 -0.136100 0.719500
vn -0.992900 0.092700 0.074100
vn -0.147400 -0.003300 0.989100
vn 0.961700 -0.131900 -0.240200
vn -0.208700 -0.120100 0.970600
vn -0.096000 0.063800 -0.993300
vn -0.962800 -0.266200 -0.046400
vn -0.904200 -0.090100 0.417500
vn -0.845900 -0.273700 0.457800
vn -0.815700 -0.135800 0.562300
vn -0.277000 0.181300 0.943600
vn 0.125800 0.991700 -0.028400
vn 0.109300 0.993900 -0.015300
vn 0.219800 0.505500 0.834400
vn -0.011600 0.007600 -0.999900
vn 0.721300 -0.299600 0.624500
vn -0.958700 0.208700 0.193400
vn 0.879900 -0.288000 0.378000
vn -0.026200 0.039400 -0.998900
vn -0.926600 -0.072900 -0.369000
vn -0.658200 -0.707100 -0.258200
vn -0.847600 -0.519200 0.110000
vn -0.018900 0.996800 0.077700
vn -0.922900 -0.227700 0.310600
vn -0.818900 -0.045500 -0.572100
vn -0.230500 -0.705700 -0.670000
vn 0.935100 -0.003100 0.354400
vn -0.760500 0.550000 -0.345300
vn -0.763800 0.206500 -0.611500
vn 0.905900 0.313300 0.284900
vn 0.880900 0.398200 0.255800
vn -0.661000 -0.298600 -0.688400
vn -0.852900 0.282400 0.439200
vn 0.841200 -0.085800 0.533900
vn 0.742800 -0.204600 0.637500
vn 0.078800 0.500200 0.862300
vn 0.300600 0.658700 -0.689800
vn -0.519700 0.318100 0.792900
vn 0.758900 0.090900 -0.644900
vn 0.347800 -0.364000 0.864000
vn 0.723200 -0.108000 0.682100
vn 0.798200 0.020800 0.602000
vn -0.971500 -0.176400 -0.158300
vn 0.019900 -0.699200 -0.714700
vn -0.807800 -0.170500 0.564200
vn -0.673300 -0.093000 0.733500
vn -0.955300 0.150400 0.254600
vn 0.982800 -0.110700 -0.147500
vn -0.980100 -0.108900 0.166000
vn 0.765100 0.584500 -0.270200
vn 0.313800 0.481500 0.818300
vn 0.749000 -0.394100 -0.532500
vn 0.520000 0.001400 0.854200
vn 0.532300 0.003800 0.846500
vn -0.712900 0.006200 -0.701200
vn 0.056500 0.998400 -0.007600
vn -0.831400 0.443900 -0.334200
vn 0.009600 -0.120300 0.992700
vn -0.663100 -0.748000 0.026700
vn 0.181300 0.922300 0.341300
vn 0.372600 0.335700 0.865200
vn -0.625300 0.656300 -0.422200
vn 0.960700 -0.060600 -0.271000
vn 0.844400 -0.171500 -0.507500
vn 0.889400 -0.086700 0.448900
vn -0.237500 -0.001000 0.971400
vn 0.173900 0.979900 0.097400
vn 0.725700 0.606700 -0.324400
vn -0.586100 0.433500 0.684500
vn -0.025700 -0.782100 -0.622600
vn 0.714000 0.614600 -0.335400
vn 0.924700 -0.135100 -0.356000
vn -0.863900 0.490200 0.115700
vn -0.568100 -0.591000 -0.572700
vn 0.563600 -0.766400 -0.308300
vn 0.707300 0.411100 -0.575000
vn 0.705800 0.414300 -0.574600
vn -0.645000 -0.722900 -0.247600
vn 0.937100 -0.075400 0.340700
vn -0.629100 -0.773200 -0.079800
vn -0.964000 0.214600 0.156800
vn -0.125800 0.431200 0.893500
vn 0.797300 -0.603300 -0.017900
vn -0.399500 -0.561500 -0.724600
vn -0.588400 -0.560600 -0.582700
vn -0.588000 -0.561400 -0.582300
vn -0.347600 -0.004800 -0.937600
vn 0.890400 -0.194400 0.411500
vn 0.888300 -0.207500 0.409800
vn -0.098000 -0.991300 0.087900
vn 0.008200 -0.616800 -0.787100
vn -0.593200 0.323400 0.737300
vn 0.802600 -0.083000 0.590800
vn 0.793500 -0.007000 0.608500
vn -0.877500 0.333000 -0.345200
vn 0.843500 -0.066300 0.533000
vn -0.808100 0.364900 -0.462300
vn 0.007100 -0.997600 0.068300
vn 0.907700 0.395200 0.141100
vn 0.022800 -0.658200 0.752500
vn 0.037200 -0.704000 0.709300
vn 0.835500 0.005200 0.549500
vn 0.736500 0.278700 0.616300
vn -0.152400 -0.857100 -0.492200
vn -0.199000 -0.838000 -0.508000
vn -0.743000 0.456000 0.490000
vn 0.553400 -0.566300 0.610800
vn 0.771800 0.291400 0.565100
vn 0.719100 -0.442000 -0.536200
vn -0.495300 -0.305600 0.813200
vn -0.994000 0.007300 0.109300
vn 0.038700 0.896100 0.442200
vn 0.774900 -0.154900 0.612800
vn 0.755700 -0.428300 -0.495400
vn 0.075400 0.054100 0.995700
vn -0.583000 -0.744200 -0.326200
vn 0.973600 0.179700 0.140600
vn -0.420700 0.755500 0.502100
vn 0.859100 0.003500 -0.511700
vn -0.397600 -0.588200 -0.704300
vn -0.591700 0.210700 0.778100
vn -0.234500 -0.882500 0.407700
vn 0.003700 -0.870800 0.491600
vn -0.872900 -0.429300 0.231700
vn -0.672800 -0.632900 -0.383200
vn -0.639400 0.355600 -0.681700
vn -0.844700 -0.074500 0.530000
vn 0.659100 -0.009300 -0.752000
vn 0.999500 0.007100 -0.030500
vn 0.192400 -0.691000 -0.696800
vn 0.226000 -0.757600 -0.612400
vn -0.939300 -0.340800 -0.040300
vn 0.082600 0.067000 -0.994300
vn -0.184400 0.408100 0.894100
vn -0.297400 -0.144000 0.943800
vn 0.597700 0.445800 0.666400
vn 0.879600 -0.134900 0.456100
vn 0.431000 0.902200 0.015700
vn 0.949700 -0.138600 -0.280700
vn 0.634800 0.071000 -0.769400
vn -0.847300 -0.067300 -0.526900
vn -0.969900 -0.049000 0.238600
vn -0.398700 0.519900 0.755500
vn -0.872400 -0.302800 0.383700
vn 0.996100 0.002300 -0.088400
vn 0.605200 -0.069000 0.793100
vn -0.670300 0.555600 -0.492000
vn 0.601300 0.499200 0.623900
vn 0.014700 -0.108000 0.994000
vn -0.965200 0.218700 0.143500
vn 0.020700 0.017600 -0.999600
vn 0.126500 -0.009700 0.991900
vn -0.573900 0.730700 -0.369900
vn 0.902800 -0.129700 -0.410000
vn -0.011200 -0.117800 0.993000
vn 0.137400 0.975100 0.174000
vn 0.052600 -0.262900 -0.963400
vn -0.350400 0.230700 0.907800
vn 0.680800 -0.109100 -0.724300
vn -0.705400 -0.104600 0.701100
vn -0.707200 -0.104300 0.699300
vn 0.615200 -0.589800 -0.523100
vn -0.710400 -0.268500 -0.650600
vn -0.721600 -0.252200 -0.644800
vn -0.032600 0.047000 -0.998400
vn -0.857500 -0.018000 0.514100
vn 0.727100 -0.682400 -0.075600
usemtl None
s off
f 4//1 5//1 471//1
f 6//2 7//2 8//2
f 11//3 698//3 998//3
f 12//4 2836//4 48//4
f 13//5 14//5 3252//5
f 15//6 1693//6 16//6
f 17//7 591//7 18//7
f 19//8 20//8 21//8
f 392//9 33//9 34//9
f 36//10 114//10 116//10
f 37//11 38//11 39//11
f 230//12 40//12 630//12
f 2836//13 46//13 48//13
f 1580//14 47//14 48//14
f 972//15 53//15 54//15
f 171//16 1737//16 55//16
f 72//17 73//17 994//17
f 2534//18 74//18 75//18
f 2347//19 78//19 79//19
f 84//20 85//20 210//20
f 86//21 87//21 88//21
f 1907//22 89//22 90//22
f 2249//23 92//23 1255//23
f 93//24 2734//24 94//24
f 3170//25 920//25 104//25
f 106//26 107//26 108//26
f 1484//27 1032//27 110//27
f 111//28 112//28 113//28
f 114//29 115//29 116//29
f 100//30 12//30 117//30
f 120//31 121//31 122//31
f 126//32 127//32 3177//32
f 827//33 136//33 137//33
f 117//34 12//34 141//34
f 143//35 2808//35 144//35
f 145//36 1232//36 3077//36
f 1883//37 2892//37 147//37
f 2458//38 3176//38 1623//38
f 1091//39 3154//39 152//39
f 154//40 2926//40 155//40
f 159//41 160//41 161//41
f 162//42 1573//42 163//42
f 164//43 2949//43 3304//43
f 1656//44 169//44 2641//44
f 173//45 83//45 174//45
f 175//46 176//46 177//46
f 181//47 12//47 182//47
f 925//48 186//48 187//48
f 190//49 191//49 547//49
f 194//50 3113//50 742//50
f 197//51 198//51 199//51
f 2534//52 75//52 201//52
f 211//53 812//53 202//53
f 203//54 3114//54 2524//54
f 3045//55 208//55 1095//55
f 209//56 210//56 2610//56
f 211//57 212//57 3345//57
f 213//58 2313//58 214//58
f 217//59 218//59 219//59
f 892//60 1396//60 2517//60
f 222//61 223//61 224//61
f 226//62 859//62 227//62
f 228//63 3067//63 229//63
f 230//64 630//64 1873//64
f 1301//65 233//65 1173//65
f 237//66 238//66 1682//66
f 632//67 247//67 248//67
f 2903//68 249//68 250//68
f 3029//69 251//69 2905//69
f 2241//70 252//70 2079//70
f 255//71 2892//71 256//71
f 260//72 261//72 1424//72
f 1735//73 262//73 263//73
f 264//74 265//74 1529//74
f 1330//75 268//75 269//75
f 271//76 1824//76 272//76
f 1830//77 274//77 2510//77
f 282//78 3140//78 283//78
f 287//79 288//79 289//79
f 290//80 3307//80 291//80
f 295//81 1507//81 296//81
f 297//82 298//82 299//82
f 2927//83 3180//83 300//83
f 10//84 301//84 1706//84
f 308//85 1291//85 309//85
f 314//86 315//86 316//86
f 321//87 322//87 323//87
f 330//88 331//88 332//88
f 334//89 2407//89 3100//89
f 335//90 336//90 337//90
f 1580//91 340//91 47//91
f 342//92 343//92 344//92
f 346//93 2810//93 3314//93
f 1907//94 2132//94 89//94
f 2972//95 347//95 2590//95
f 3330//96 350//96 2607//96
f 352//97 353//97 536//97
f 358//98 359//98 2758//98
f 2832//99 363//99 2919//99
f 365//100 366//100 367//100
f 368//101 369//101 370//101
f 371//102 372//102 869//102
f 375//103 374//103 376//103
f 377//104 378//104 379//104
f 3285//105 3405//105 2585//105
f 3285//106 380//106 381//106
f 3190//107 382//107 2779//107
f 383//108 384//108 1101//108
f 385//109 386//109 387//109
f 388//110 102//110 103//110
f 391//111 392//111 393//111
f 396//112 397//112 398//112
f 399//113 239//113 400//113
f 643//114 404//114 405//114
f 406//115 407//115 408//115
f 3321//116 413//116 414//116
f 1010//117 415//117 416//117
f 417//118 418//118 1436//118
f 419//119 46//119 2836//119
f 2297//120 1538//120 423//120
f 1484//121 160//121 159//121
f 424//122 425//122 3228//122
f 437//123 410//123 428//123
f 1203//124 429//124 3021//124
f 1741//125 431//125 432//125
f 433//126 434//126 435//126
f 428//127 436//127 437//127
f 898//128 99//128 438//128
f 3069//129 3068//129 1611//129
f 440//130 441//130 442//130
f 2729//131 2426//131 443//131
f 444//132 429//132 745//132
f 447//133 169//133 179//133
f 2158//134 1491//134 448//134
f 449//135 2602//135 450//135
f 3058//136 454//136 378//136
f 455//137 190//137 547//137
f 456//138 3198//138 1413//138
f 458//139 3249//139 513//139
f 459//140 1707//140 460//140
f 461//141 2870//141 2780//141
f 463//142 2743//142 464//142
f 465//143 2743//143 466//143
f 12//144 48//144 467//144
f 1146//145 472//145 7//145
f 474//146 2660//146 2376//146
f 475//147 363//147 915//147
f 478//148 3384//148 479//148
f 480//149 481//149 482//149
f 487//150 181//150 182//150
f 488//151 489//151 490//151
f 130//152 1283//152 1537//152
f 497//153 2325//153 498//153
f 500//154 501//154 502//154
f 933//155 1218//155 503//155
f 504//156 1767//156 645//156
f 222//157 507//157 223//157
f 3356//158 334//158 2648//158
f 366//159 1094//159 367//159
f 2162//160 519//160 520//160
f 522//161 523//161 524//161
f 2382//162 173//162 174//162
f 526//163 527//163 528//163
f 531//164 532//164 500//164
f 500//165 502//165 533//165
f 536//166 2698//166 537//166
f 538//167 539//167 2695//167
f 804//168 540//168 541//168
f 542//169 543//169 544//169
f 546//170 547//170 548//170
f 549//171 2027//171 550//171
f 2441//172 2442//172 2786//172
f 791//173 559//173 560//173
f 43//174 563//174 2864//174
f 1886//175 564//175 726//175
f 3351//176 3009//176 2685//176
f 566//177 3277//177 567//177
f 450//178 568//178 569//178
f 570//179 185//179 571//179
f 3123//180 2932//180 3087//180
f 576//181 3111//181 3336//181
f 1635//182 2274//182 579//182
f 2021//183 585//183 586//183
f 412//184 587//184 411//184
f 18//185 591//185 592//185
f 327//186 599//186 600//186
f 604//187 605//187 606//187
f 607//188 608//188 609//188
f 3114//189 203//189 610//189
f 612//190 613//190 614//190
f 2161//191 546//191 548//191
f 2142//192 617//192 1362//192
f 620//193 1002//193 621//193
f 2011//194 3264//194 622//194
f 104//195 623//195 624//195
f 2938//196 628//196 627//196
f 630//197 631//197 308//197
f 637//198 638//198 2284//198
f 162//199 163//199 640//199
f 643//200 644//200 1799//200
f 3214//201 649//201 650//201
f 654//202 2185//202 655//202
f 657//203 254//203 253//203
f 957//204 3107//204 707//204
f 1111//205 658//205 659//205
f 3199//206 1413//206 3198//206
f 668//207 2255//207 669//207
f 2011//208 2005//208 670//208
f 422//209 100//209 101//209
f 2866//210 2308//210 673//210
f 674//211 3368//211 2501//211
f 675//212 2068//212 2070//212
f 678//213 2565//213 1889//213
f 682//214 683//214 684//214
f 685//215 406//215 686//215
f 696//216 697//216 698//216
f 699//217 700//217 701//217
f 702//218 604//218 606//218
f 706//219 957//219 707//219
f 1167//220 708//220 709//220
f 710//221 1167//221 820//221
f 714//222 715//222 976//222
f 717//223 2747//223 718//223
f 398//224 114//224 36//224
f 721//225 722//225 723//225
f 724//226 3171//226 725//226
f 726//227 727//227 3279//227
f 729//228 730//228 731//228
f 732//229 733//229 492//229
f 3219//230 2063//230 734//230
f 2791//231 735//231 736//231
f 737//232 738//232 2746//232
f 741//233 2909//233 742//233
f 743//234 744//234 745//234
f 746//235 747//235 107//235
f 748//236 2504//236 749//236
f 3259//237 750//237 1804//237
f 755//238 2841//238 756//238
f 757//239 2841//239 758//239
f 290//240 759//240 2306//240
f 764//241 204//241 765//241
f 766//242 767//242 768//242
f 770//243 3277//243 771//243
f 772//244 2426//244 2729//244
f 773//245 774//245 775//245
f 2836//246 12//246 181//246
f 779//247 780//247 781//247
f 166//248 2239//248 1938//248
f 783//249 1796//249 784//249
f 785//250 786//250 119//250
f 2514//251 603//251 2520//251
f 789//252 1553//252 790//252
f 1754//253 2443//253 32//253
f 793//254 794//254 2114//254
f 330//255 332//255 795//255
f 796//256 797//256 798//256
f 3409//257 1136//257 799//257
f 801//258 802//258 803//258
f 805//259 2191//259 806//259
f 477//260 808//260 476//260
f 809//261 810//261 811//261
f 814//262 815//262 816//262
f 817//263 818//263 819//263
f 821//264 822//264 823//264
f 828//265 3157//265 1875//265
f 829//266 1877//266 2757//266
f 513//267 833//267 514//267
f 506//268 834//268 1868//268
f 2337//269 837//269 838//269
f 3190//270 839//270 2346//270
f 840//271 841//271 197//271
f 844//272 57//272 58//272
f 355//273 846//273 847//273
f 848//274 849//274 850//274
f 2053//275 3123//275 853//275
f 853//276 289//276 2053//276
f 854//277 855//277 856//277
f 1608//278 857//278 858//278
f 860//279 3078//279 3140//279
f 861//280 862//280 452//280
f 863//281 862//281 805//281
f 2977//282 1602//282 864//282
f 938//283 2190//283 865//283
f 488//284 490//284 2957//284
f 112//285 866//285 937//285
f 1212//286 1299//286 339//286
f 2907//287 403//287 402//287
f 873//288 2850//288 113//288
f 37//289 39//289 874//289
f 875//290 764//290 765//290
f 924//291 2922//291 3391//291
f 889//292 881//292 882//292
f 748//293 749//293 883//293
f 884//294 885//294 3131//294
f 886//295 2808//295 887//295
f 2331//296 888//296 1575//296
f 889//297 890//297 891//297
f 894//298 1790//298 2270//298
f 2870//299 1794//299 895//299
f 896//300 1531//300 897//300
f 898//301 1863//301 899//301
f 900//302 901//302 3142//302
f 902//303 194//303 742//303
f 2316//304 1317//304 907//304
f 908//305 710//305 820//305
f 1324//306 909//306 1289//306
f 912//307 2816//307 913//307
f 914//308 915//308 916//308
f 917//309 918//309 919//309
f 2698//310 920//310 537//310
f 921//311 922//311 923//311
f 928//312 1285//312 158//312
f 2047//313 929//313 930//313
f 931//314 932//314 2731//314
f 2998//315 1816//315 935//315
f 2859//316 940//316 941//316
f 942//317 943//317 944//317
f 945//318 62//318 63//318
f 946//319 947//319 948//319
f 949//320 950//320 364//320
f 951//321 952//321 2638//321
f 953//322 954//322 955//322
f 659//323 956//323 957//323
f 960//324 2835//324 2837//324
f 80//325 2630//325 963//325
f 965//326 2657//326 966//326
f 969//327 970//327 971//327
f 2446//328 53//328 972//328
f 973//329 1739//329 974//329
f 64//330 982//330 3221//330
f 260//331 975//331 2159//331
f 981//332 982//332 980//332
f 2680//333 983//333 984//333
f 987//334 385//334 387//334
f 988//335 989//335 990//335
f 991//336 2365//336 1518//336
f 3097//337 992//337 993//337
f 72//338 994//338 3267//338
f 996//339 2668//339 997//339
f 1002//340 1003//340 1701//340
f 136//341 647//341 1004//341
f 466//342 1007//342 1008//342
f 1010//343 1011//343 2937//343
f 1012//344 1013//344 3334//344
f 1014//345 213//345 821//345
f 1015//346 3302//346 1016//346
f 1019//347 47//347 340//347
f 1021//348 91//348 1020//348
f 1563//349 1022//349 1023//349
f 47//350 1026//350 1171//350
f 1027//351 894//351 2270//351
f 1028//352 1724//352 3312//352
f 1033//353 1034//353 1035//353
f 1037//354 1038//354 1074//354
f 1039//355 1040//355 2104//355
f 1041//356 1042//356 1043//356
f 1544//357 1046//357 1047//357
f 1055//358 1056//358 1057//358
f 1107//359 1048//359 2043//359
f 394//360 1061//360 2933//360
f 1066//361 1067//361 1068//361
f 1069//362 1070//362 1071//362
f 1072//363 2638//363 1073//363
f 1074//364 1038//364 1075//364
f 1028//365 2942//365 1724//365
f 1082//366 188//366 1083//366
f 518//367 1084//367 1085//367
f 1087//368 2065//368 1148//368
f 1619//369 1088//369 2383//369
f 1090//370 1091//370 152//370
f 1085//371 1092//371 1093//371
f 208//372 527//372 1095//372
f 1734//373 1097//373 1098//373
f 2726//374 1072//374 1073//374
f 3360//375 1102//375 396//375
f 1103//376 1104//376 1105//376
f 1106//377 200//377 757//377
f 3035//378 1107//378 472//378
f 2478//379 67//379 1108//379
f 811//380 810//380 1109//380
f 1110//381 1111//381 1112//381
f 1118//382 295//382 2900//382
f 1615//383 3129//383 1965//383
f 1121//384 3129//384 1616//384
f 623//385 2258//385 624//385
f 1123//386 1122//386 1124//386
f 2841//387 1126//387 756//387
f 1128//388 3239//388 802//388
f 1129//389 824//389 1130//389
f 1132//390 2803//390 1013//390
f 1013//391 1133//391 1134//391
f 201//392 1135//392 2986//392
f 2327//393 329//393 328//393
f 1137//394 1138//394 106//394
f 746//395 1139//395 1140//395
f 1142//396 695//396 694//396
f 1143//397 3414//397 1144//397
f 3035//398 472//398 1146//398
f 1150//399 1151//399 1593//399
f 1157//400 689//400 2234//400
f 411//401 587//401 3003//401
f 1163//402 1157//402 2142//402
f 1157//403 3109//403 689//403
f 1164//404 1777//404 306//404
f 947//405 946//405 2644//405
f 1167//406 709//406 1168//406
f 2814//407 1169//407 2357//407
f 3187//408 3186//408 1332//408
f 3186//409 617//409 2142//409
f 1180//410 1181//410 1182//410
f 1184//411 1185//411 1186//411
f 1189//412 1188//412 1190//412
f 823//413 822//413 1191//413
f 969//414 311//414 1193//414
f 311//415 1194//415 1193//415
f 480//416 482//416 1829//416
f 2335//417 1925//417 1201//417
f 746//418 1140//418 1202//418
f 479//419 1208//419 658//419
f 1209//420 1210//420 1211//420
f 1212//421 1214//421 1300//421
f 1213//422 1214//422 1215//422
f 144//423 3298//423 1217//423
f 503//424 1218//424 1219//424
f 3064//425 1220//425 1221//425
f 562//426 2464//426 1223//426
f 1224//427 1216//427 3242//427
f 2574//428 2572//428 1226//428
f 1229//429 2940//429 1230//429
f 1233//430 1023//430 1234//430
f 493//431 494//431 1552//431
f 3366//432 915//432 363//432
f 1235//433 2952//433 1236//433
f 848//434 2522//434 849//434
f 494//435 2816//435 912//435
f 1242//436 2021//436 586//436
f 549//437 1684//437 1243//437
f 1245//438 1246//438 1247//438
f 1252//439 3368//439 1253//439
f 1259//440 344//440 1260//440
f 678//441 1889//441 1264//441
f 1266//442 1259//442 1265//442
f 1268//443 1976//443 1269//443
f 1270//444 1271//444 1272//444
f 1273//445 1274//445 1271//445
f 1275//446 2459//446 41//446
f 678//447 2566//447 2565//447
f 1280//448 1281//448 1282//448
f 52//449 1283//449 51//449
f 1286//450 186//450 1287//450
f 187//451 186//451 581//451
f 1294//452 1295//452 1296//452
f 1299//453 557//453 558//453
f 1212//454 1300//454 1299//454
f 1305//455 445//455 1137//455
f 2242//456 1305//456 1306//456
f 605//457 1311//457 1312//457
f 1314//458 1315//458 3069//458
f 1316//459 1317//459 1318//459
f 563//460 1319//460 2864//460
f 194//461 902//461 421//461
f 1321//462 2185//462 654//462
f 909//463 1324//463 1325//463
f 1327//464 1328//464 1329//464
f 1330//465 792//465 268//465
f 1334//466 2883//466 1335//466
f 3095//467 1336//467 1337//467
f 1339//468 415//468 1338//468
f 1340//469 347//469 3122//469
f 1341//470 1106//470 2486//470
f 1574//471 1481//471 1342//471
f 1353//472 1969//472 3247//472
f 3048//473 1358//473 1359//473
f 131//474 3203//474 132//474
f 1364//475 3101//475 1365//475
f 1367//476 879//476 1368//476
f 1236//477 2952//477 1810//477
f 1372//478 1373//478 1374//478
f 1375//479 1373//479 1376//479
f 1381//480 1382//480 1383//480
f 3345//481 3061//481 1398//481
f 3260//482 469//482 1389//482
f 1392//483 1393//483 1429//483
f 3061//484 2661//484 1398//484
f 3272//485 81//485 2877//485
f 1403//486 1404//486 1405//486
f 1409//487 1410//487 2262//487
f 575//488 1277//488 1412//488
f 1419//489 1311//489 1420//489
f 1421//490 1327//490 1422//490
f 1425//491 3321//491 414//491
f 498//492 187//492 1427//492
f 571//493 1428//493 570//493
f 1431//494 1432//494 1434//494
f 1433//495 1431//495 1434//495
f 1865//496 1436//496 418//496
f 63//497 2593//497 1136//497
f 125//498 1200//498 1438//498
f 3262//499 2777//499 1053//499
f 1442//500 1221//500 1220//500
f 1518//501 1445//501 991//501
f 772//502 1446//502 2426//502
f 172//503 583//503 582//503
f 1452//504 1453//504 1706//504
f 286//505 2409//505 3156//505
f 2925//506 1454//506 1455//506
f 1456//507 1183//507 3114//507
f 453//508 1544//508 1047//508
f 983//509 1460//509 1461//509
f 1462//510 1121//510 1616//510
f 1839//511 1476//511 1466//511
f 3102//512 1467//512 1468//512
f 260//513 1471//513 714//513
f 1473//514 609//514 1474//514
f 1475//515 3102//515 1476//515
f 1756//516 1480//516 1627//516
f 3023//517 1296//517 1482//517
f 748//518 883//518 1485//518
f 2851//519 26//519 2893//519
f 243//520 244//520 1484//520
f 1485//521 1486//521 454//521
f 1487//522 3000//522 2781//522
f 1484//523 244//523 1489//523
f 27//524 1490//524 2891//524
f 2866//525 1494//525 2308//525
f 1495//526 1209//526 3395//526
f 476//527 1496//527 477//527
f 2308//528 1494//528 1493//528
f 1500//529 2591//529 1501//529
f 1506//530 1507//530 1508//530
f 1509//531 1508//531 1276//531
f 274//532 1510//532 1511//532
f 1512//533 931//533 2731//533
f 1513//534 1514//534 3163//534
f 802//535 3239//535 1515//535
f 1518//536 1519//536 1520//536
f 2816//537 1522//537 913//537
f 1526//538 1517//538 1520//538
f 1445//539 1527//539 1528//539
f 745//540 2886//540 444//540
f 1530//541 1531//541 1532//541
f 1534//542 1535//542 1533//542
f 1536//543 1537//543 1538//543
f 1539//544 1538//544 2297//544
f 660//545 2617//545 661//545
f 629//546 1546//546 1488//546
f 1547//547 1548//547 1549//547
f 1551//548 493//548 1552//548
f 350//549 3330//549 495//549
f 789//550 285//550 1553//550
f 1829//551 1554//551 480//551
f 1557//552 1558//552 716//552
f 873//553 1561//553 2262//553
f 1561//554 937//554 1562//554
f 2104//555 1040//555 1563//555
f 277//556 1565//556 2181//556
f 1568//557 1569//557 2527//557
f 736//558 1571//558 39//558
f 1564//559 1572//559 1573//559
f 1574//560 1342//560 1575//560
f 2642//561 1569//561 1568//561
f 1577//562 2643//562 2723//562
f 1578//563 1579//563 1580//563
f 1584//564 1352//564 1585//564
f 272//565 1586//565 1587//565
f 652//566 1579//566 1588//566
f 779//567 1149//567 1593//567
f 1595//568 1596//568 486//568
f 2613//569 1597//569 2612//569
f 1598//570 733//570 1599//570
f 886//571 1600//571 3318//571
f 481//572 2748//572 1601//572
f 949//573 1603//573 1602//573
f 404//574 123//574 405//574
f 1984//575 1604//575 1605//575
f 989//576 1606//576 990//576
f 746//577 1138//577 1139//577
f 2589//578 1614//578 860//578
f 380//579 1458//579 381//579
f 1116//580 1462//580 1616//580
f 1617//581 1618//581 3034//581
f 1625//582 1626//582 1627//582
f 3143//583 2712//583 1640//583
f 1424//584 2809//584 1629//584
f 1052//585 1049//585 3207//585
f 62//586 1631//586 1632//586
f 1633//587 1562//587 1634//587
f 1633//588 1634//588 1635//588
f 821//589 823//589 1636//589
f 1637//590 1638//590 1639//590
f 2633//591 1640//591 1043//591
f 1045//592 1641//592 1044//592
f 139//593 140//593 1642//593
f 833//594 1643//594 1644//594
f 1643//595 1645//595 1644//595
f 1646//596 1806//596 1647//596
f 1649//597 1650//597 1651//597
f 656//598 1238//598 13//598
f 1379//599 1653//599 1654//599
f 1655//600 1577//600 714//600
f 303//601 1657//601 302//601
f 1650//602 1657//602 1658//602
f 1662//603 3199//603 1663//603
f 1664//604 1665//604 782//604
f 1668//605 473//605 1667//605
f 1674//606 1675//606 1148//606
f 236//607 1677//607 1678//607
f 313//608 1679//608 977//608
f 1671//609 1682//609 1683//609
f 1684//610 2615//610 1685//610
f 1686//611 2383//611 1088//611
f 1690//612 1691//612 1692//612
f 16//613 1693//613 1694//613
f 1695//614 1696//614 1697//614
f 1698//615 1699//615 341//615
f 793//616 1700//616 794//616
f 66//617 3011//617 1703//617
f 640//618 10//618 1706//618
f 2094//619 644//619 643//619
f 1709//620 317//620 1710//620
f 264//621 1529//621 1712//621
f 1713//622 212//622 211//622
f 235//623 503//623 1715//623
f 3397//624 41//624 1187//624
f 1146//625 7//625 1719//625
f 1721//626 1722//626 132//626
f 126//627 1175//627 1176//627
f 3128//628 1395//628 1724//628
f 971//629 1728//629 1729//629
f 1189//630 1190//630 92//630
f 3252//631 14//631 1733//631
f 3126//632 539//632 1734//632
f 1735//633 263//633 346//633
f 1439//634 2964//634 1736//634
f 1737//635 1738//635 86//635
f 1737//636 86//636 55//636
f 34//637 1739//637 973//637
f 1740//638 489//638 432//638
f 2436//639 1741//639 1742//639
f 1743//640 1744//640 1745//640
f 2583//641 1743//641 1745//641
f 251//642 1749//642 250//642
f 1324//643 1750//643 1326//643
f 1751//644 1752//644 1750//644
f 1753//645 1760//645 1754//645
f 1231//646 1757//646 1205//646
f 1758//647 1759//647 1760//647
f 1761//648 831//648 1759//648
f 1326//649 1764//649 1763//649
f 1868//650 834//650 1869//650
f 410//651 1768//651 428//651
f 529//652 1770//652 460//652
f 1772//653 1773//653 1774//653
f 1775//654 446//654 1776//654
f 1777//655 827//655 1778//655
f 1781//656 1782//656 467//656
f 2950//657 1784//657 1785//657
f 1788//658 875//658 1789//658
f 731//659 1791//659 507//659
f 646//660 1792//660 2061//660
f 1611//661 903//661 1793//661
f 623//662 1793//662 3300//662
f 1061//663 394//663 1794//663
f 2917//664 475//664 1535//664
f 685//665 1511//665 406//665
f 1795//666 2861//666 1796//666
f 1728//667 54//667 312//667
f 1800//668 3190//668 2779//668
f 1801//669 2883//669 1334//669
f 1723//670 126//670 3177//670
f 1805//671 2505//671 3293//671
f 1808//672 1809//672 1810//672
f 1811//673 3173//673 551//673
f 1816//674 934//674 933//674
f 3160//675 1816//675 3146//675
f 174//676 1817//676 2383//676
f 174//677 1818//677 1819//677
f 1820//678 1976//678 1268//678
f 1824//679 1586//679 272//679
f 1823//680 2546//680 1822//680
f 2044//681 1824//681 2036//681
f 1824//682 1820//682 1586//682
f 566//683 2157//683 2624//683
f 1827//684 1828//684 1829//684
f 1830//685 1831//685 148//685
f 591//686 2208//686 1881//686
f 2531//687 1832//687 19//687
f 825//688 1835//688 2632//688
f 1069//689 171//689 667//689
f 1182//690 1181//690 1841//690
f 597//691 598//691 1844//691
f 2760//692 1694//692 1693//692
f 213//693 1846//693 1847//693
f 1850//694 1851//694 1483//694
f 1852//695 1854//695 1853//695
f 1854//696 1651//696 1853//696
f 640//697 1704//697 162//697
f 1856//698 1590//698 653//698
f 183//699 2381//699 1746//699
f 1857//700 1133//700 1858//700
f 2117//701 1864//701 1865//701
f 1767//702 1868//702 1869//702
f 663//703 2617//703 660//703
f 1871//704 1145//704 1143//704
f 3217//705 650//705 3406//705
f 1873//706 1874//706 1665//706
f 1875//707 1876//707 3241//707
f 358//708 2758//708 1877//708
f 1878//709 298//709 297//709
f 1556//710 3251//710 1879//710
f 829//711 819//711 818//711
f 1886//712 299//712 564//712
f 1887//713 17//713 18//713
f 18//714 1880//714 1882//714
f 1888//715 1153//715 1154//715
f 1884//716 1885//716 1888//716
f 1889//717 1890//717 1891//717
f 1893//718 1894//718 1895//718
f 375//719 376//719 1379//719
f 2554//720 1358//720 1351//720
f 1898//721 2437//721 1899//721
f 1902//722 1903//722 1904//722
f 1908//723 207//723 206//723
f 595//724 2788//724 2814//724
f 1910//725 1911//725 1912//725
f 1915//726 1916//726 1917//726
f 631//727 1919//727 308//727
f 1920//728 1921//728 632//728
f 533//729 502//729 1922//729
f 1913//730 1914//730 1923//730
f 1926//731 502//731 501//731
f 1927//732 502//732 1926//732
f 1928//733 910//733 345//733
f 1930//734 1929//734 1940//734
f 2177//735 1934//735 104//735
f 1018//736 1214//736 1212//736
f 1942//737 1930//737 1943//737
f 1371//738 939//738 2952//738
f 1944//739 1945//739 449//739
f 2918//740 1946//740 1948//740
f 184//741 1949//741 185//741
f 739//742 1950//742 1951//742
f 805//743 806//743 1952//743
f 1953//744 1954//744 1955//744
f 1956//745 673//745 1957//745
f 572//746 1958//746 573//746
f 1959//747 1158//747 1159//747
f 2939//748 1960//748 3307//748
f 995//749 1964//749 2878//749
f 1615//750 1965//750 1612//750
f 1966//751 102//751 388//751
f 1969//752 228//752 229//752
f 601//753 1970//753 1971//753
f 1669//754 238//754 1972//754
f 1974//755 120//755 1975//755
f 3330//756 2607//756 1977//756
f 1980//757 1982//757 1981//757
f 1985//758 1050//758 1986//758
f 1988//759 1989//759 1990//759
f 929//760 1991//760 2166//760
f 659//761 957//761 3386//761
f 982//762 3098//762 980//762
f 2904//763 3098//763 982//763
f 1993//764 1994//764 1995//764
f 1927//765 1996//765 1997//765
f 2000//766 1998//766 1999//766
f 2000//767 2011//767 2001//767
f 914//768 379//768 2980//768
f 914//769 916//769 2002//769
f 2004//770 3357//770 491//770
f 1999//771 2005//771 2006//771
f 2007//772 1394//772 2008//772
f 1073//773 952//773 2010//773
f 1873//774 630//774 1874//774
f 2193//775 121//775 2013//775
f 528//776 1392//776 1429//776
f 2014//777 2015//777 2016//777
f 875//778 1788//778 1787//778
f 822//779 2017//779 1191//779
f 55//780 86//780 88//780
f 3272//781 964//781 81//781
f 1876//782 795//782 3241//782
f 1423//783 1153//783 2025//783
f 2026//784 964//784 3272//784
f 669//785 2027//785 668//785
f 192//786 2028//786 2029//786
f 2035//787 2036//787 2037//787
f 391//788 393//788 2038//788
f 1063//789 2039//789 79//789
f 2870//790 1061//790 1794//790
f 2039//791 391//791 2038//791
f 2043//792 528//792 2044//792
f 2045//793 2046//793 2047//793
f 2049//794 2050//794 2051//794
f 316//795 2052//795 314//795
f 527//796 526//796 1095//796
f 2053//797 2054//797 2055//797
f 2015//798 3274//798 2016//798
f 2057//799 2596//799 2058//799
f 2060//800 485//800 778//800
f 1341//801 2062//801 1106//801
f 672//802 1509//802 44//802
f 685//803 2066//803 274//803
f 2067//804 2068//804 2069//804
f 174//805 2075//805 1818//805
f 775//806 517//806 518//806
f 2072//807 1075//807 518//807
f 2073//808 2074//808 2071//808
f 2075//809 2988//809 1818//809
f 464//810 2743//810 2076//810
f 2743//811 2962//811 2077//811
f 666//812 2078//812 2079//812
f 2081//813 2080//813 1571//813
f 1905//814 1906//814 2082//814
f 2083//815 829//815 818//815
f 187//816 2084//816 2085//816
f 1427//817 187//817 2085//817
f 550//818 2027//818 669//818
f 1196//819 1936//819 1214//819
f 2090//820 1461//820 2091//820
f 524//821 523//821 985//821
f 1799//822 644//822 2095//822
f 2574//823 1226//823 2100//823
f 1552//824 3339//824 1551//824
f 2098//825 2100//825 2099//825
f 25//826 294//826 293//826
f 1627//827 1626//827 3143//827
f 362//828 2002//828 2101//828
f 2102//829 913//829 1522//829
f 2845//830 2844//830 1141//830
f 777//831 2103//831 776//831
f 2104//832 2105//832 1039//832
f 16//833 2106//833 322//833
f 2107//834 1808//834 1810//834
f 939//835 938//835 2953//835
f 2593//836 2109//836 1136//836
f 1644//837 1645//837 3022//837
f 2112//838 2111//838 1257//838
f 296//839 30//839 31//839
f 1000//840 2113//840 2114//840
f 574//841 575//841 2115//841
f 620//842 621//842 1436//842
f 2121//843 1400//843 1399//843
f 3240//844 2639//844 2121//844
f 2122//845 3190//845 2346//845
f 2123//846 2122//846 2124//846
f 1527//847 2127//847 1528//847
f 988//848 990//848 2987//848
f 1646//849 751//849 2598//849
f 2128//850 2661//850 3061//850
f 3021//851 1321//851 654//851
f 2909//852 2130//852 742//852
f 2577//853 2131//853 677//853
f 2132//854 3265//854 89//854
f 3373//855 3398//855 353//855
f 2134//856 2133//856 3280//856
f 353//857 625//857 2136//857
f 3298//858 1096//858 1576//858
f 1642//859 140//859 2138//859
f 2400//860 1036//860 2140//860
f 1036//861 1678//861 2141//861
f 3033//862 184//862 185//862
f 1157//863 3186//863 2142//863
f 2234//864 3186//864 1157//864
f 949//865 958//865 959//865
f 2145//866 2785//866 1614//866
f 2045//867 2146//867 2147//867
f 928//868 2148//868 2045//868
f 2150//869 2151//869 2994//869
f 2152//870 2153//870 2154//870
f 2155//871 115//871 114//871
f 1266//872 344//872 1259//872
f 342//873 344//873 1266//873
f 2624//874 2157//874 1403//874
f 1991//875 2165//875 2166//875
f 3367//876 2167//876 2168//876
f 2170//877 2171//877 1567//877
f 2172//878 2173//878 2174//878
f 2175//879 2176//879 2177//879
f 2179//880 1314//880 2182//880
f 2184//881 2183//881 2158//881
f 2185//882 2186//882 3028//882
f 3388//883 1768//883 105//883
f 2189//884 2187//884 2188//884
f 857//885 2190//885 858//885
f 3028//886 105//886 1086//886
f 1133//887 1857//887 908//887
f 1317//888 2192//888 908//888
f 1429//889 121//889 2193//889
f 2195//890 601//890 2194//890
f 541//891 2195//891 2194//891
f 2196//892 1558//892 2197//892
f 60//893 1820//893 1824//893
f 61//894 1820//894 60//894
f 1161//895 3307//895 1160//895
f 2198//896 2595//896 2199//896
f 2200//897 2379//897 2284//897
f 2201//898 2202//898 2203//898
f 2204//899 1021//899 2205//899
f 1021//900 1020//900 2206//900
f 2760//901 1693//901 711//901
f 998//902 2210//902 999//902
f 2907//903 2214//903 403//903
f 336//904 1250//904 403//904
f 2215//905 1733//905 2216//905
f 2216//906 2078//906 666//906
f 3123//907 2053//907 300//907
f 3123//908 511//908 1524//908
f 2219//909 2264//909 1692//909
f 2220//910 785//910 1762//910
f 548//911 191//911 2161//911
f 3243//912 3242//912 1225//912
f 653//913 2750//913 1792//913
f 1358//914 2222//914 1351//914
f 2225//915 46//915 419//915
f 1046//916 2227//916 2228//916
f 2229//917 2082//917 818//917
f 2230//918 479//918 2470//918
f 1985//919 1544//919 453//919
f 2234//920 1332//920 3186//920
f 2234//921 3137//921 1332//921
f 2235//922 618//922 619//922
f 2235//923 619//923 146//923
f 2237//924 2238//924 1036//924
f 1961//925 2237//925 50//925
f 945//926 63//926 2239//926
f 2239//927 63//927 2240//927
f 1670//928 2242//928 1671//928
f 1492//929 3076//929 1493//929
f 2243//930 3409//930 799//930
f 272//931 1587//931 2226//931
f 272//932 2901//932 1842//932
f 1071//933 1070//933 2244//933
f 894//934 2246//934 2247//934
f 2250//935 550//935 669//935
f 2089//936 669//936 2251//936
f 2252//937 946//937 535//937
f 946//938 2252//938 1166//938
f 676//939 677//939 1005//939
f 1112//940 2253//940 1110//940
f 202//941 2254//941 1998//941
f 669//942 2255//942 2256//942
f 2258//943 917//943 919//943
f 2259//944 2260//944 2261//944
f 116//945 1409//945 2262//945
f 23//946 2098//946 2099//946
f 22//947 2098//947 23//947
f 2260//948 2259//948 2263//948
f 101//949 100//949 117//949
f 2264//950 2219//950 2220//950
f 2043//951 2044//951 2035//951
f 2266//952 707//952 1384//952
f 2023//953 885//953 2024//953
f 2262//954 2269//954 116//954
f 1598//955 2612//955 1597//955
f 361//956 782//956 1375//956
f 2272//957 1838//957 2273//957
f 579//958 2274//958 1286//958
f 2276//959 2277//959 3378//959
f 1892//960 2277//960 2276//960
f 2279//961 731//961 1516//961
f 1517//962 1997//962 509//962
f 1119//963 1120//963 3171//963
f 1311//964 605//964 604//964
f 1996//965 1923//965 1997//965
f 2200//966 2284//966 2203//966
f 2285//967 2203//967 3254//967
f 2286//968 1008//968 331//968
f 466//969 359//969 807//969
f 2290//970 2351//970 399//970
f 495//971 2291//971 350//971
f 495//972 1242//972 2292//972
f 48//973 1033//973 2293//973
f 979//974 2293//974 2294//974
f 1251//975 404//975 2209//975
f 403//976 2295//976 402//976
f 2296//977 994//977 73//977
f 2264//978 2297//978 2298//978
f 2768//979 1510//979 2299//979
f 323//980 2768//980 321//980
f 1218//981 3064//981 1219//981
f 2301//982 427//982 2302//982
f 2303//983 2301//983 2302//983
f 383//984 3139//984 2304//984
f 2306//985 2847//985 2307//985
f 2308//986 1493//986 2309//986
f 1957//987 673//987 2308//987
f 898//988 899//988 2776//988
f 321//989 2425//989 322//989
f 15//990 2312//990 1261//990
f 2313//991 2968//991 214//991
f 3008//992 2315//992 2685//992
f 1886//993 2316//993 299//993
f 2385//994 262//994 1735//994
f 2318//995 1931//995 2319//995
f 2323//996 925//996 187//996
f 2320//997 2321//997 1879//997
f 925//998 2323//998 2324//998
f 2326//999 3309//999 2327//999
f 2329//1000 1406//1000 567//1000
f 1232//1001 1757//1001 258//1001
f 2332//1002 1260//1002 1474//1002
f 2333//1003 1904//1003 2334//1003
f 465//1004 466//1004 807//1004
f 1059//1005 1874//1005 1058//1005
f 1665//1006 1874//1006 523//1006
f 396//1007 1200//1007 2335//1007
f 611//1008 3360//1008 396//1008
f 1921//1009 1368//1009 633//1009
f 1829//1010 1968//1010 1554//1010
f 273//1011 2336//1011 790//1011
f 1356//1012 3048//1012 1359//1012
f 311//1013 170//1013 55//1013
f 2337//1014 2338//1014 836//1014
f 640//1015 163//1015 2339//1015
f 691//1016 1765//1016 2456//1016
f 2340//1017 2341//1017 845//1017
f 2137//1018 2342//1018 1390//1018
f 1429//1019 2343//1019 2344//1019
f 967//1020 2345//1020 2346//1020
f 1541//1021 2349//1021 1542//1021
f 3119//1022 1146//1022 1719//1022
f 1669//1023 1972//1023 240//1023
f 2350//1024 2351//1024 2290//1024
f 1658//1025 1853//1025 1651//1025
f 2770//1026 1386//1026 2352//1026
f 2058//1027 2352//1027 1386//1027
f 876//1028 2353//1028 877//1028
f 940//1029 2367//1029 2355//1029
f 940//1030 1371//1030 941//1030
f 1649//1031 1651//1031 1854//1031
f 2821//1032 2354//1032 2356//1032
f 1169//1033 709//1033 2357//1033
f 709//1034 708//1034 2357//1034
f 2358//1035 2359//1035 2360//1035
f 2363//1036 3135//1036 2364//1036
f 2365//1037 2366//1037 2367//1037
f 2366//1038 2368//1038 2360//1038
f 671//1039 678//1039 164//1039
f 2371//1040 2376//1040 2660//1040
f 1989//1041 158//1041 1990//1041
f 2046//1042 2045//1042 2148//1042
f 2648//1043 2372//1043 3356//1043
f 1433//1044 2373//1044 1431//1044
f 2374//1045 2375//1045 2376//1045
f 2376//1046 2375//1046 1198//1046
f 2377//1047 2378//1047 2379//1047
f 2372//1048 2380//1048 3356//1048
f 2808//1049 1096//1049 144//1049
f 1812//1050 183//1050 1541//1050
f 2382//1051 174//1051 2383//1051
f 3251//1052 2386//1052 275//1052
f 2632//1053 1835//1053 2986//1053
f 1301//1054 689//1054 233//1054
f 2389//1055 2949//1055 164//1055
f 608//1056 2390//1056 2391//1056
f 447//1057 179//1057 2393//1057
f 2290//1058 1681//1058 1680//1058
f 2003//1059 2398//1059 542//1059
f 1034//1060 1172//1060 2400//1060
f 2958//1061 2402//1061 5//1061
f 2520//1062 3357//1062 2004//1062
f 2403//1063 1405//1063 2404//1063
f 1027//1064 2270//1064 2613//1064
f 1532//1065 898//1065 2776//1065
f 446//1066 1775//1066 1532//1066
f 265//1067 2000//1067 2001//1067
f 127//1068 386//1068 385//1068
f 2377//1069 2379//1069 2408//1069
f 3153//1070 2561//1070 2041//1070
f 2338//1071 835//1071 836//1071
f 662//1072 2409//1072 286//1072
f 1469//1073 1479//1073 40//1073
f 617//1074 2411//1074 618//1074
f 618//1075 2411//1075 2412//1075
f 2321//1076 2413//1076 1879//1076
f 2135//1077 2413//1077 2414//1077
f 868//1078 2416//1078 867//1078
f 115//1079 2417//1079 38//1079
f 1900//1080 806//1080 2191//1080
f 2887//1081 806//1081 2422//1081
f 2425//1082 2312//1082 2424//1082
f 7//1083 1182//1083 2423//1083
f 472//1084 1182//1084 7//1084
f 941//1085 2426//1085 2859//1085
f 2860//1086 2859//1086 2426//1086
f 3073//1087 2854//1087 1378//1087
f 2427//1088 2570//1088 65//1088
f 2429//1089 2623//1089 935//1089
f 146//1090 430//1090 1357//1090
f 525//1091 296//1091 2971//1091
f 525//1092 728//1092 2300//1092
f 2430//1093 3120//1093 1186//1093
f 2431//1094 2432//1094 864//1094
f 1177//1095 2667//1095 998//1095
f 2667//1096 2210//1096 998//1096
f 728//1097 2433//1097 1755//1097
f 2434//1098 2435//1098 2190//1098
f 854//1099 2434//1099 855//1099
f 856//1100 1901//1100 854//1100
f 1492//1101 2999//1101 3076//1101
f 3//1102 1630//1102 2443//1102
f 2445//1103 2446//1103 970//1103
f 2293//1104 1033//1104 2447//1104
f 2447//1105 1033//1105 2141//1105
f 1493//1106 3076//1106 554//1106
f 2346//1107 839//1107 3412//1107
f 2452//1108 1555//1108 1547//1108
f 1413//1109 2453//1109 2454//1109
f 456//1110 1413//1110 2455//1110
f 2456//1111 2457//1111 2458//1111
f 2457//1112 1716//1112 2458//1112
f 2121//1113 2639//1113 2459//1113
f 2092//1114 316//1114 315//1114
f 316//1115 2462//1115 2463//1115
f 2465//1116 2466//1116 2244//1116
f 1737//1117 2467//1117 2466//1117
f 2436//1118 2468//1118 1741//1118
f 531//1119 2437//1119 532//1119
f 531//1120 2560//1120 2437//1120
f 2470//1121 2471//1121 1495//1121
f 2471//1122 2472//1122 1495//1122
f 2473//1123 1039//1123 2105//1123
f 1936//1124 2474//1124 2475//1124
f 557//1125 2544//1125 2249//1125
f 1509//1126 2477//1126 1508//1126
f 1936//1127 402//1127 1937//1127
f 173//1128 1060//1128 309//1128
f 309//1129 82//1129 173//1129
f 2479//1130 2480//1130 809//1130
f 2482//1131 2483//1131 1887//1131
f 1032//1132 159//1132 512//1132
f 506//1133 258//1133 834//1133
f 2485//1134 1746//1134 1856//1134
f 210//1135 85//1135 1290//1135
f 2486//1136 1106//1136 757//1136
f 510//1137 511//1137 3180//1137
f 2497//1138 2488//1138 3039//1138
f 895//1139 2780//1139 2870//1139
f 379//1140 378//1140 1487//1140
f 1449//1141 582//1141 1465//1141
f 1449//1142 584//1142 1783//1142
f 2490//1143 822//1143 2491//1143
f 900//1144 2492//1144 901//1144
f 1671//1145 1683//1145 2496//1145
f 3222//1146 3132//1146 2348//1146
f 1699//1147 1698//1147 1383//1147
f 1000//1148 1001//1148 1154//1148
f 520//1149 1036//1149 2400//1149
f 2506//1150 2507//1150 2508//1150
f 2510//1151 274//1151 2880//1151
f 2511//1152 2512//1152 683//1152
f 1711//1153 2517//1153 1709//1153
f 1138//1154 2519//1154 1139//1154
f 2602//1155 2522//1155 450//1155
f 848//1156 2523//1156 2522//1156
f 2524//1157 1183//1157 215//1157
f 3120//1158 2525//1158 2526//1158
f 2526//1159 216//1159 215//1159
f 2526//1160 2525//1160 764//1160
f 2527//1161 2809//1161 1424//1161
f 2527//1162 2528//1162 598//1162
f 1608//1163 2529//1163 857//1163
f 738//1164 856//1164 855//1164
f 166//1165 945//1165 2239//1165
f 948//1166 947//1166 2532//1166
f 2533//1167 2534//1167 2227//1167
f 2872//1168 948//1168 2532//1168
f 2501//1169 534//1169 535//1169
f 1262//1170 1601//1170 2748//1170
f 80//1171 1051//1171 81//1171
f 564//1172 727//1172 726//1172
f 2152//1173 2538//1173 2153//1173
f 2796//1174 3329//1174 2152//1174
f 197//1175 355//1175 840//1175
f 2446//1176 1389//1176 53//1176
f 1115//1177 439//1177 1116//1177
f 807//1178 2082//1178 2334//1178
f 2545//1179 1877//1179 2083//1179
f 2547//1180 2//1180 2548//1180
f 1360//1181 2549//1181 1361//1181
f 2552//1182 2553//1182 3149//1182
f 429//1183 1321//1183 3021//1183
f 588//1184 3350//1184 3295//1184
f 2557//1185 1774//1185 141//1185
f 1893//1186 2560//1186 1894//1186
f 541//1187 1374//1187 1373//1187
f 2562//1188 2001//1188 2011//1188
f 2561//1189 2001//1189 2562//1189
f 3396//1190 307//1190 2564//1190
f 2566//1191 672//1191 44//1191
f 446//1192 445//1192 2567//1192
f 1305//1193 2242//1193 2567//1193
f 1446//1194 2860//1194 2426//1194
f 1791//1195 223//1195 507//1195
f 2568//1196 2316//1196 907//1196
f 303//1197 2569//1197 1657//1197
f 2570//1198 691//1198 2571//1198
f 1227//1199 2572//1199 2573//1199
f 2445//1200 583//1200 2446//1200
f 3260//1201 1389//1201 2446//1201
f 1241//1202 1711//1202 319//1202
f 2575//1203 2100//1203 1226//1203
f 3064//1204 1221//1204 1228//1204
f 742//1205 2577//1205 902//1205
f 742//1206 2130//1206 2577//1206
f 2339//1207 2337//1207 2578//1207
f 1102//1208 3085//1208 2155//1208
f 2357//1209 708//1209 563//1209
f 908//1210 2192//1210 710//1210
f 36//1211 116//1211 936//1211
f 2582//1212 2289//1212 2171//1212
f 57//1213 1379//1213 1654//1213
f 84//1214 210//1214 209//1214
f 2079//1215 252//1215 2584//1215
f 2588//1216 1614//1216 2589//1216
f 394//1217 2585//1217 2586//1217
f 2583//1218 84//1218 209//1218
f 3285//1219 2585//1219 380//1219
f 2588//1220 2589//1220 2585//1220
f 2938//1221 627//1221 1489//1221
f 2266//1222 706//1222 707//1222
f 576//1223 3065//1223 3111//1223
f 983//1224 2680//1224 433//1224
f 2592//1225 389//1225 1500//1225
f 774//1226 517//1226 775//1226
f 517//1227 1233//1227 1234//1227
f 28//1228 1103//1228 2593//1228
f 62//1229 1632//1229 2593//1229
f 721//1230 2831//1230 722//1230
f 1095//1231 722//1231 3045//1231
f 412//1232 411//1232 1022//1232
f 1234//1233 1023//1233 411//1233
f 2198//1234 2829//1234 2595//1234
f 884//1235 883//1235 885//1235
f 1611//1236 1612//1236 903//1236
f 903//1237 1966//1237 388//1237
f 1714//1238 2598//1238 2599//1238
f 2224//1239 2599//1239 2223//1239
f 1431//1240 334//1240 1432//1240
f 1514//1241 1980//1241 3163//1241
f 1015//1242 134//1242 2600//1242
f 2601//1243 419//1243 2836//1243
f 1594//1244 6//1244 778//1244
f 2063//1245 42//1245 1509//1245
f 449//1246 1945//1246 2602//1246
f 2603//1247 2604//1247 1938//1247
f 2604//1248 2603//1248 320//1248
f 1725//1249 2605//1249 21//1249
f 19//1250 21//1250 2605//1250
f 2316//1251 1886//1251 2317//1251
f 2066//1252 3372//1252 2606//1252
f 1540//1253 2606//1253 1119//1253
f 197//1254 199//1254 2539//1254
f 3355//1255 1312//1255 1311//1255
f 1738//1256 1743//1256 2610//1256
f 389//1257 2592//1257 390//1257
f 626//1258 1610//1258 2611//1258
f 2612//1259 731//1259 507//1259
f 2612//1260 507//1260 2613//1260
f 75//1261 74//1261 2619//1261
f 561//1262 2464//1262 562//1262
f 504//1263 645//1263 2095//1263
f 2619//1264 74//1264 2428//1264
f 290//1265 1160//1265 3307//1265
f 1340//1266 2621//1266 347//1266
f 2624//1267 2625//1267 2626//1267
f 222//1268 2627//1268 1405//1268
f 2628//1269 796//1269 2844//1269
f 2628//1270 1440//1270 2629//1270
f 2631//1271 97//1271 2632//1271
f 2181//1272 1054//1272 2180//1272
f 2874//1273 653//1273 2634//1273
f 825//1274 2632//1274 2635//1274
f 518//1275 1085//1275 2638//1275
f 2640//1276 1570//1276 2641//1276
f 2642//1277 2722//1277 2643//1277
f 1402//1278 1052//1278 2644//1278
f 320//1279 2646//1279 2604//1279
f 175//1280 2647//1280 3127//1280
f 219//1281 442//1281 441//1281
f 3362//1282 2120//1282 967//1282
f 2544//1283 2649//1283 1188//1283
f 2650//1284 3363//1284 1964//1284
f 889//1285 1469//1285 890//1285
f 1479//1286 882//1286 1478//1286
f 2641//1287 2653//1287 1656//1287
f 2641//1288 2642//1288 2643//1288
f 2654//1289 1261//1289 148//1289
f 148//1290 1831//1290 1828//1290
f 2657//1291 2656//1291 966//1291
f 2658//1292 2659//1292 2660//1292
f 752//1293 751//1293 1646//1293
f 212//1294 2375//1294 3345//1294
f 2374//1295 2370//1295 2375//1295
f 2331//1296 1575//1296 1756//1296
f 1398//1297 812//1297 211//1297
f 1757//1298 294//1298 1205//1298
f 1205//1299 294//1299 2662//1299
f 2663//1300 2664//1300 2665//1300
f 2667//1301 2668//1301 2210//1301
f 2670//1302 1027//1302 2613//1302
f 2671//1303 1153//1303 1888//1303
f 2025//1304 1153//1304 2671//1304
f 987//1305 2673//1305 2672//1305
f 845//1306 1281//1306 1280//1306
f 1279//1307 1483//1307 1851//1307
f 2677//1308 3125//1308 2678//1308
f 2680//1309 2681//1309 2682//1309
f 2683//1310 1461//1310 2090//1310
f 1505//1311 2684//1311 1504//1311
f 269//1312 2685//1312 2684//1312
f 2683//1313 2090//1313 2687//1313
f 2687//1314 228//1314 1969//1314
f 2688//1315 1077//1315 1076//1315
f 324//1316 2689//1316 2690//1316
f 1844//1317 598//1317 2528//1317
f 1288//1318 2019//1318 88//1318
f 1816//1319 3160//1319 2691//1319
f 2694//1320 2715//1320 1784//1320
f 437//1321 661//1321 1543//1321
f 873//1322 2262//1322 1410//1322
f 678//1323 360//1323 2566//1323
f 346//1324 263//1324 2695//1324
f 2412//1325 3101//1325 1364//1325
f 2697//1326 920//1326 2698//1326
f 152//1327 1935//1327 2697//1327
f 152//1328 3375//1328 1090//1328
f 2700//1329 2701//1329 2702//1329
f 2701//1330 2700//1330 720//1330
f 972//1331 54//1331 1728//1331
f 2446//1332 972//1332 970//1332
f 1077//1333 1067//1333 3125//1333
f 310//1334 2703//1334 311//1334
f 2925//1335 1455//1335 3342//1335
f 488//1336 2957//1336 2704//1336
f 1444//1337 3044//1337 696//1337
f 2674//1338 458//1338 3099//1338
f 1914//1339 2507//1339 2506//1339
f 1914//1340 2506//1340 2704//1340
f 643//1341 405//1341 2094//1341
f 405//1342 124//1342 2094//1342
f 1701//1343 1702//1343 2707//1343
f 417//1344 2708//1344 2709//1344
f 549//1345 1243//1345 2027//1345
f 1605//1346 404//1346 1251//1346
f 621//1347 1002//1347 1701//1347
f 1701//1348 2708//1348 417//1348
f 676//1349 1005//1349 1006//1349
f 1762//1350 496//1350 3060//1350
f 1798//1351 257//1351 1859//1351
f 907//1352 2710//1352 2711//1352
f 2711//1353 1857//1353 1858//1353
f 1626//1354 2712//1354 3143//1354
f 758//1355 2502//1355 2503//1355
f 3088//1356 2713//1356 1103//1356
f 2013//1357 121//1357 120//1357
f 651//1358 120//1358 1976//1358
f 2341//1359 2217//1359 1450//1359
f 20//1360 2716//1360 1369//1360
f 438//1361 1863//1361 898//1361
f 1862//1362 1863//1362 438//1362
f 1768//1363 725//1363 2059//1363
f 658//1364 3385//1364 659//1364
f 1144//1365 705//1365 1143//1365
f 448//1366 2720//1366 750//1366
f 3029//1367 448//1367 1499//1367
f 454//1368 748//1368 1485//1368
f 680//1369 2108//1369 2721//1369
f 1602//1370 1603//1370 864//1370
f 2643//1371 2722//1371 2723//1371
f 1854//1372 1852//1372 2724//1372
f 2176//1373 1611//1373 1793//1373
f 2175//1374 1611//1374 2176//1374
f 2651//1375 1732//1375 2725//1375
f 484//1376 1736//1376 2727//1376
f 1593//1377 230//1377 1873//1377
f 771//1378 2729//1378 770//1378
f 1412//1379 665//1379 664//1379
f 1277//1380 2453//1380 1412//1380
f 1217//1381 1390//1381 1391//1381
f 1177//1382 1661//1382 3201//1382
f 2732//1383 2328//1383 599//1383
f 1931//1384 2733//1384 2319//1384
f 1217//1385 2730//1385 208//1385
f 1217//1386 208//1386 3045//1386
f 515//1387 1394//1387 1395//1387
f 84//1388 2735//1388 85//1388
f 2212//1389 769//1389 2736//1389
f 29//1390 2738//1390 2737//1390
f 1726//1391 1284//1391 2739//1391
f 2735//1392 769//1392 85//1392
f 466//1393 2740//1393 1007//1393
f 342//1394 2741//1394 343//1394
f 2011//1395 670//1395 3264//1395
f 1108//1396 1109//1396 2478//1396
f 2387//1397 2742//1397 1761//1397
f 1009//1398 2743//1398 463//1398
f 809//1399 2744//1399 2479//1399
f 2745//1400 738//1400 855//1400
f 2746//1401 738//1401 431//1401
f 626//1402 917//1402 1610//1402
f 537//1403 920//1403 918//1403
f 954//1404 816//1404 815//1404
f 2721//1405 679//1405 680//1405
f 2038//1406 2749//1406 2347//1406
f 392//1407 3223//1407 393//1407
f 2750//1408 1589//1408 1596//1408
f 762//1409 3354//1409 1542//1409
f 2752//1410 1019//1410 340//1410
f 2754//1411 508//1411 509//1411
f 2702//1412 2755//1412 439//1412
f 672//1413 2063//1413 1509//1413
f 1972//1414 51//1414 1283//1414
f 829//1415 2757//1415 2756//1415
f 2757//1416 2758//1416 1875//1416
f 790//1417 1553//1417 2759//1417
f 2760//1418 1696//1418 1694//1418
f 1696//1419 1695//1419 2106//1419
f 1325//1420 1324//1420 1326//1420
f 2761//1421 2344//1421 123//1421
f 2762//1422 1607//1422 1606//1422
f 1080//1423 3100//1423 1081//1423
f 1081//1424 717//1424 718//1424
f 2763//1425 2764//1425 1426//1425
f 2765//1426 1097//1426 539//1426
f 2285//1427 3254//1427 719//1427
f 2766//1428 717//1428 1081//1428
f 206//1429 473//1429 1668//1429
f 206//1430 207//1430 473//1430
f 795//1431 1265//1431 1423//1431
f 1510//1432 2768//1432 1795//1432
f 1724//1433 2769//1433 1414//1433
f 1414//1434 1415//1434 1724//1434
f 2770//1435 143//1435 1386//1435
f 2771//1436 1360//1436 1361//1436
f 2172//1437 2174//1437 2772//1437
f 2024//1438 885//1438 2504//1438
f 190//1439 455//1439 2504//1439
f 2311//1440 2775//1440 2776//1440
f 1041//1441 3396//1441 2777//1441
f 423//1442 1537//1442 52//1442
f 436//1443 428//1443 2778//1443
f 2513//1444 1207//1444 279//1444
f 1033//1445 1035//1445 2141//1445
f 1036//1446 2141//1446 2140//1446
f 2071//1447 1213//1447 45//1447
f 3000//1448 1486//1448 2784//1448
f 2780//1449 2781//1449 2782//1449
f 2441//1450 2786//1450 2783//1450
f 79//1451 2415//1451 1063//1451
f 1063//1452 2785//1452 2145//1452
f 1727//1453 1729//1453 1726//1453
f 977//1454 1284//1454 313//1454
f 2790//1455 2715//1455 2791//1455
f 357//1456 1298//1456 1294//1456
f 2786//1457 2787//1457 2793//1457
f 3342//1458 791//1458 2795//1458
f 30//1459 1328//1459 1327//1459
f 1435//1460 2796//1460 128//1460
f 418//1461 417//1461 2709//1461
f 727//1462 2536//1462 2797//1462
f 2971//1463 2797//1463 525//1463
f 2798//1464 1018//1464 2160//1464
f 1215//1465 1214//1465 1018//1465
f 2578//1466 1967//1466 2055//1466
f 1839//1467 2799//1467 1476//1467
f 1253//1468 3368//1468 674//1468
f 165//1469 2604//1469 674//1469
f 2800//1470 1476//1470 2799//1470
f 1274//1471 1273//1471 2801//1471
f 1013//1472 2803//1472 1133//1472
f 2804//1473 2283//1473 2282//1473
f 2806//1474 863//1474 2807//1474
f 452//1475 576//1475 451//1475
f 886//1476 3318//1476 2808//1476
f 1629//1477 1628//1477 975//1477
f 2812//1478 2809//1478 2810//1478
f 622//1479 1702//1479 1003//1479
f 3264//1480 1702//1480 622//1480
f 1098//1481 2810//1481 2811//1481
f 1214//1482 1936//1482 1300//1482
f 2403//1483 222//1483 1405//1483
f 2613//1484 507//1484 222//1484
f 2814//1485 2673//1485 1169//1485
f 2673//1486 709//1486 1169//1486
f 802//1487 1515//1487 2815//1487
f 2815//1488 843//1488 842//1488
f 421//1489 902//1489 3168//1489
f 2472//1490 1110//1490 2253//1490
f 998//1491 698//1491 1177//1491
f 521//1492 1512//1492 698//1492
f 1181//1493 1842//1493 1841//1493
f 876//1494 196//1494 2821//1494
f 2823//1495 2515//1495 2514//1495
f 477//1496 1904//1496 808//1496
f 603//1497 1375//1497 1376//1497
f 2658//1498 2660//1498 3352//1498
f 2824//1499 602//1499 601//1499
f 601//1500 1971//1500 2824//1500
f 2825//1501 493//1501 1551//1501
f 2825//1502 3326//1502 493//1502
f 1373//1503 2195//1503 541//1503
f 1373//1504 1375//1504 2826//1504
f 2827//1505 1360//1505 2828//1505
f 178//1506 179//1506 2829//1506
f 2831//1507 3045//1507 722//1507
f 1457//1508 381//1508 382//1508
f 2919//1509 1533//1509 2832//1509
f 3020//1510 2833//1510 2703//1510
f 2833//1511 1069//1511 667//1511
f 1582//1512 1583//1512 3166//1512
f 365//1513 2835//1513 366//1513
f 365//1514 3362//1514 2835//1514
f 545//1515 145//1515 1576//1515
f 2310//1516 1956//1516 1957//1516
f 2581//1517 2838//1517 2580//1517
f 1051//1518 1987//1518 1052//1518
f 2839//1519 1686//1519 1088//1519
f 2840//1520 2307//1520 2546//1520
f 2306//1521 2307//1521 2840//1521
f 200//1522 2841//1522 757//1522
f 691//1523 2842//1523 1765//1523
f 2843//1524 2169//1524 200//1524
f 556//1525 3317//1525 2844//1525
f 538//1526 353//1526 2846//1526
f 2848//1527 612//1527 2849//1527
f 2108//1528 470//1528 2849//1528
f 874//1529 2080//1529 2850//1529
f 1409//1530 874//1530 1408//1530
f 1473//1531 2801//1531 609//1531
f 1705//1532 2850//1532 1704//1532
f 1408//1533 874//1533 2850//1533
f 56//1534 1928//1534 1929//1534
f 102//1535 1966//1535 1965//1535
f 2855//1536 1346//1536 2856//1536
f 2369//1537 164//1537 678//1537
f 2389//1538 164//1538 1159//1538
f 2861//1539 1795//1539 2768//1539
f 2768//1540 323//1540 2857//1540
f 2858//1541 2581//1541 2580//1541
f 1690//1542 1689//1542 2858//1542
f 2859//1543 2860//1543 1518//1543
f 2768//1544 1123//1544 2861//1544
f 2863//1545 1451//1545 2862//1545
f 2668//1546 2667//1546 997//1546
f 2866//1547 2867//1547 238//1547
f 2713//1548 292//1548 2062//1548
f 1103//1549 2713//1549 2062//1549
f 2869//1550 801//1550 803//1550
f 3238//1551 1056//1551 1055//1551
f 3118//1552 1625//1552 1481//1552
f 2869//1553 803//1553 2871//1553
f 1422//1554 1327//1554 1329//1554
f 945//1555 2532//1555 947//1555
f 2875//1556 2873//1556 487//1556
f 2874//1557 2875//1557 1293//1557
f 1866//1558 1339//1558 1338//1558
f 2877//1559 1166//1559 2252//1559
f 2877//1560 1402//1560 1166//1560
f 73//1561 2878//1561 176//1561
f 1983//1562 2882//1562 1982//1562
f 3412//1563 839//1563 276//1563
f 2635//1564 2885//1564 3282//1564
f 2206//1565 1020//1565 213//1565
f 2205//1566 213//1566 1847//1566
f 1952//1567 806//1567 2887//1567
f 829//1568 2888//1568 819//1568
f 2888//1569 829//1569 2756//1569
f 2117//1570 129//1570 2116//1570
f 400//1571 1283//1571 129//1571
f 2190//1572 862//1572 861//1572
f 2191//1573 2190//1573 2435//1573
f 2889//1574 1647//1574 753//1574
f 2890//1575 447//1575 2393//1575
f 70//1576 2098//1576 2889//1576
f 525//1577 2797//1577 728//1577
f 2797//1578 2536//1578 728//1578
f 1880//1579 592//1579 1881//1579
f 2892//1580 1881//1580 2207//1580
f 700//1581 699//1581 1030//1581
f 2893//1582 27//1582 2891//1582
f 2894//1583 1383//1583 2895//1583
f 1152//1584 2896//1584 2895//1584
f 2897//1585 1683//1585 1682//1585
f 2350//1586 2898//1586 2351//1586
f 295//1587 2277//1587 2900//1587
f 2511//1588 681//1588 2512//1588
f 1558//1589 715//1589 2197//1589
f 2860//1590 1519//1590 1518//1590
f 1588//1591 1579//1591 1578//1591
f 1898//1592 1899//1592 2902//1592
f 2902//1593 3332//1593 1898//1593
f 250//1594 1748//1594 1747//1594
f 235//1595 933//1595 503//1595
f 1816//1596 933//1596 935//1596
f 2904//1597 2497//1597 3039//1597
f 448//1598 3029//1598 2720//1598
f 235//1599 935//1599 933//1599
f 337//1600 2214//1600 2907//1600
f 398//1601 720//1601 1438//1601
f 2908//1602 1010//1602 634//1602
f 2041//1603 2042//1603 2040//1603
f 3396//1604 2502//1604 1164//1604
f 747//1605 746//1605 763//1605
f 2909//1606 741//1606 1960//1606
f 2909//1607 98//1607 2130//1607
f 3179//1608 2166//1608 931//1608
f 1656//1609 1577//1609 1655//1609
f 88//1610 2910//1610 1194//1610
f 407//1611 783//1611 3399//1611
f 1729//1612 1727//1612 971//1612
f 83//1613 2075//1613 174//1613
f 5//1614 892//1614 2517//1614
f 1291//1615 3181//1615 2421//1615
f 1340//1616 2914//1616 2621//1616
f 433//1617 2915//1617 434//1617
f 2915//1618 2839//1618 434//1618
f 2916//1619 475//1619 2917//1619
f 1534//1620 1533//1620 2919//1620
f 1562//1621 1633//1621 2269//1621
f 2918//1622 1948//1622 231//1622
f 2919//1623 2916//1623 2917//1623
f 47//1624 1171//1624 48//1624
f 483//1625 1248//1625 285//1625
f 642//1626 220//1626 119//1626
f 2113//1627 1000//1627 1257//1627
f 2112//1628 1257//1628 1154//1628
f 924//1629 2921//1629 2922//1629
f 1822//1630 1821//1630 2926//1630
f 2537//1631 1835//1631 825//1631
f 2209//1632 643//1632 999//1632
f 2928//1633 2929//1633 191//1633
f 2397//1634 2396//1634 399//1634
f 289//1635 853//1635 287//1635
f 10//1636 3087//1636 301//1636
f 744//1637 897//1637 1531//1637
f 2253//1638 1112//1638 2930//1638
f 1210//1639 2931//1639 1113//1639
f 3087//1640 2932//1640 301//1640
f 2862//1641 1452//1641 2863//1641
f 2933//1642 2039//1642 1062//1642
f 1695//1643 1697//1643 2857//1643
f 2935//1644 1496//1644 1889//1644
f 1211//1645 1210//1645 1113//1645
f 2292//1646 1242//1646 3325//1646
f 1085//1647 2168//1647 2638//1647
f 2168//1648 1085//1648 3367//1648
f 841//1649 840//1649 2122//1649
f 2387//1650 1758//1650 2433//1650
f 1755//1651 1758//1651 1760//1651
f 2381//1652 763//1652 1204//1652
f 2381//1653 1204//1653 1746//1653
f 858//1654 2190//1654 938//1654
f 3127//1655 2647//1655 2943//1655
f 1691//1656 101//1656 2944//1656
f 1805//1657 191//1657 2505//1657
f 2505//1658 190//1658 2504//1658
f 1199//1659 2296//1659 1554//1659
f 273//1660 1554//1660 2336//1660
f 2294//1661 2293//1661 2946//1661
f 207//1662 721//1662 723//1662
f 2921//1663 2121//1663 2922//1663
f 1275//1664 2121//1664 2459//1664
f 837//1665 1784//1665 1459//1665
f 940//1666 2947//1666 1371//1666
f 939//1667 2951//1667 2952//1667
f 939//1668 2953//1668 2951//1668
f 852//1669 2764//1669 2763//1669
f 1328//1670 792//1670 1330//1670
f 1537//1671 1536//1671 130//1671
f 1329//1672 1328//1672 1330//1672
f 1019//1673 2752//1673 2954//1673
f 1688//1674 2955//1674 2512//1674
f 2512//1675 448//1675 750//1675
f 514//1676 699//1676 513//1676
f 611//1677 396//1677 2956//1677
f 610//1678 611//1678 2956//1678
f 385//1679 3177//1679 127//1679
f 1910//1680 1912//1680 2957//1680
f 1528//1681 2127//1681 2368//1681
f 2514//1682 2520//1682 2958//1682
f 788//1683 787//1683 2958//1683
f 630//1684 308//1684 2959//1684
f 1058//1685 308//1685 309//1685
f 2957//1686 2358//1686 1910//1686
f 1735//1687 346//1687 3314//1687
f 2960//1688 1735//1688 2318//1688
f 2961//1689 604//1689 702//1689
f 2963//1690 2077//1690 2962//1690
f 1733//1691 2078//1691 2216//1691
f 1237//1692 2078//1692 1733//1692
f 3298//1693 1390//1693 1217//1693
f 3298//1694 1576//1694 1390//1694
f 615//1695 1903//1695 1902//1695
f 2961//1696 702//1696 2963//1696
f 2964//1697 2700//1697 2187//1697
f 2965//1698 664//1698 665//1698
f 2965//1699 590//1699 2556//1699
f 2821//1700 2356//1700 2353//1700
f 214//1701 2968//1701 2966//1701
f 2967//1702 1230//1702 781//1702
f 2967//1703 781//1703 1666//1703
f 877//1704 2968//1704 1639//1704
f 1636//1705 823//1705 1638//1705
f 1789//1706 2969//1706 2970//1706
f 3279//1707 1506//1707 1508//1707
f 424//1708 2972//1708 425//1708
f 2972//1709 2590//1709 425//1709
f 1943//1710 2974//1710 1942//1710
f 2974//1711 2975//1711 2976//1711
f 2412//1712 2696//1712 1064//1712
f 2977//1713 189//1713 1602//1713
f 1940//1714 2978//1714 2975//1714
f 2974//1715 1943//1715 2975//1715
f 1535//1716 2980//1716 2981//1716
f 1611//1717 2982//1717 3069//1717
f 2982//1718 1314//1718 3069//1718
f 2980//1719 2983//1719 2981//1719
f 31//1720 30//1720 1420//1720
f 1930//1721 1464//1721 2984//1721
f 1929//1722 1930//1722 2984//1722
f 3100//1723 2766//1723 1081//1723
f 1464//1724 1930//1724 1942//1724
f 2539//1725 199//1725 2607//1725
f 3100//1726 2285//1726 2766//1726
f 1135//1727 2985//1727 2986//1727
f 1892//1728 2900//1728 2277//1728
f 1955//1729 649//1729 3214//1729
f 1955//1730 2972//1730 424//1730
f 2549//1731 2550//1731 1361//1731
f 2947//1732 990//1732 1371//1732
f 2987//1733 990//1733 2355//1733
f 2349//1734 1292//1734 182//1734
f 762//1735 2349//1735 1363//1735
f 2988//1736 2989//1736 1244//1736
f 2990//1737 3311//1737 292//1737
f 205//1738 364//1738 1336//1738
f 765//1739 204//1739 205//1739
f 985//1740 2681//1740 524//1740
f 2167//1741 2991//1741 1978//1741
f 2993//1742 2992//1742 960//1742
f 2993//1743 1978//1743 2992//1743
f 2150//1744 2994//1744 2149//1744
f 1246//1745 2420//1745 2149//1745
f 1720//1746 132//1746 1722//1746
f 307//1747 306//1747 1780//1747
f 2996//1748 1347//1748 1380//1748
f 2375//1749 212//1749 1198//1749
f 1173//1750 1308//1750 1307//1750
f 1173//1751 1816//1751 2998//1751
f 3264//1752 670//1752 1108//1752
f 454//1753 3000//1753 378//1753
f 1487//1754 378//1754 3000//1754
f 3001//1755 2021//1755 3002//1755
f 3003//1756 587//1756 3002//1756
f 1671//1757 2242//1757 1492//1757
f 1671//1758 1492//1758 237//1758
f 738//1759 737//1759 856//1759
f 2902//1760 3005//1760 3332//1760
f 3006//1761 673//1761 1947//1761
f 1658//1762 2569//1762 907//1762
f 1754//1763 32//1763 3009//1763
f 2897//1764 3010//1764 1683//1764
f 2495//1765 1683//1765 943//1765
f 2685//1766 3009//1766 3008//1766
f 32//1767 3008//1767 3009//1767
f 2007//1768 1790//1768 3012//1768
f 1472//1769 2158//1769 681//1769
f 2665//1770 2184//1770 2158//1770
f 423//1771 1687//1771 1689//1771
f 1709//1772 2517//1772 317//1772
f 2180//1773 1057//1773 2171//1773
f 3369//1774 1057//1774 3013//1774
f 1396//1775 2008//1775 3014//1775
f 1057//1776 3369//1776 3016//1776
f 264//1777 1713//1777 2406//1777
f 264//1778 2406//1778 265//1778
f 2593//1779 1105//1779 2109//1779
f 1792//1780 1595//1780 486//1780
f 2174//1781 2173//1781 927//1781
f 161//1782 3017//1782 1079//1782
f 2616//1783 662//1783 3018//1783
f 201//1784 2986//1784 1835//1784
f 3019//1785 1565//1785 277//1785
f 2513//1786 3019//1786 1207//1786
f 310//1787 3020//1787 2703//1787
f 654//1788 655//1788 1676//1788
f 2129//1789 3021//1789 654//1789
f 1350//1790 3019//1790 2513//1790
f 2045//1791 2147//1791 928//1791
f 487//1792 2873//1792 181//1792
f 2343//1793 1769//1793 529//1793
f 2110//1794 1031//1794 3022//1794
f 1587//1795 652//1795 1588//1795
f 1458//1796 282//1796 382//1796
f 1458//1797 2589//1797 860//1797
f 2259//1798 679//1798 2263//1798
f 1803//1799 1804//1799 2906//1799
f 627//1800 629//1800 1489//1800
f 3023//1801 1482//1801 748//1801
f 1050//1802 1631//1802 1049//1802
f 1001//1803 2894//1803 3024//1803
f 1848//1804 1853//1804 3025//1804
f 1853//1805 1658//1805 3025//1805
f 1184//1806 1186//1806 3027//1806
f 1745//1807 636//1807 2583//1807
f 636//1808 2773//1808 2774//1808
f 3028//1809 1086//1809 1087//1809
f 953//1810 817//1810 1884//1810
f 2086//1811 2877//1811 2252//1811
f 2086//1812 2087//1812 965//1812
f 1749//1813 251//1813 1499//1813
f 3029//1814 1499//1814 251//1814
f 2943//1815 2647//1815 1395//1815
f 1899//1816 1900//1816 2902//1816
f 2331//1817 1756//1817 1757//1817
f 1267//1818 1975//1818 335//1818
f 2452//1819 1547//1819 1550//1819
f 2166//1820 2165//1820 932//1820
f 130//1821 1751//1821 1324//1821
f 898//1822 1775//1822 99//1822
f 559//1823 791//1823 99//1823
f 1738//1824 1737//1824 2466//1824
f 2970//1825 3032//1825 1789//1825
f 1788//1826 1789//1826 3032//1826
f 3033//1827 2084//1827 580//1827
f 2306//1828 2840//1828 760//1828
f 1643//1829 833//1829 1869//1829
f 1155//1830 614//1830 613//1830
f 2928//1831 2579//1831 614//1831
f 1811//1832 551//1832 850//1832
f 1667//1833 473//1833 3035//1833
f 3036//1834 2487//1834 3037//1834
f 3036//1835 3038//1835 3039//1835
f 374//1836 3042//1836 376//1836
f 3042//1837 2231//1837 376//1837
f 1343//1838 3043//1838 1344//1838
f 2847//1839 1807//1839 22//1839
f 512//1840 2608//1840 3044//1840
f 512//1841 701//1841 700//1841
f 115//1842 1409//1842 116//1842
f 1377//1843 2058//1843 1386//1843
f 3046//1844 179//1844 1557//1844
f 179//1845 169//1845 1559//1845
f 1356//1846 1357//1846 3048//1846
f 1357//1847 430//1847 3048//1847
f 1939//1848 345//1848 2978//1848
f 727//1849 3049//1849 3050//1849
f 1923//1850 509//1850 1997//1850
f 3052//1851 2501//1851 535//1851
f 1204//1852 1203//1852 3021//1852
f 1234//1853 3003//1853 188//1853
f 1529//1854 1197//1854 2364//1854
f 2131//1855 1264//1855 677//1855
f 1714//1856 1715//1856 3056//1856
f 2224//1857 1715//1857 1714//1857
f 914//1858 2002//1858 377//1858
f 2264//1859 3060//1859 2297//1859
f 294//1860 25//1860 24//1860
f 716//1861 1558//1861 2196//1861
f 351//1862 2196//1862 2511//1862
f 2692//1863 555//1863 3063//1863
f 1750//1864 1752//1864 1764//1864
f 112//1865 937//1865 1561//1865
f 1561//1866 873//1866 113//1866
f 2639//1867 1664//1867 361//1867
f 1664//1868 782//1868 361//1868
f 1075//1869 775//1869 518//1869
f 1075//1870 773//1870 775//1870
f 1460//1871 3065//1871 3066//1871
f 1460//1872 3066//1872 577//1872
f 3092//1873 2154//1873 560//1873
f 818//1874 2082//1874 2083//1874
f 2545//1875 2083//1875 2082//1875
f 2203//1876 2284//1876 2201//1876
f 3070//1877 1470//1877 1150//1877
f 658//1878 1111//1878 2818//1878
f 3071//1879 2996//1879 3072//1879
f 987//1880 387//1880 2673//1880
f 2821//1881 1649//1881 2354//1881
f 2821//1882 872//1882 1649//1882
f 2673//1883 1168//1883 709//1883
f 387//1884 3074//1884 2673//1884
f 3075//1885 1808//1885 2107//1885
f 2190//1886 861//1886 865//1886
f 1289//1887 130//1887 1324//1887
f 1425//1888 2642//1888 1570//1888
f 1570//1889 2642//1889 2641//1889
f 430//1890 1064//1890 2576//1890
f 430//1891 2576//1891 153//1891
f 1225//1892 1868//1892 1767//1892
f 1236//1893 1810//1893 1809//1893
f 849//1894 1811//1894 850//1894
f 3076//1895 2441//1895 2783//1895
f 2645//1896 3040//1896 3041//1896
f 2944//1897 101//1897 117//1897
f 2220//1898 786//1898 785//1898
f 399//1899 2351//1899 239//1899
f 2929//1900 2928//1900 1155//1900
f 2920//1901 423//1901 52//1901
f 2351//1902 1669//1902 240//1902
f 2351//1903 240//1903 239//1903
f 608//1904 2115//1904 2392//1904
f 607//1905 2115//1905 608//1905
f 3078//1906 3079//1906 3080//1906
f 3081//1907 1446//1907 3082//1907
f 1825//1908 1826//1908 1446//1908
f 1614//1909 3078//1909 860//1909
f 3238//1910 801//1910 1056//1910
f 1056//1911 801//1911 267//1911
f 1587//1912 1586//1912 652//1912
f 3277//1913 3083//1913 771//1913
f 772//1914 1825//1914 1446//1914
f 3080//1915 3079//1915 2143//1915
f 253//1916 3043//1916 1343//1916
f 2344//1917 124//1917 123//1917
f 2344//1918 529//1918 460//1918
f 1306//1919 2442//1919 2999//1919
f 830//1920 2//1920 2547//1920
f 3085//1921 1672//1921 1673//1921
f 3017//1922 161//1922 160//1922
f 2002//1923 3058//1923 377//1923
f 3086//1924 371//1924 2530//1924
f 10//1925 9//1925 287//1925
f 2241//1926 2244//1926 1070//1926
f 2850//1927 2080//1927 1855//1927
f 1704//1928 1855//1928 1564//1928
f 1230//1929 368//1929 370//1929
f 1359//1930 1141//1930 1356//1930
f 68//1931 69//1931 2617//1931
f 2617//1932 1543//1932 661//1932
f 55//1933 88//1933 1194//1933
f 1046//1934 3088//1934 1047//1934
f 1046//1935 2228//1935 3088//1935
f 2933//1936 3089//1936 2039//1936
f 3089//1937 3090//1937 2039//1937
f 3091//1938 722//1938 1095//1938
f 166//1939 2872//1939 945//1939
f 2152//1940 3092//1940 128//1940
f 1729//1941 1728//1941 312//1941
f 2970//1942 3093//1942 3094//1942
f 1729//1943 313//1943 1284//1943
f 312//1944 313//1944 1729//1944
f 3093//1945 3095//1945 3094//1945
f 3094//1946 3095//1946 1337//1946
f 262//1947 1090//1947 263//1947
f 263//1948 1090//1948 2695//1948
f 391//1949 461//1949 392//1949
f 2181//1950 2170//1950 277//1950
f 2181//1951 2180//1951 2170//1951
f 3096//1952 3248//1952 2884//1952
f 356//1953 1551//1953 3339//1953
f 2607//1954 2291//1954 2539//1954
f 330//1955 795//1955 1876//1955
f 359//1956 330//1956 1876//1956
f 77//1957 3097//1957 3098//1957
f 2407//1958 2379//1958 3100//1958
f 610//1959 2335//1959 1201//1959
f 714//1960 1577//1960 260//1960
f 1577//1961 2723//1961 260//1961
f 3300//1962 1793//1962 3301//1962
f 2674//1963 1861//1963 3249//1963
f 1545//1964 1078//1964 1488//1964
f 1793//1965 623//1965 1934//1965
f 1934//1966 623//1966 104//1966
f 1060//1967 173//1967 2382//1967
f 3102//1968 463//1968 464//1968
f 3103//1969 1332//1969 1331//1969
f 3105//1970 457//1970 1502//1970
f 868//1971 1635//1971 1634//1971
f 954//1972 3107//1972 3106//1972
f 2171//1973 2289//1973 1567//1973
f 564//1974 2813//1974 3049//1974
f 564//1975 3049//1975 727//1975
f 3268//1976 783//1976 407//1976
f 1024//1977 3108//1977 3105//1977
f 2289//1978 3387//1978 2287//1978
f 1306//1979 1137//1979 106//1979
f 1306//1980 1305//1980 1137//1980
f 399//1981 400//1981 2117//1981
f 2117//1982 400//1982 129//1982
f 1391//1983 1392//1983 527//1983
f 2338//1984 1160//1984 561//1984
f 1928//1985 2030//1985 910//1985
f 771//1986 3083//1986 2626//1986
f 3083//1987 2624//1987 2626//1987
f 3111//1988 3065//1988 3112//1988
f 3065//1989 1460//1989 3112//1989
f 267//1990 2869//1990 457//1990
f 1843//1991 720//1991 398//1991
f 421//1992 3168//1992 2223//1992
f 2223//1993 2599//1993 194//1993
f 2598//1994 3113//1994 2599//1994
f 331//1995 1008//1995 332//1995
f 1008//1996 1007//1996 1266//1996
f 1201//1997 1456//1997 3114//1997
f 610//1998 1201//1998 3114//1998
f 2427//1999 2856//1999 3115//1999
f 3116//2000 3117//2000 2659//2000
f 3117//2001 2370//2001 2374//2001
f 2659//2002 3117//2002 2374//2002
f 2550//2003 886//2003 1361//2003
f 2237//2004 1961//2004 2238//2004
f 1600//2005 3118//2005 3393//2005
f 1596//2006 3119//2006 486//2006
f 2739//2007 1284//2007 1029//2007
f 2431//2008 3120//2008 2430//2008
f 2211//2009 2085//2009 1428//2009
f 1954//2010 2972//2010 1955//2010
f 2504//2011 1803//2011 2505//2011
f 1066//2012 2833//2012 1067//2012
f 2833//2013 3125//2013 1067//2013
f 401//2014 2924//2014 2923//2014
f 2347//2015 79//2015 2038//2015
f 79//2016 2039//2016 2038//2016
f 3033//2017 580//2017 184//2017
f 3326//2018 2816//2018 494//2018
f 3326//2019 494//2019 493//2019
f 3090//2020 1061//2020 2870//2020
f 346//2021 3126//2021 2811//2021
f 346//2022 2811//2022 2810//2022
f 1081//2023 718//2023 3127//2023
f 2942//2024 3127//2024 2943//2024
f 2942//2025 3128//2025 1724//2025
f 2623//2026 234//2026 1302//2026
f 1302//2027 234//2027 420//2027
f 200//2028 2169//2028 1126//2028
f 2169//2029 3130//2029 1126//2029
f 305//2030 304//2030 1514//2030
f 1926//2031 1996//2031 1927//2031
f 1926//2032 1923//2032 1996//2032
f 3222//2033 3131//2033 3132//2033
f 982//2034 981//2034 3221//2034
f 619//2035 1064//2035 430//2035
f 889//2036 891//2036 2717//2036
f 2472//2037 2253//2037 1210//2037
f 2717//2038 1369//2038 2718//2038
f 1369//2039 1370//2039 2718//2039
f 1210//2040 3133//2040 2931//2040
f 47//2041 2405//2041 1026//2041
f 2675//2042 3134//2042 553//2042
f 940//2043 2365//2043 2367//2043
f 3258//2044 1198//2044 3135//2044
f 1198//2045 1712//2045 2997//2045
f 271//2046 272//2046 1181//2046
f 1181//2047 272//2047 1842//2047
f 2240//2048 63//2048 1136//2048
f 2473//2049 2105//2049 1037//2049
f 1238//2050 2233//2050 657//2050
f 1331//2051 1332//2051 3137//2051
f 966//2052 2655//2052 1331//2052
f 3138//2053 2509//2053 2066//2053
f 1909//2054 2686//2054 395//2054
f 2066//2055 685//2055 3372//2055
f 366//2056 960//2056 2992//2056
f 226//2057 227//2057 3140//2057
f 2143//2058 226//2058 3080//2058
f 3141//2059 3386//2059 957//2059
f 2621//2060 3182//2060 347//2060
f 3250//2061 1556//2061 1555//2061
f 441//2062 440//2062 3142//2062
f 31//2063 1311//2063 604//2063
f 1311//2064 31//2064 1420//2064
f 314//2065 572//2065 315//2065
f 2522//2066 2523//2066 450//2066
f 450//2067 2523//2067 1426//2067
f 102//2068 2922//2068 103//2068
f 3144//2069 2839//2069 1088//2069
f 1618//2070 1617//2070 3145//2070
f 3146//2071 2893//2071 1440//2071
f 2337//2072 838//2072 2338//2072
f 3261//2073 2506//2073 2508//2073
f 489//2074 3147//2074 432//2074
f 2506//2075 3261//2075 488//2075
f 2506//2076 488//2076 2704//2076
f 3148//2077 1684//2077 549//2077
f 1126//2078 3130//2078 756//2078
f 1164//2079 756//2079 3130//2079
f 2246//2080 894//2080 1027//2080
f 3149//2081 1274//2081 1840//2081
f 1109//2082 2481//2082 2478//2082
f 2460//2083 2461//2083 3151//2083
f 1439//2084 125//2084 1438//2084
f 3152//2085 1495//2085 476//2085
f 476//2086 1495//2086 1496//2086
f 1447//2087 255//2087 1448//2087
f 3154//2088 2189//2088 2188//2088
f 2936//2089 1242//2089 586//2089
f 3155//2090 2199//2090 585//2090
f 2020//2091 2198//2091 2199//2091
f 2151//2092 2150//2092 535//2092
f 2891//2093 1490//2093 2235//2093
f 2462//2094 316//2094 2092//2094
f 3151//2095 2461//2095 3150//2095
f 2896//2096 1888//2096 3024//2096
f 1832//2097 1370//2097 1833//2097
f 1832//2098 2541//2098 1370//2098
f 2959//2099 1058//2099 1874//2099
f 854//2100 1901//2100 2435//2100
f 2434//2101 854//2101 2435//2101
f 819//2102 1884//2102 817//2102
f 819//2103 3157//2103 1884//2103
f 1765//2104 2518//2104 1766//2104
f 1765//2105 2842//2105 2518//2105
f 2324//2106 1401//2106 2921//2106
f 1263//2107 1264//2107 2130//2107
f 407//2108 2352//2108 408//2108
f 2596//2109 2352//2109 2058//2109
f 2912//2110 768//2110 620//2110
f 2912//2111 2116//2111 3159//2111
f 2222//2112 147//2112 1447//2112
f 1351//2113 2222//2113 1447//2113
f 2691//2114 3160//2114 2692//2114
f 820//2115 1167//2115 1418//2115
f 527//2116 1392//2116 528//2116
f 2271//2117 1354//2117 1355//2117
f 2271//2118 1353//2118 1354//2118
f 2422//2119 806//2119 1900//2119
f 1355//2120 1375//2120 2271//2120
f 2402//2121 492//2121 893//2121
f 1619//2122 637//2122 2378//2122
f 638//2123 637//2123 1619//2123
f 1620//2124 2378//2124 1618//2124
f 2378//2125 2377//2125 2492//2125
f 1510//2126 149//2126 2299//2126
f 3162//2127 225//2127 3140//2127
f 3078//2128 3080//2128 3140//2128
f 1515//2129 3163//2129 3164//2129
f 2971//2130 1506//2130 2797//2130
f 1441//2131 2629//2131 1440//2131
f 2817//2132 1074//2132 2072//2132
f 1141//2133 1359//2133 1142//2133
f 90//2134 89//2134 1501//2134
f 3265//2135 1501//2135 89//2135
f 1553//2136 285//2136 284//2136
f 286//2137 3156//2137 1454//2137
f 2014//2138 821//2138 213//2138
f 2014//2139 2490//2139 2491//2139
f 1057//2140 2180//2140 3013//2140
f 1729//2141 1284//2141 1726//2141
f 2873//2142 2060//2142 181//2142
f 1294//2143 1296//2143 2102//2143
f 2045//2144 2500//2144 2146//2144
f 105//2145 1768//2145 2267//2145
f 959//2146 2837//2146 3290//2146
f 949//2147 959//2147 950//2147
f 1435//2148 944//2148 1681//2148
f 944//2149 943//2149 1681//2149
f 3168//2150 329//2150 2327//2150
f 1226//2151 2572//2151 1228//2151
f 1228//2152 1221//2152 1226//2152
f 282//2153 283//2153 2779//2153
f 764//2154 2525//2154 204//2154
f 204//2155 1603//2155 949//2155
f 624//2156 2258//2156 3169//2156
f 3170//2157 104//2157 624//2157
f 624//2158 3169//2158 3170//2158
f 918//2159 920//2159 919//2159
f 639//2160 1619//2160 2383//2160
f 1195//2161 3121//2161 2649//2161
f 1051//2162 1402//2162 81//2162
f 1402//2163 1051//2163 1052//2163
f 1864//2164 620//2164 1436//2164
f 1149//2165 2440//2165 869//2165
f 1579//2166 2073//2166 270//2166
f 497//2167 498//2167 594//2167
f 2325//2168 2323//2168 498//2168
f 301//2169 2932//2169 2863//2169
f 420//2170 2706//2170 2985//2170
f 1303//2171 2985//2171 1135//2171
f 2725//2172 2162//2172 2651//2172
f 50//2173 1988//2173 49//2173
f 1119//2174 2280//2174 1540//2174
f 823//2175 3172//2175 1638//2175
f 1532//2176 896//2176 446//2176
f 727//2177 3050//2177 2536//2177
f 1808//2178 3075//2178 451//2178
f 451//2179 576//2179 3173//2179
f 2172//2180 697//2180 2484//2180
f 2172//2181 3174//2181 3175//2181
f 2608//2182 159//2182 2609//2182
f 1193//2183 583//2183 2445//2183
f 1716//2184 3008//2184 1718//2184
f 3177//2185 610//2185 203//2185
f 242//2186 1717//2186 241//2186
f 1175//2187 3315//2187 2017//2187
f 1013//2188 1012//2188 1132//2188
f 519//2189 2237//2189 1036//2189
f 1458//2190 860//2190 282//2190
f 282//2191 860//2191 3140//2191
f 2166//2192 3179//2192 929//2192
f 980//2193 2348//2193 3132//2193
f 307//2194 1780//2194 1437//2194
f 280//2195 1645//2195 1643//2195
f 834//2196 280//2196 1643//2196
f 864//2197 1603//2197 3120//2197
f 3120//2198 2431//2198 864//2198
f 3006//2199 2866//2199 673//2199
f 1946//2200 2867//2200 3006//2200
f 1291//2201 1919//2201 3181//2201
f 3141//2202 957//2202 3182//2202
f 3182//2203 957//2203 706//2203
f 415//2204 2937//2204 766//2204
f 1010//2205 2937//2205 415//2205
f 790//2206 3184//2206 273//2206
f 3185//2207 2165//2207 1991//2207
f 1582//2208 3020//2208 1583//2208
f 2481//2209 1964//2209 995//2209
f 642//2210 641//2210 220//2210
f 2563//2211 1887//2211 1882//2211
f 1887//2212 18//2212 1882//2212
f 429//2213 1203//2213 745//2213
f 1066//2214 1069//2214 2833//2214
f 3186//2215 1721//2215 617//2215
f 1721//2216 3186//2216 3187//2216
f 1848//2217 871//2217 3188//2217
f 2804//2218 91//2218 2283//2218
f 2429//2219 3189//2219 234//2219
f 442//2220 219//2220 2373//2220
f 2174//2221 927//2221 926//2221
f 2174//2222 926//2222 3179//2222
f 3190//2223 530//2223 839//2223
f 840//2224 3287//2224 3190//2224
f 64//2225 3191//2225 1//2225
f 3192//2226 1//2226 885//2226
f 64//2227 1//2227 3192//2227
f 621//2228 417//2228 1436//2228
f 1563//2229 1040//2229 2394//2229
f 2865//2230 3194//2230 1031//2230
f 773//2231 3196//2231 774//2231
f 1038//2232 773//2232 1075//2232
f 1358//2233 153//2233 3197//2233
f 1887//2234 2483//2234 17//2234
f 2367//2235 2987//2235 2355//2235
f 2359//2236 2987//2236 2360//2236
f 211//2237 2406//2237 1713//2237
f 1890//2238 2565//2238 2900//2238
f 3039//2239 2488//2239 3036//2239
f 647//2240 648//2240 3214//2240
f 996//2241 3201//2241 1188//2241
f 1188//2242 2649//2242 996//2242
f 3201//2243 1190//2243 1188//2243
f 517//2244 1234//2244 188//2244
f 188//2245 1082//2245 517//2245
f 2344//2246 2439//2246 124//2246
f 692//2247 628//2247 1282//2247
f 2216//2248 666//2248 628//2248
f 2343//2249 529//2249 2344//2249
f 593//2250 2211//2250 256//2250
f 2342//2251 1393//2251 1390//2251
f 1400//2252 3110//2252 3204//2252
f 1400//2253 1401//2253 3110//2253
f 987//2254 2672//2254 2305//2254
f 1909//2255 385//2255 987//2255
f 1493//2256 554//2256 2309//2256
f 332//2257 1266//2257 1265//2257
f 1008//2258 1266//2258 3206//2258
f 1103//2259 2062//2259 1104//2259
f 343//2260 2800//2260 1473//2260
f 866//2261 184//2261 580//2261
f 580//2262 868//2262 867//2262
f 731//2263 2279//2263 3208//2263
f 2666//2264 2209//2264 2668//2264
f 2111//2265 2332//2265 1258//2265
f 3081//2266 2860//2266 1446//2266
f 3081//2267 1519//2267 2860//2267
f 1259//2268 2332//2268 2111//2268
f 1259//2269 1260//2269 2332//2269
f 952//2270 2993//2270 960//2270
f 1688//2271 2512//2271 750//2271
f 915//2272 3210//2272 3211//2272
f 701//2273 512//2273 3044//2273
f 3116//2274 2659//2274 2658//2274
f 650//2275 427//2275 3214//2275
f 1944//2276 1371//2276 2952//2276
f 1994//2277 558//2277 1992//2277
f 2000//2278 2406//2278 202//2278
f 2000//2279 202//2279 1998//2279
f 2317//2280 1886//2280 3216//2280
f 1388//2281 3047//2281 2254//2281
f 649//2282 1955//2282 424//2282
f 1871//2283 2476//2283 649//2283
f 1261//2284 2654//2284 2535//2284
f 683//2285 2512//2285 2955//2285
f 1176//2286 2017//2286 2489//2286
f 1982//2287 3217//2287 1983//2287
f 3217//2288 2476//2288 1983//2288
f 221//2289 434//2289 3144//2289
f 3038//2290 2661//2290 2128//2290
f 2661//2291 3037//2291 1387//2291
f 2789//2292 2788//2292 3218//2292
f 3219//2293 2715//2293 2790//2293
f 2780//2294 3220//2294 2781//2294
f 2780//2295 895//2295 3220//2295
f 2780//2296 2782//2296 34//2296
f 33//2297 462//2297 34//2297
f 3222//2298 974//2298 3131//2298
f 3221//2299 3191//2299 64//2299
f 3131//2300 974//2300 884//2300
f 3222//2301 973//2301 974//2301
f 279//2302 1645//2302 280//2302
f 3224//2303 1649//2303 872//2303
f 2885//2304 136//2304 827//2304
f 2359//2305 988//2305 2987//2305
f 2361//2306 2359//2306 2362//2306
f 660//2307 899//2307 3226//2307
f 2230//2308 818//2308 817//2308
f 2230//2309 2229//2309 818//2309
f 3227//2310 805//2310 1952//2310
f 2807//2311 863//2311 805//2311
f 3100//2312 1080//2312 334//2312
f 334//2313 1080//2313 1432//2313
f 1425//2314 1569//2314 2642//2314
f 1030//2315 514//2315 1644//2315
f 912//2316 3230//2316 3210//2316
f 3231//2317 494//2317 912//2317
f 2929//2318 1239//2318 2134//2318
f 1206//2319 2662//2319 1348//2319
f 291//2320 759//2320 290//2320
f 1175//2321 2524//2321 3315//2321
f 877//2322 3232//2322 2822//2322
f 3232//2323 3233//2323 3094//2323
f 1899//2324 2437//2324 1893//2324
f 1878//2325 303//2325 302//2325
f 3234//2326 1878//2326 2321//2326
f 1785//2327 3219//2327 734//2327
f 1309//2328 2428//2328 74//2328
f 774//2329 3196//2329 3235//2329
f 3236//2330 1233//2330 517//2330
f 3236//2331 3235//2331 1233//2331
f 1023//2332 1233//2332 777//2332
f 2260//2333 2258//2333 3237//2333
f 2260//2334 3237//2334 2261//2334
f 1128//2335 3238//2335 3239//2335
f 3238//2336 1055//2336 305//2336
f 3240//2337 2967//2337 1666//2337
f 2671//2338 828//2338 2025//2338
f 3092//2339 560//2339 2495//2339
f 83//2340 82//2340 2419//2340
f 2075//2341 83//2341 2419//2341
f 3239//2342 3238//2342 305//2342
f 1783//2343 2976//2343 1781//2343
f 2255//2344 2487//2344 2256//2344
f 3244//2345 1610//2345 2260//2345
f 3245//2346 1610//2346 3244//2346
f 275//2347 2742//2347 2387//2347
f 2958//2348 2520//2348 2402//2348
f 2357//2349 43//2349 986//2349
f 4//2350 471//2350 2849//2350
f 2848//2351 471//2351 1241//2351
f 3246//2352 1353//2352 3247//2352
f 3247//2353 229//2353 1971//2353
f 243//2354 1484//2354 110//2354
f 3096//2355 1333//2355 3248//2355
f 1861//2356 1867//2356 3249//2356
f 3110//2357 921//2357 140//2357
f 2925//2358 3342//2358 2795//2358
f 1317//2359 1316//2359 2192//2359
f 992//2360 3253//2360 226//2360
f 3253//2361 3072//2361 859//2361
f 2172//2362 2772//2362 697//2362
f 1855//2363 2080//2363 1564//2363
f 1497//2364 2793//2364 2794//2364
f 3077//2365 1232//2365 505//2365
f 1403//2366 1433//2366 1404//2366
f 1403//2367 2157//2367 1407//2367
f 2001//2368 2561//2368 59//2368
f 1546//2369 1545//2369 1488//2369
f 2165//2370 2048//2370 1988//2370
f 50//2371 2164//2371 1988//2371
f 1374//2372 1894//2372 2560//2372
f 1896//2373 1372//2373 1374//2373
f 563//2374 708//2374 710//2374
f 1167//2375 710//2375 708//2375
f 3081//2376 3082//2376 223//2376
f 1182//2377 1841//2377 2423//2377
f 712//2378 711//2378 3254//2378
f 713//2379 719//2379 3254//2379
f 2588//2380 2585//2380 394//2380
f 2979//2381 3405//2381 1535//2381
f 520//2382 2400//2382 3256//2382
f 2984//2383 56//2383 1929//2383
f 2019//2384 56//2384 1941//2384
f 1264//2385 1889//2385 1113//2385
f 1087//2386 1086//2386 2065//2386
f 2096//2387 2574//2387 2097//2387
f 92//2388 1732//2388 2651//2388
f 2041//2389 1010//2389 2908//2389
f 887//2390 2808//2390 143//2390
f 3257//2391 2101//2391 2002//2391
f 3211//2392 916//2392 915//2392
f 2384//2393 2960//2393 2319//2393
f 2960//2394 2385//2394 1735//2394
f 2339//2395 2578//2395 9//2395
f 1559//2396 1560//2396 1557//2396
f 1559//2397 1557//2397 179//2397
f 1059//2398 309//2398 1060//2398
f 523//2399 1059//2399 985//2399
f 1966//2400 1612//2400 1965//2400
f 1612//2401 1966//2401 903//2401
f 2322//2402 832//2402 3050//2402
f 204//2403 2525//2403 1603//2403
f 3120//2404 1603//2404 2525//2404
f 832//2405 275//2405 2387//2405
f 465//2406 1903//2406 2962//2406
f 465//2407 807//2407 1903//2407
f 1903//2408 807//2408 2334//2408
f 1566//2409 1025//2409 109//2409
f 993//2410 992//2410 2144//2410
f 359//2411 331//2411 330//2411
f 331//2412 359//2412 2286//2412
f 373//2413 3258//2413 2232//2413
f 2767//2414 373//2414 2232//2414
f 1672//2415 383//2415 1673//2415
f 3259//2416 1804//2416 1803//2416
f 2624//2417 1403//2417 1405//2417
f 2627//2418 2624//2418 1405//2418
f 1364//2419 1365//2419 2531//2419
f 2531//2420 19//2420 2605//2420
f 504//2421 1708//2421 2221//2421
f 475//2422 915//2422 914//2422
f 667//2423 171//2423 170//2423
f 2935//2424 1889//2424 1891//2424
f 1117//2425 477//2425 2935//2425
f 247//2426 1331//2426 2655//2426
f 1607//2427 431//2427 1608//2427
f 431//2428 738//2428 2745//2428
f 2712//2429 2503//2429 1640//2429
f 1607//2430 432//2430 431//2430
f 490//2431 489//2431 1740//2431
f 3260//2432 583//2432 172//2432
f 2446//2433 583//2433 3260//2433
f 3261//2434 2508//2434 3147//2434
f 3147//2435 1741//2435 432//2435
f 1043//2436 1042//2436 3262//2436
f 3263//2437 1522//2437 2816//2437
f 586//2438 3263//2438 2936//2438
f 605//2439 2272//2439 606//2439
f 1845//2440 1696//2440 2760//2440
f 1696//2441 1845//2441 1697//2441
f 66//2442 1703//2442 3054//2442
f 66//2443 1702//2443 3264//2443
f 1500//2444 3265//2444 3266//2444
f 1663//2445 665//2445 1662//2445
f 1662//2446 2453//2446 1413//2446
f 16//2447 2424//2447 15//2447
f 2312//2448 15//2448 2424//2448
f 2611//2449 3245//2449 2592//2449
f 1500//2450 3266//2450 2592//2450
f 1055//2451 2516//2451 304//2451
f 147//2452 2892//2452 255//2452
f 1199//2453 3324//2453 3267//2453
f 1665//2454 523//2454 522//2454
f 1795//2455 3268//2455 406//2455
f 1044//2456 3262//2456 1054//2456
f 1054//2457 3262//2457 1053//2457
f 2291//2458 2292//2458 3325//2458
f 3270//2459 1149//2459 3271//2459
f 566//2460 567//2460 2157//2460
f 2157//2461 2156//2461 1407//2461
f 2552//2462 2050//2462 2553//2462
f 3137//2463 2026//2463 3272//2463
f 2173//2464 3273//2464 927//2464
f 1581//2465 3273//2465 2018//2465
f 2273//2466 1838//2466 2551//2466
f 2552//2467 1838//2467 2050//2467
f 386//2468 2056//2468 3274//2468
f 2056//2469 1176//2469 3274//2469
f 947//2470 3207//2470 62//2470
f 1112//2471 3275//2471 3133//2471
f 1661//2472 1660//2472 1659//2472
f 1649//2473 1854//2473 2354//2473
f 2094//2474 124//2474 2439//2474
f 1544//2475 2227//2475 1046//2475
f 3180//2476 2913//2476 2594//2476
f 2594//2477 2554//2477 1351//2477
f 706//2478 2266//2478 2590//2478
f 863//2479 576//2479 452//2479
f 862//2480 863//2480 452//2480
f 2728//2481 770//2481 2729//2481
f 770//2482 569//2482 3277//2482
f 203//2483 1723//2483 3177//2483
f 2728//2484 569//2484 770//2484
f 216//2485 2526//2485 764//2485
f 1786//2486 764//2486 875//2486
f 3278//2487 597//2487 1844//2487
f 1786//2488 216//2488 764//2488
f 1506//2489 3279//2489 2797//2489
f 836//2490 1967//2490 2578//2490
f 2337//2491 836//2491 2578//2491
f 2577//2492 677//2492 676//2492
f 2789//2493 2790//2493 2791//2493
f 2378//2494 2492//2494 1618//2494
f 2764//2495 852//2495 2492//2495
f 1002//2496 620//2496 768//2496
f 427//2497 650//2497 3217//2497
f 1753//2498 1754//2498 3351//2498
f 3009//2499 3351//2499 1754//2499
f 546//2500 2161//2500 3148//2500
f 1737//2501 1071//2501 2467//2501
f 1064//2502 2696//2502 1065//2502
f 1954//2503 1953//2503 3122//2503
f 2974//2504 2976//2504 142//2504
f 1641//2505 2633//2505 1044//2505
f 1152//2506 2895//2506 3281//2506
f 2683//2507 2681//2507 2680//2507
f 1300//2508 1936//2508 2475//2508
f 984//2509 983//2509 1461//2509
f 1461//2510 2683//2510 2680//2510
f 976//2511 715//2511 1558//2511
f 1557//2512 1560//2512 1558//2512
f 2842//2513 2570//2513 2340//2513
f 2842//2514 2340//2514 2518//2514
f 2716//2515 20//2515 19//2515
f 1832//2516 1833//2516 19//2516
f 2340//2517 1345//2517 844//2517
f 2340//2518 844//2518 2341//2518
f 2630//2519 1309//2519 1310//2519
f 1594//2520 3119//2520 1719//2520
f 1130//2521 824//2521 3282//2521
f 3130//2522 1125//2522 826//2522
f 2364//2523 1197//2523 3333//2523
f 2363//2524 2364//2524 3333//2524
f 212//2525 1713//2525 1712//2525
f 1504//2526 1330//2526 1505//2526
f 1739//2527 884//2527 974//2527
f 1739//2528 883//2528 884//2528
f 1609//2529 2263//2529 679//2529
f 2198//2530 412//2530 2829//2530
f 1022//2531 2829//2531 412//2531
f 3284//2532 52//2532 51//2532
f 2920//2533 52//2533 3284//2533
f 1469//2534 889//2534 1479//2534
f 1011//2535 2562//2535 2011//2535
f 1314//2536 1115//2536 1315//2536
f 2138//2537 2139//2537 2208//2537
f 1011//2538 2011//2538 622//2538
f 2486//2539 1626//2539 1625//2539
f 2926//2540 2927//2540 2053//2540
f 3286//2541 3287//2541 847//2541
f 700//2542 1032//2542 512//2542
f 700//2543 1031//2543 1032//2543
f 1905//2544 2082//2544 2229//2544
f 3152//2545 2470//2545 1495//2545
f 1270//2546 1278//2546 3288//2546
f 3150//2547 2092//2547 1278//2547
f 2982//2548 1611//2548 2175//2548
f 2179//2549 2182//2549 2178//2549
f 1278//2550 2093//2550 1277//2550
f 3196//2551 2103//2551 3235//2551
f 2105//2552 2103//2552 3196//2552
f 1037//2553 2105//2553 1038//2553
f 1451//2554 571//2554 185//2554
f 642//2555 119//2555 1773//2555
f 141//2556 1773//2556 117//2556
f 1807//2557 1647//2557 2889//2557
f 1647//2558 752//2558 1646//2558
f 236//2559 1678//2559 1029//2559
f 2368//2560 2127//2560 1910//2560
f 1911//2561 1910//2561 2127//2561
f 219//2562 218//2562 2372//2562
f 219//2563 2372//2563 2648//2563
f 965//2564 2877//2564 2086//2564
f 954//2565 815//2565 3107//2565
f 707//2566 3107//2566 3255//2566
f 1329//2567 2871//2567 1422//2567
f 2871//2568 1329//2568 3283//2568
f 115//2569 38//2569 37//2569
f 1192//2570 3095//2570 3093//2570
f 3095//2571 1192//2571 1336//2571
f 3056//2572 1648//2572 1714//2572
f 959//2573 3290//2573 950//2573
f 193//2574 1806//2574 2521//2574
f 2951//2575 2953//2575 2107//2575
f 2953//2576 3075//2576 2107//2576
f 1636//2577 1014//2577 821//2577
f 1911//2578 2705//2578 1912//2578
f 2805//2579 2698//2579 1089//2579
f 3280//2580 1684//2580 3148//2580
f 1144//2581 1698//2581 705//2581
f 1383//2582 1698//2582 1381//2582
f 179//2583 3193//2583 2393//2583
f 2167//2584 1978//2584 2993//2584
f 951//2585 2167//2585 2993//2585
f 1746//2586 2485//2586 183//2586
f 1988//2587 2164//2587 2165//2587
f 1093//2588 1092//2588 1082//2588
f 517//2589 1082//2589 1092//2589
f 3367//2590 1085//2590 1093//2590
f 1690//2591 1692//2591 1689//2591
f 541//2592 2194//2592 3292//2592
f 1803//2593 2906//2593 3293//2593
f 2281//2594 2280//2594 3171//2594
f 274//2595 1830//2595 1510//2595
f 809//2596 3294//2596 2744//2596
f 2255//2597 2744//2597 3294//2597
f 80//2598 76//2598 1987//2598
f 2133//2599 2615//2599 1684//2599
f 1972//2600 1283//2600 240//2600
f 2134//2601 3148//2601 2161//2601
f 1889//2602 2565//2602 1890//2602
f 705//2603 3295//2603 1143//2603
f 1871//2604 1143//2604 3295//2604
f 2750//2605 1596//2605 1595//2605
f 3028//2606 1087//2606 655//2606
f 2846//2607 2765//2607 539//2607
f 539//2608 538//2608 2846//2608
f 2846//2609 354//2609 1907//2609
f 1507//2610 1118//2610 1276//2610
f 1508//2611 1507//2611 1276//2611
f 1601//2612 2535//2612 482//2612
f 481//2613 1601//2613 482//2613
f 2596//2614 686//2614 408//2614
f 408//2615 2352//2615 2596//2615
f 732//2616 3357//2616 2003//2616
f 357//2617 3209//2617 1298//2617
f 3314//2618 2809//2618 598//2618
f 2527//2619 598//2619 2809//2619
f 2296//2620 480//2620 1554//2620
f 1154//2621 1257//2621 1000//2621
f 2140//2622 2141//2622 1035//2622
f 2443//2623 1630//2623 1624//2623
f 3297//2624 2796//2624 1435//2624
f 2709//2625 3297//2625 418//2625
f 418//2626 3297//2626 3299//2626
f 8//2627 2423//2627 1179//2627
f 2601//2628 2836//2628 6//2628
f 3300//2629 3301//2629 906//2629
f 2564//2630 2303//2630 1053//2630
f 1358//2631 3197//2631 2222//2631
f 3197//2632 870//2632 3347//2632
f 484//2633 2727//2633 2385//2633
f 600//2634 2690//2634 2689//2634
f 2328//2635 3278//2635 600//2635
f 2300//2636 728//2636 1755//2636
f 2300//2637 1755//2637 1760//2637
f 1161//2638 1160//2638 1158//2638
f 869//2639 2482//2639 1725//2639
f 371//2640 869//2640 2530//2640
f 2035//2641 2044//2641 2036//2641
f 489//2642 488//2642 3261//2642
f 489//2643 3261//2643 3147//2643
f 318//2644 319//2644 1709//2644
f 1016//2645 3302//2645 589//2645
f 3303//2646 589//2646 135//2646
f 1031//2647 3194//2647 1032//2647
f 3194//2648 110//2648 1032//2648
f 3302//2649 1017//2649 589//2649
f 3038//2650 2128//2650 3039//2650
f 2949//2651 596//2651 3304//2651
f 1647//2652 1807//2652 752//2652
f 1807//2653 2847//2653 752//2653
f 3090//2654 3089//2654 1061//2654
f 3089//2655 2933//2655 1061//2655
f 2738//2656 2068//2656 3305//2656
f 2939//2657 1959//2657 1159//2657
f 3307//2658 1959//2658 2939//2658
f 2685//2659 2315//2659 2684//2659
f 1448//2660 255//2660 256//2660
f 1521//2661 684//2661 3263//2661
f 1705//2662 111//2662 113//2662
f 113//2663 2850//2663 1705//2663
f 1631//2664 1047//2664 800//2664
f 2706//2665 1320//2665 3309//2665
f 12//2666 1933//2666 2978//2666
f 2557//2667 141//2667 12//2667
f 554//2668 3076//2668 2783//2668
f 3310//2669 2990//2669 2228//2669
f 3311//2670 2990//2670 3310//2670
f 3310//2671 2843//2671 3311//2671
f 1219//2672 1227//2672 2573//2672
f 1219//2673 3064//2673 1227//2673
f 3019//2674 277//2674 1207//2674
f 1415//2675 3312//2675 1724//2675
f 2219//2676 1691//2676 2944//2676
f 1692//2677 1691//2677 2219//2677
f 2334//2678 1904//2678 1903//2678
f 1342//2679 3313//2679 1575//2679
f 1632//2680 28//2680 2593//2680
f 189//2681 3390//2681 1037//2681
f 2809//2682 3314//2682 2810//2682
f 3213//2683 1759//2683 1758//2683
f 215//2684 3315//2684 2524//2684
f 576//2685 863//2685 2806//2685
f 576//2686 2806//2686 3065//2686
f 3073//2687 2856//2687 2427//2687
f 3073//2688 2995//2688 2856//2688
f 385//2689 1909//2689 395//2689
f 2089//2690 2250//2690 669//2690
f 1088//2691 1619//2691 3145//2691
f 1617//2692 1088//2692 3145//2692
f 717//2693 2285//2693 719//2693
f 719//2694 2747//2694 717//2694
f 2094//2695 2439//2695 2438//2695
f 1602//2696 189//2696 1100//2696
f 189//2697 1037//2697 1100//2697
f 3032//2698 1191//2698 1788//2698
f 1788//2699 1191//2699 2017//2699
f 1371//2700 938//2700 939//2700
f 1221//2701 3316//2701 2575//2701
f 2123//2702 841//2702 2122//2702
f 1094//2703 1979//2703 2123//2703
f 2802//2704 1104//2704 2879//2704
f 2401//2705 130//2705 769//2705
f 2188//2706 2700//2706 1314//2706
f 1096//2707 3318//2707 1576//2707
f 336//2708 1605//2708 1250//2708
f 1250//2709 1605//2709 1251//2709
f 2743//2710 2077//2710 2076//2710
f 1799//2711 2095//2711 1859//2711
f 1487//2712 2781//2712 3220//2712
f 2582//2713 150//2713 2289//2713
f 1592//2714 3319//2714 694//2714
f 2332//2715 1474//2715 1258//2715
f 2099//2716 1591//2716 3319//2716
f 2553//2717 2050//2717 2049//2717
f 2463//2718 2462//2718 2461//2718
f 681//2719 1304//2719 2512//2719
f 1444//2720 458//2720 1443//2720
f 458//2721 1444//2721 3099//2721
f 784//2722 1360//2722 2771//2722
f 2828//2723 1360//2723 784//2723
f 1877//2724 2758//2724 2757//2724
f 1016//2725 134//2725 1015//2725
f 1434//2726 3312//2726 1404//2726
f 1404//2727 2948//2727 2669//2727
f 1950//2728 3227//2728 1952//2728
f 1950//2729 1952//2729 2887//2729
f 2040//2730 2042//2730 635//2730
f 635//2731 2042//2731 636//2731
f 635//2732 636//2732 1745//2732
f 472//2733 1107//2733 2037//2733
f 897//2734 1139//2734 2519//2734
f 2221//2735 3243//2735 1225//2735
f 2775//2736 2311//2736 436//2736
f 436//2737 1323//2737 2775//2737
f 207//2738 723//2738 473//2738
f 1104//2739 2802//2739 2109//2739
f 2395//2740 2640//2740 2641//2740
f 2395//2741 1040//2741 3321//2741
f 2473//2742 413//2742 3321//2742
f 3322//2743 2760//2743 712//2743
f 29//2744 1845//2744 2202//2744
f 1503//2745 1502//2745 1504//2745
f 1822//2746 1585//2746 1821//2746
f 2927//2747 1821//2747 3180//2747
f 698//2748 697//2748 521//2748
f 697//2749 2772//2749 521//2749
f 3325//2750 3326//2750 2825//2750
f 652//2751 1269//2751 2074//2751
f 1941//2752 2910//2752 2019//2752
f 2589//2753 1458//2753 380//2753
f 26//2754 2851//2754 690//2754
f 690//2755 3109//2755 26//2755
f 2803//2756 2804//2756 1133//2756
f 1132//2757 1020//2757 2803//2757
f 1888//2758 1885//2758 2671//2758
f 1885//2759 828//2759 2671//2759
f 2771//2760 887//2760 143//2760
f 1361//2761 886//2761 887//2761
f 2029//2762 2481//2762 2479//2762
f 48//2763 979//2763 467//2763
f 48//2764 2293//2764 979//2764
f 277//2765 1566//2765 278//2765
f 3115//2766 2570//2766 2427//2766
f 2617//2767 69//2767 1543//2767
f 466//2768 1009//2768 2740//2768
f 2740//2769 1009//2769 463//2769
f 996//2770 997//2770 338//2770
f 2234//2771 1156//2771 245//2771
f 2190//2772 2191//2772 3327//2772
f 805//2773 3327//2773 2191//2773
f 2592//2774 3245//2774 390//2774
f 3245//2775 3244//2775 1609//2775
f 1194//2776 2910//2776 1465//2776
f 3019//2777 2118//2777 1565//2777
f 677//2778 3133//2778 1005//2778
f 1271//2779 1274//2779 3149//2779
f 1271//2780 3149//2780 1272//2780
f 1155//2781 2928//2781 614//2781
f 555//2782 1174//2782 1440//2782
f 214//2783 2966//2783 1846//2783
f 214//2784 1846//2784 213//2784
f 1934//2785 2176//2785 1793//2785
f 1934//2786 2177//2786 2176//2786
f 1186//2787 3120//2787 2526//2787
f 1977//2788 3331//2788 3330//2788
f 2991//2789 3331//2789 1978//2789
f 1687//2790 2920//2790 2918//2790
f 1693//2791 3104//2791 713//2791
f 1679//2792 2946//2792 2945//2792
f 3138//2793 2606//2793 1540//2793
f 2039//2794 3090//2794 391//2794
f 461//2795 391//2795 2870//2795
f 2561//2796 2562//2796 1011//2796
f 2450//2797 469//2797 468//2797
f 1781//2798 468//2798 1783//2798
f 2436//2799 3332//2799 2468//2799
f 3332//2800 3005//2800 737//2800
f 1246//2801 2149//2801 2994//2801
f 1271//2802 607//2802 1273//2802
f 363//2803 475//2803 2916//2803
f 2124//2804 2122//2804 2346//2804
f 154//2805 1822//2805 2926//2805
f 1870//2806 3226//2806 1863//2806
f 2724//2807 1852//2807 2204//2807
f 1847//2808 1846//2808 2314//2808
f 254//2809 3333//2809 3043//2809
f 1197//2810 3153//2810 2040//2810
f 3001//2811 3002//2811 587//2811
f 587//2812 412//2812 3001//2812
f 1101//2813 384//2813 2789//2813
f 913//2814 2102//2814 3257//2814
f 2015//2815 3334//2815 3274//2815
f 879//2816 688//2816 880//2816
f 1417//2817 3074//2817 387//2817
f 2189//2818 3154//2818 1091//2818
f 1498//2819 1497//2819 100//2819
f 865//2820 861//2820 2953//2820
f 865//2821 2953//2821 938//2821
f 3111//2822 983//2822 433//2822
f 1749//2823 1748//2823 250//2823
f 1098//2824 1097//2824 1628//2824
f 3337//2825 2812//2825 1628//2825
f 850//2826 551//2826 435//2826
f 2864//2827 1886//2827 726//2827
f 1530//2828 744//2828 1531//2828
f 904//2829 787//2829 788//2829
f 666//2830 629//2830 628//2830
f 2668//2831 2209//2831 2210//2831
f 2210//2832 2209//2832 999//2832
f 528//2833 1429//2833 2193//2833
f 528//2834 2193//2834 61//2834
f 108//2835 107//2835 747//2835
f 3026//2836 3134//2836 761//2836
f 1943//2837 1940//2837 2975//2837
f 1943//2838 1930//2838 1940//2838
f 3134//2839 747//2839 761//2839
f 761//2840 747//2840 762//2840
f 1668//2841 1667//2841 1146//2841
f 1125//2842 3225//2842 826//2842
f 826//2843 3225//2843 827//2843
f 2500//2844 1581//2844 2018//2844
f 2018//2845 2146//2845 2500//2845
f 1165//2846 1640//2846 2633//2846
f 1605//2847 123//2847 404//2847
f 2144//2848 992//2848 2143//2848
f 2641//2849 2643//2849 2653//2849
f 17//2850 1642//2850 2138//2850
f 1634//2851 1562//2851 2416//2851
f 1634//2852 2416//2852 868//2852
f 1960//2853 2939//2853 98//2853
f 1960//2854 98//2854 2909//2854
f 3258//2855 3135//2855 2363//2855
f 2764//2856 2492//2856 900//2856
f 3010//2857 943//2857 1683//2857
f 1681//2858 943//2858 3010//2858
f 3208//2859 1519//2859 1791//2859
f 3328//2860 3329//2860 2796//2860
f 3053//2861 2672//2861 2814//2861
f 2814//2862 2672//2862 2673//2862
f 1901//2863 2902//2863 1900//2863
f 3005//2864 2902//2864 1901//2864
f 1756//2865 1627//2865 293//2865
f 1301//2866 1156//2866 689//2866
f 293//2867 1627//2867 25//2867
f 1803//2868 3296//2868 3259//2868
f 857//2869 2434//2869 2190//2869
f 2529//2870 2434//2870 857//2870
f 795//2871 332//2871 1265//2871
f 772//2872 2729//2872 771//2872
f 1825//2873 772//2873 771//2873
f 1683//2874 2495//2874 2496//2874
f 3331//2875 1082//2875 1083//2875
f 3003//2876 3331//2876 1083//2876
f 2095//2877 1708//2877 504//2877
f 755//2878 756//2878 1164//2878
f 2801//2879 1473//2879 2800//2879
f 2800//2880 2799//2880 2801//2880
f 1122//2881 2603//2881 2243//2881
f 2603//2882 1938//2882 2240//2882
f 2275//2883 2616//2883 3018//2883
f 2046//2884 3276//2884 2047//2884
f 2696//2885 1364//2885 1725//2885
f 2696//2886 2412//2886 1364//2886
f 2581//2887 1947//2887 1956//2887
f 3138//2888 2281//2888 2852//2888
f 437//2889 409//2889 410//2889
f 1622//2890 1623//2890 1624//2890
f 1630//2891 1622//2891 1624//2891
f 2944//2892 2220//2892 2219//2892
f 786//2893 2220//2893 2944//2893
f 3396//2894 2564//2894 2777//2894
f 2777//2895 2564//2895 1053//2895
f 1197//2896 2040//2896 3333//2896
f 1586//2897 1268//2897 652//2897
f 652//2898 1268//2898 1269//2898
f 1831//2899 1830//2899 2881//2899
f 1419//2900 572//2900 314//2900
f 3340//2901 2431//2901 2430//2901
f 1185//2902 2430//2902 1186//2902
f 1705//2903 640//2903 1706//2903
f 2199//2904 3155//2904 2020//2904
f 2020//2905 3155//2905 2021//2905
f 1321//2906 429//2906 2555//2906
f 2461//2907 2092//2907 3150//2907
f 623//2908 3300//2908 2261//2908
f 3300//2909 906//2909 905//2909
f 2261//2910 905//2910 2259//2910
f 2261//2911 3300//2911 905//2911
f 699//2912 514//2912 1030//2912
f 1455//2913 1862//2913 3342//2913
f 1366//2914 2831//2914 721//2914
f 412//2915 2198//2915 2020//2915
f 920//2916 3170//2916 919//2916
f 480//2917 2296//2917 73//2917
f 1850//2918 1483//2918 3041//2918
f 1454//2919 1862//2919 1455//2919
f 2884//2920 3248//2920 1621//2920
f 919//2921 3169//2921 2258//2921
f 3170//2922 3169//2922 919//2922
f 249//2923 251//2923 250//2923
f 168//2924 3209//2924 357//2924
f 168//2925 357//2925 2792//2925
f 3291//2926 3343//2926 1911//2926
f 3204//2927 1230//2927 878//2927
f 472//2928 1180//2928 1182//2928
f 2370//2929 3345//2929 2375//2929
f 3072//2930 2996//2930 1378//2930
f 2995//2931 2996//2931 1380//2931
f 2600//2932 134//2932 1127//2932
f 2628//2933 2844//2933 3317//2933
f 1442//2934 1220//2934 2628//2934
f 1882//2935 1883//2935 3347//2935
f 1573//2936 2693//2936 163//2936
f 1573//2937 1572//2937 2694//2937
f 1816//2938 2691//2938 934//2938
f 3348//2939 820//2939 3335//2939
f 3348//2940 1134//2940 820//2940
f 2193//2941 2013//2941 651//2941
f 1180//2942 2036//2942 271//2942
f 2036//2943 1824//2943 271//2943
f 2321//2944 1878//2944 302//2944
f 2414//2945 2413//2945 2321//2945
f 651//2946 1976//2946 1820//2946
f 1703//2947 3011//2947 71//2947
f 1703//2948 71//2948 3054//2948
f 3003//2949 3330//2949 3331//2949
f 3349//2950 1162//2950 495//2950
f 3332//2951 737//2951 2468//2951
f 244//2952 2938//2952 1489//2952
f 856//2953 737//2953 3005//2953
f 1901//2954 856//2954 3005//2954
f 3002//2955 1162//2955 3003//2955
f 3003//2956 3349//2956 3330//2956
f 244//2957 243//2957 2938//2957
f 1132//2958 1012//2958 3178//2958
f 1012//2959 3334//2959 2015//2959
f 1702//2960 66//2960 3054//2960
f 1814//2961 1815//2961 2883//2961
f 1814//2962 2883//2962 1801//2962
f 2069//2963 2738//2963 29//2963
f 1479//2964 1478//2964 40//2964
f 1817//2965 2067//2965 2268//2965
f 2114//2966 2115//2966 793//2966
f 2392//2967 2115//2967 2114//2967
f 1949//2968 866//2968 112//2968
f 3052//2969 2872//2969 2501//2969
f 112//2970 111//2970 1949//2970
f 2601//2971 6//2971 8//2971
f 1945//2972 2952//2972 1235//2972
f 2952//2973 1945//2973 1944//2973
f 1871//2974 3295//2974 3350//2974
f 1871//2975 3350//2975 2476//2975
f 384//2976 2788//2976 2789//2976
f 1983//2977 2476//2977 3350//2977
f 3057//2978 133//2978 2149//2978
f 2420//2979 3057//2979 2149//2979
f 967//2980 2346//2980 281//2980
f 3362//2981 967//2981 281//2981
f 1553//2982 284//2982 1454//2982
f 1553//2983 1454//2983 2759//2983
f 268//2984 792//2984 3351//2984
f 3351//2985 269//2985 268//2985
f 2241//2986 2079//2986 2078//2986
f 2759//2987 1454//2987 2925//2987
f 76//2988 963//2988 1985//2988
f 233//2989 1816//2989 1173//2989
f 3146//2990 1816//2990 233//2990
f 3352//2991 375//2991 1897//2991
f 2812//2992 1098//2992 1628//2992
f 2812//2993 2810//2993 1098//2993
f 270//2994 45//2994 3353//2994
f 2752//2995 2751//2995 3353//2995
f 359//2996 358//2996 807//2996
f 358//2997 1877//2997 2545//2997
f 2545//2998 807//2998 358//2998
f 807//2999 2545//2999 2082//2999
f 2247//3000 1415//3000 1414//3000
f 2247//3001 1414//3001 2769//3001
f 1878//3002 297//3002 2568//3002
f 290//3003 2620//3003 1160//3003
f 3296//3004 1803//3004 748//3004
f 2425//3005 321//3005 2299//3005
f 1925//3006 1924//3006 326//3006
f 3356//3007 2407//3007 334//3007
f 2379//3008 2407//3008 2408//3008
f 2690//3009 1844//3009 324//3009
f 1601//3010 1262//3010 2535//3010
f 3356//3011 2380//3011 2408//3011
f 2408//3012 2407//3012 3356//3012
f 1576//3013 2676//3013 545//3013
f 2331//3014 1232//3014 545//3014
f 603//3015 3357//3015 2520//3015
f 222//3016 224//3016 2627//3016
f 1912//3017 2704//3017 2957//3017
f 3225//3018 1130//3018 3282//3018
f 236//3019 977//3019 1679//3019
f 1284//3020 977//3020 236//3020
f 1382//3021 2895//3021 1383//3021
f 2139//3022 921//3022 2208//3022
f 823//3023 3032//3023 3172//3023
f 823//3024 1191//3024 3032//3024
f 1604//3025 1430//3025 2761//3025
f 1882//3026 1880//3026 1883//3026
f 1927//3027 1922//3027 502//3027
f 542//3028 544//3028 3358//3028
f 3091//3029 2043//3029 1048//3029
f 3358//3030 1922//3030 1927//3030
f 3223//3031 3222//3031 2348//3031
f 2616//3032 2617//3032 663//3032
f 2489//3033 822//3033 3359//3033
f 3359//3034 3274//3034 1176//3034
f 2956//3035 396//3035 2335//3035
f 698//3036 11//3036 257//3036
f 2288//3037 3361//3037 2645//3037
f 1915//3038 968//3038 2835//3038
f 2709//3039 2708//3039 401//3039
f 398//3040 397//3040 114//3040
f 3118//3041 2265//3041 1625//3041
f 3136//3042 1238//3042 2231//3042
f 909//3043 2031//3043 1289//3043
f 516//3044 94//3044 2734//3044
f 177//3045 516//3045 1395//3045
f 3240//3046 138//3046 2967//3046
f 3363//3047 516//3047 3364//3047
f 2832//3048 381//3048 1457//3048
f 581//3049 186//3049 1286//3049
f 1286//3050 2274//3050 581//3050
f 2060//3051 2061//3051 485//3051
f 1379//3052 1380//3052 1897//3052
f 2170//3053 1566//3053 277//3053
f 3231//3054 3212//3054 3365//3054
f 1442//3055 2628//3055 3317//3055
f 2365//3056 991//3056 2366//3056
f 1445//3057 1528//3057 991//3057
f 1044//3058 2181//3058 1045//3058
f 1565//3059 1045//3059 2181//3059
f 812//3060 1387//3060 1388//3060
f 812//3061 1388//3061 2254//3061
f 2362//3062 490//3062 2361//3062
f 490//3063 1607//3063 2762//3063
f 1097//3064 2765//3064 1628//3064
f 2328//3065 2733//3065 1931//3065
f 3278//3066 2328//3066 597//3066
f 197//3067 2539//3067 355//3067
f 44//3068 1276//3068 2900//3068
f 356//3069 2539//3069 1551//3069
f 609//3070 2391//3070 1474//3070
f 2391//3071 1258//3071 1474//3071
f 44//3072 1509//3072 1276//3072
f 2858//3073 1687//3073 231//3073
f 1836//3074 1737//3074 171//3074
f 454//3075 3023//3075 748//3075
f 2989//3076 2501//3076 3368//3076
f 544//3077 533//3077 1922//3077
f 2865//3078 1031//3078 2330//3078
f 2390//3079 608//3079 2392//3079
f 2330//3080 2110//3080 278//3080
f 2330//3081 1031//3081 2110//3081
f 2387//3082 1761//3082 1758//3082
f 1761//3083 1759//3083 3213//3083
f 1556//3084 276//3084 839//3084
f 2716//3085 1833//3085 1369//3085
f 881//3086 1367//3086 3371//3086
f 3372//3087 1385//3087 2410//3087
f 519//3088 2164//3088 50//3088
f 50//3089 2237//3089 519//3089
f 3044//3090 2608//3090 2484//3090
f 2608//3091 2609//3091 3174//3091
f 1164//3092 306//3092 3396//3092
f 2999//3093 2441//3093 3076//3093
f 2453//3094 665//3094 1412//3094
f 1662//3095 665//3095 2453//3095
f 897//3096 1140//3096 1139//3096
f 848//3097 2763//3097 1426//3097
f 2087//3098 2657//3098 965//3098
f 1375//3099 1355//3099 2826//3099
f 1355//3100 1354//3100 1970//3100
f 429//3101 444//3101 1322//3101
f 1970//3102 601//3102 2195//3102
f 2874//3103 2485//3103 653//3103
f 2471//3104 479//3104 658//3104
f 2597//3105 2911//3105 1256//3105
f 1026//3106 2405//3106 2911//3106
f 2168//3107 2167//3107 951//3107
f 305//3108 1514//3108 1513//3108
f 3239//3109 305//3109 1513//3109
f 2901//3110 2226//3110 46//3110
f 48//47 46//47 1580//47
f 1676//3111 1590//3111 2129//3111
f 2588//3112 394//3112 180//3112
f 180//3113 394//3113 2933//3113
f 3022//3114 700//3114 1030//3114
f 1906//3115 2333//3115 2334//3115
f 1058//3116 309//3116 1059//3116
f 1775//3117 559//3117 99//3117
f 559//3118 1775//3118 1776//3118
f 3265//3119 3373//3119 3266//3119
f 3373//3120 3265//3120 2132//3120
f 454//3121 1486//3121 3000//3121
f 510//3122 1447//3122 511//3122
f 802//3123 842//3123 803//3123
f 1388//3124 3037//3124 2487//3124
f 2487//3125 3047//3125 1388//3125
f 1552//3126 3365//3126 3366//3126
f 146//3127 2891//3127 2235//3127
f 2891//3128 146//3128 798//3128
f 40//3129 1477//3129 631//3129
f 392//3130 461//3130 33//3130
f 1411//3131 759//3131 291//3131
f 2336//3132 285//3132 789//3132
f 1354//3133 1353//3133 3246//3133
f 2336//3134 789//3134 790//3134
f 2003//3135 542//3135 3358//3135
f 3374//3136 3358//3136 1927//3136
f 2154//3137 791//3137 560//3137
f 2466//3138 2465//3138 1343//3138
f 2270//3139 1597//3139 2613//3139
f 893//3140 1598//3140 1597//3140
f 893//3141 492//3141 1598//3141
f 548//3142 547//3142 191//3142
f 3263//3143 684//3143 1522//3143
f 684//3144 2792//3144 1522//3144
f 1379//3145 376//3145 1653//3145
f 407//3146 2770//3146 2352//3146
f 2480//3147 2481//3147 810//3147
f 1741//3148 2746//3148 431//3148
f 1798//3149 2469//3149 2674//3149
f 3195//3150 2734//3150 93//3150
f 38//3151 736//3151 39//3151
f 2472//3152 1210//3152 1209//3152
f 1495//3153 2472//3153 1209//3153
f 1159//3154 164//3154 1263//3154
f 98//3155 1159//3155 1263//3155
f 2986//3156 2985//3156 2631//3156
f 2632//3157 2986//3157 2631//3157
f 2440//3158 703//3158 2483//3158
f 2941//3159 703//3159 2440//3159
f 3378//3160 604//3160 2961//3160
f 2177//3161 2178//3161 2175//3161
f 2765//3162 2846//3162 1907//3162
f 1628//3163 2765//3163 1907//3163
f 1778//3164 137//3164 1004//3164
f 1778//3165 827//3165 137//3165
f 908//3166 1857//3166 2710//3166
f 2711//3167 2710//3167 1857//3167
f 648//3168 1953//3168 1955//3168
f 1512//3169 2731//3169 698//3169
f 913//3170 3211//3170 3230//3170
f 3277//3171 2329//3171 567//3171
f 2802//3172 2879//3172 2550//3172
f 2802//3173 2550//3173 3379//3173
f 2849//3174 2721//3174 2108//3174
f 1358//3175 3048//3175 153//3175
f 2754//3176 2753//3176 508//3176
f 981//3177 980//3177 3132//3177
f 2759//3178 2925//3178 3184//3178
f 3184//3179 790//3179 2759//3179
f 2390//3180 3370//3180 2391//3180
f 2798//3181 2160//3181 3353//3181
f 2679//3182 1582//3182 3166//3182
f 45//3183 1213//3183 1215//3183
f 1811//3184 1808//3184 3173//3184
f 1808//3185 451//3185 3173//3185
f 2177//3186 104//3186 1935//3186
f 2697//3187 1935//3187 104//3187
f 2931//3188 3133//3188 677//3188
f 341//3189 3381//3189 2556//3189
f 3381//3190 3382//3190 794//3190
f 3381//3191 794//3191 1700//3191
f 2314//3192 2356//3192 2354//3192
f 2966//3193 2968//3193 2356//3193
f 3205//3194 3204//3194 139//3194
f 2377//3195 2408//3195 2380//3195
f 2213//3196 84//3196 2583//3196
f 1939//3197 2978//3197 1940//3197
f 592//3198 591//3198 1881//3198
f 18//3199 592//3199 1880//3199
f 751//3200 1960//3200 741//3200
f 2664//3201 2663//3201 1471//3201
f 241//3202 2645//3202 1503//3202
f 2665//3203 1472//3203 2663//3203
f 714//3204 1472//3204 715//3204
f 1503//3205 1504//3205 2684//3205
f 1503//3206 2684//3206 2315//3206
f 758//3207 2841//3207 2502//3207
f 714//3208 1471//3208 2663//3208
f 714//3209 2663//3209 1472//3209
f 2233//3210 1238//3210 3136//3210
f 3384//3211 1208//3211 479//3211
f 1087//3212 1148//3212 1675//3212
f 1111//3213 3386//3213 348//3213
f 3105//3214 3108//3214 266//3214
f 3108//3215 150//3215 266//3215
f 150//3216 267//3216 266//3216
f 348//3217 2914//3217 349//3217
f 834//3218 258//3218 259//3218
f 294//3219 1756//3219 293//3219
f 1992//3220 1255//3220 1256//3220
f 3098//3221 3097//3221 980//3221
f 1645//3222 1207//3222 277//3222
f 278//3223 1645//3223 277//3223
f 2068//3224 1244//3224 3305//3224
f 1765//3225 1849//3225 2457//3225
f 16//3226 1694//3226 2106//3226
f 1765//3227 1766//3227 1849//3227
f 120//3228 1974//3228 1976//3228
f 831//3229 2547//3229 1759//3229
f 831//3230 830//3230 2547//3230
f 1728//3231 971//3231 970//3231
f 2386//3232 1761//3232 2742//3232
f 2788//3233 3053//3233 2814//3233
f 2115//3234 575//3234 793//3234
f 607//3235 574//3235 2115//3235
f 2186//3236 105//3236 3028//3236
f 2105//3237 3196//3237 1038//3237
f 3196//3238 773//3238 1038//3238
f 3342//3239 438//3239 99//3239
f 3389//3240 2128//3240 3062//3240
f 3062//3241 2128//3241 3061//3241
f 1516//3242 1517//3242 1526//3242
f 1217//3243 1391//3243 2730//3243
f 3208//3244 2279//3244 1526//3244
f 1516//3245 1526//3245 2279//3245
f 1659//3246 1660//3246 2725//3246
f 1252//3247 1253//3247 3305//3247
f 686//3248 2596//3248 1385//3248
f 1322//3249 1323//3249 2555//3249
f 2881//3250 1830//3250 2510//3250
f 464//3251 2076//3251 702//3251
f 774//3252 3236//3252 517//3252
f 774//3253 3235//3253 3236//3253
f 473//3254 1048//3254 3035//3254
f 1971//3255 3246//3255 3247//3255
f 1971//3256 1970//3256 3246//3256
f 2824//3257 229//3257 602//3257
f 2824//3258 1971//3258 229//3258
f 2827//3259 2549//3259 1360//3259
f 2243//3260 799//3260 2827//3260
f 2360//3261 2987//3261 2367//3261
f 2366//3262 2360//3262 2367//3262
f 895//3263 1794//3263 3306//3263
f 57//3264 2218//3264 58//3264
f 2059//3265 2058//3265 1908//3265
f 189//3266 325//3266 324//3266
f 1898//3267 2436//3267 2437//3267
f 3332//3268 2436//3268 1898//3268
f 1095//3269 526//3269 3091//3269
f 1249//3270 2852//3270 68//3270
f 2466//3271 1343//3271 1744//3271
f 1343//3272 1344//3272 1744//3272
f 1338//3273 2212//3273 1866//3273
f 1866//3274 2212//3274 2736//3274
f 966//3275 3272//3275 965//3275
f 3086//3276 372//3276 371//3276
f 966//3277 1331//3277 3137//3277
f 2530//3278 869//3278 1725//3278
f 1725//3279 21//3279 2530//3279
f 2238//3280 1029//3280 1678//3280
f 1961//3281 1029//3281 2238//3281
f 2053//3282 289//3282 2054//3282
f 2713//3283 2990//3283 292//3283
f 3231//3284 912//3284 3210//3284
f 3231//3285 3376//3285 3212//3285
f 2448//3286 2779//3286 1814//3286
f 3210//3287 915//3287 3376//3287
f 3210//3288 3376//3288 3231//3288
f 799//3289 2109//3289 3379//3289
f 2109//3290 2802//3290 3379//3290
f 1261//3291 2535//3291 15//3291
f 2432//3292 189//3292 2977//3292
f 1617//3293 3144//3293 1088//3293
f 3034//3294 3144//3294 1617//3294
f 2939//3295 1159//3295 98//3295
f 1366//3296 3045//3296 2831//3296
f 3112//3297 983//3297 3111//3297
f 1988//3298 2048//3298 1989//3298
f 2914//3299 3275//3299 349//3299
f 2204//3300 2205//3300 1847//3300
f 2204//3301 1847//3301 2724//3301
f 1497//3302 2794//3302 100//3302
f 3215//3303 1944//3303 443//3303
f 634//3304 1730//3304 1731//3304
f 497//3305 594//3305 593//3305
f 2208//3306 497//3306 593//3306
f 2125//3307 2126//3307 1491//3307
f 3113//3308 751//3308 741//3308
f 2973//3309 2493//3309 2119//3309
f 1170//3310 2163//3310 1178//3310
f 3152//3311 1905//3311 2229//3311
f 3152//3312 1906//3312 1905//3312
f 1637//3313 2968//3313 2313//3313
f 440//3314 442//3314 1406//3314
f 2157//3315 567//3315 2156//3315
f 1641//3316 3289//3316 1349//3316
f 2806//3317 2807//3317 739//3317
f 2807//3318 805//3318 3227//3318
f 239//3319 240//3319 1283//3319
f 752//3320 1411//3320 740//3320
f 3027//3321 1456//3321 1201//3321
f 3027//3322 1186//3322 1456//3322
f 602//3323 804//3323 3292//3323
f 229//3324 578//3324 602//3324
f 2388//3325 2950//3325 2389//3325
f 1784//3326 2950//3326 2388//3326
f 1365//3327 3101//3327 2540//3327
f 1362//3328 618//3328 1490//3328
f 1362//3329 617//3329 618//3329
f 690//3330 233//3330 689//3330
f 351//3331 716//3331 2196//3331
f 2595//3332 351//3332 2199//3332
f 1457//3333 382//3333 3286//3333
f 716//3334 351//3334 2595//3334
f 3168//3335 902//3335 2577//3335
f 573//3336 2454//3336 2093//3336
f 970//3337 972//3337 1728//3337
f 2455//3338 1413//3338 2454//3338
f 573//3339 2455//3339 2454//3339
f 850//3340 851//3340 848//3340
f 850//3341 435//3341 3392//3341
f 3385//3342 956//3342 659//3342
f 1661//3343 932//3343 1660//3343
f 1173//3344 2998//3344 1308//3344
f 3258//3345 2363//3345 2278//3345
f 2278//3346 2363//3346 3333//3346
f 1691//3347 1690//3347 101//3347
f 2580//3348 1690//3348 2858//3348
f 2573//3349 2096//3349 3158//3349
f 2773//3350 1731//3350 2587//3350
f 2687//3351 1969//3351 524//3351
f 3102//3352 1468//3352 463//3352
f 1879//3353 3251//3353 275//3353
f 1860//3354 645//3354 1861//3354
f 2111//3355 1265//3355 1259//3355
f 1394//3356 2769//3356 1395//3356
f 940//3357 2355//3357 2947//3357
f 2355//3358 990//3358 2947//3358
f 3216//3359 1886//3359 2864//3359
f 1196//3360 2907//3360 402//3360
f 1147//3361 1668//3361 1589//3361
f 2335//3362 1200//3362 1925//3362
f 2374//3363 2371//3363 2659//3363
f 2371//3364 2374//3364 2376//3364
f 1839//3365 2801//3365 2799//3365
f 3074//3366 1167//3366 1168//3366
f 3074//3367 1168//3367 2673//3367
f 1022//3368 178//3368 2829//3368
f 518//3369 517//3369 1084//3369
f 1919//3370 3394//3370 3181//3370
f 1248//3371 2275//3371 3018//3371
f 623//3372 2261//3372 2258//3372
f 500//3373 532//3373 2507//3373
f 2507//3374 501//3374 500//3374
f 323//3375 1695//3375 2857//3375
f 2067//3376 2069//3376 2268//3376
f 2379//3377 637//3377 2284//3377
f 2726//3378 2817//3378 1072//3378
f 3004//3379 550//3379 2250//3379
f 3142//3380 901//3380 217//3380
f 319//3381 318//3381 2133//3381
f 2435//3382 1900//3382 2191//3382
f 2435//3383 1901//3383 1900//3383
f 2516//3384 1055//3384 3016//3384
f 305//3385 1055//3385 304//3385
f 426//3386 1779//3386 3214//3386
f 1748//3387 2591//3387 157//3387
f 2741//3388 1467//3388 343//3388
f 1850//3389 3041//3389 3040//3389
f 1766//3390 3040//3390 241//3390
f 1241//3391 1155//3391 613//3391
f 613//3392 2848//3392 1241//3392
f 2755//3393 1121//3393 1462//3393
f 1209//3394 1211//3394 3395//3394
f 1113//3395 1496//3395 1211//3395
f 2503//3396 2502//3396 3396//3396
f 1829//3397 482//3397 1827//3397
f 148//3398 1827//3398 482//3398
f 3131//3399 885//3399 3191//3399
f 1409//3400 1408//3400 1410//3400
f 26//3401 27//3401 2893//3401
f 2350//3402 2290//3402 1680//3402
f 2897//3403 2898//3403 2350//3403
f 442//3404 1407//3404 1406//3404
f 442//3405 2373//3405 1407//3405
f 1532//3406 1775//3406 898//3406
f 2544//3407 1188//3407 1189//3407
f 2544//3408 1189//3408 2249//3408
f 2911//3409 2597//3409 1170//3409
f 2163//3410 1170//3410 2597//3410
f 2411//3411 3203//3411 3101//3411
f 2409//3412 1870//3412 3156//3412
f 459//3413 3242//3413 3243//3413
f 1224//3414 3242//3414 459//3414
f 1224//3415 459//3415 1770//3415
f 2467//3416 2244//3416 2466//3416
f 3041//3417 1483//3417 1025//3417
f 2693//3418 1784//3418 837//3418
f 1652//3419 1658//3419 907//3419
f 3174//3420 2609//3420 3175//3420
f 2813//3421 298//3421 2322//3421
f 298//3422 2320//3422 2322//3422
f 1874//3423 1059//3423 523//3423
f 2687//3424 524//3424 2683//3424
f 3140//3425 225//3425 283//3425
f 457//3426 3283//3426 1330//3426
f 384//3427 2304//3427 2788//3427
f 237//3428 1682//3428 1671//3428
f 2288//3429 2287//3429 3361//3429
f 1819//3430 2067//3430 1817//3430
f 675//3431 2070//3431 1819//3431
f 1590//3432 1589//3432 2750//3432
f 1037//3433 3390//3433 2473//3433
f 3249//3434 1867//3434 833//3434
f 352//3435 536//3435 537//3435
f 2841//3436 200//3436 1126//3436
f 3355//3437 2051//3437 1312//3437
f 284//3438 286//3438 1454//3438
f 1275//3439 41//3439 3397//3439
f 3397//3440 388//3440 1275//3440
f 388//3441 103//3441 1275//3441
f 675//3442 2988//3442 1244//3442
f 675//3443 1244//3443 2068//3443
f 1298//3444 3209//3444 3296//3444
f 1807//3445 2889//3445 22//3445
f 3168//3446 676//3446 328//3446
f 2867//3447 2866//3447 3006//3447
f 2318//3448 1735//3448 3314//3448
f 1541//3449 1293//3449 1292//3449
f 1541//3450 183//3450 1293//3450
f 3350//3451 588//3451 1983//3451
f 2158//3452 448//3452 681//3452
f 2439//3453 2344//3453 460//3453
f 3221//3454 3132//3454 3131//3454
f 1811//3455 849//3455 1236//3455
f 1236//3456 849//3456 1235//3456
f 508//3457 1517//3457 509//3457
f 542//3458 2398//3458 543//3458
f 1390//3459 1576//3459 2137//3459
f 3122//3460 2972//3460 1954//3460
f 3122//3461 347//3461 2972//3461
f 2623//3462 2429//3462 234//3462
f 2568//3463 907//3463 3007//3463
f 3071//3464 2973//3464 2996//3464
f 77//3465 2973//3465 3071//3465
f 1149//3466 869//3466 372//3466
f 3312//3467 1432//3467 1028//3467
f 1028//3468 1432//3468 1080//3468
f 897//3469 743//3469 1140//3469
f 743//3470 897//3470 744//3470
f 2096//3471 2573//3471 2572//3471
f 2886//3472 2775//3472 444//3472
f 2599//3473 3113//3473 194//3473
f 3178//3474 1012//3474 2015//3474
f 2014//3475 3178//3475 2015//3475
f 2442//3476 1306//3476 2675//3476
f 3163//3477 2600//3477 3164//3477
f 295//3478 296//3478 31//3478
f 3346//3479 3400//3479 3198//3479
f 2815//3480 3164//3480 3346//3480
f 2402//3481 491//3481 492//3481
f 1057//3482 1056//3482 2171//3482
f 2171//3483 1056//3483 2582//3483
f 1684//3484 192//3484 1243//3484
f 192//3485 2029//3485 1243//3485
f 1490//3486 618//3486 2235//3486
f 3166//3487 2146//3487 2018//3487
f 3124//3488 1523//3488 1451//3488
f 571//3489 1451//3489 1523//3489
f 1566//3490 109//3490 2330//3490
f 2172//3491 3175//3491 2173//3491
f 2090//3492 2091//3492 228//3492
f 2090//3493 228//3493 2687//3493
f 797//3494 2891//3494 798//3494
f 1702//3495 3054//3495 2707//3495
f 2858//3496 231//3496 232//3496
f 501//3497 1914//3497 1913//3497
f 501//3498 2507//3498 1914//3498
f 2118//3499 1641//3499 1045//3499
f 3033//3500 185//3500 570//3500
f 1157//3501 1163//3501 3109//3501
f 687//3502 688//3502 879//3502
f 1752//3503 1539//3503 496//3503
f 2531//3504 2540//3504 1832//3504
f 2782//3505 2781//3505 2784//3505
f 2961//3506 2963//3506 2962//3506
f 2005//3507 811//3507 1109//3507
f 1919//3508 1920//3508 3394//3508
f 2691//3509 3064//3509 1218//3509
f 2464//3510 155//3510 1223//3510
f 2023//3511 547//3511 2899//3511
f 3192//3512 2023//3512 3004//3512
f 633//3513 880//3513 3103//3513
f 2615//3514 95//3514 1685//3514
f 247//3515 2655//3515 248//3515
f 1851//3516 1280//3516 1279//3516
f 1279//3517 1280//3517 2938//3517
f 1964//3518 2481//3518 96//3518
f 95//3519 1964//3519 96//3519
f 1280//3520 1282//3520 2938//3520
f 3305//3521 1254//3521 2738//3521
f 2897//3522 2350//3522 1680//3522
f 366//3523 2835//3523 960//3523
f 839//3524 1555//3524 1556//3524
f 839//3525 1547//3525 1555//3525
f 1195//3526 2649//3526 2544//3526
f 3165//3527 1289//3527 2031//3527
f 2755//3528 1462//3528 1116//3528
f 439//3529 2755//3529 1116//3529
f 1082//3530 3331//3530 2991//3530
f 1093//3531 1082//3531 3402//3531
f 2457//3532 1849//3532 1716//3532
f 1849//3533 1717//3533 1716//3533
f 580//3534 867//3534 866//3534
f 1299//3535 2475//3535 557//3535
f 3057//3536 3181//3536 2087//3536
f 1015//3537 1981//3537 3302//3537
f 726//3538 2477//3538 2864//3538
f 1979//3539 841//3539 2123//3539
f 2084//3540 581//3540 580//3540
f 581//3541 2084//3541 187//3541
f 213//3542 1014//3542 2313//3542
f 2313//3543 1014//3543 1637//3543
f 2227//3544 3310//3544 2228//3544
f 202//3545 812//3545 2254//3545
f 1260//3546 343//3546 1473//3546
f 2774//3547 2587//3547 2583//3547
f 861//3548 3075//3548 2953//3548
f 451//3549 861//3549 452//3549
f 2085//3550 3033//3550 1428//3550
f 1624//3551 1718//3551 2443//3551
f 2153//3552 791//3552 2154//3552
f 47//3553 1995//3553 2405//3553
f 1042//3554 2777//3554 3262//3554
f 1995//3555 1994//3555 1992//3555
f 2851//3556 2893//3556 3146//3556
f 1699//3557 3383//3557 3382//3557
f 1699//3558 1383//3558 2894//3558
f 1440//3559 2893//3559 1441//3559
f 1160//3560 2620//3560 561//3560
f 2464//3561 561//3561 2620//3561
f 541//3562 1894//3562 1374//3562
f 801//3563 1128//3563 802//3563
f 1895//3564 1894//3564 541//3564
f 1610//3565 2258//3565 2260//3565
f 513//3566 699//3566 1443//3566
f 58//3567 2217//3567 2341//3567
f 845//3568 2341//3568 1281//3568
f 733//3569 1997//3569 730//3569
f 1599//3570 733//3570 730//3570
f 730//3571 2636//3571 731//3571
f 1788//3572 2017//3572 1787//3572
f 2598//3573 751//3573 3113//3573
f 1308//3574 2428//3574 1309//3574
f 3020//3575 2147//3575 1583//3575
f 2342//3576 1429//3576 1393//3576
f 2804//3577 3403//3577 91//3577
f 3403//3578 2804//3578 2803//3578
f 22//3579 2889//3579 2098//3579
f 872//3580 196//3580 195//3580
f 2821//3581 196//3581 872//3581
f 3234//3582 2321//3582 2320//3582
f 1865//3583 418//3583 3299//3583
f 3257//3584 2102//3584 2101//3584
f 2722//3585 1568//3585 2527//3585
f 2642//3586 1568//3586 2722//3586
f 2397//3587 1435//3587 2396//3587
f 1615//3588 1616//3588 3129//3588
f 3068//3589 1616//3589 1615//3589
f 2273//3590 1839//3590 1466//3590
f 1839//3591 2273//3591 2551//3591
f 1231//3592 2513//3592 259//3592
f 914//3593 377//3593 379//3593
f 2155//3594 2417//3594 115//3594
f 2432//3595 2977//3595 864//3595
f 903//3596 388//3596 3397//3596
f 903//3597 787//3597 904//3597
f 2878//3598 73//3598 72//3598
f 995//3599 2878//3599 72//3599
f 2008//3600 1396//3600 2007//3600
f 1304//3601 448//3601 2512//3601
f 2970//3602 3094//3602 3233//3602
f 2970//3603 3172//3603 3032//3603
f 1375//3604 782//3604 2271//3604
f 2531//3605 1725//3605 1364//3605
f 1047//3606 3088//3606 800//3606
f 64//3607 1397//3607 2497//3607
f 1397//3608 64//3608 3192//3608
f 1175//3609 126//3609 1723//3609
f 2720//3610 2905//3610 2906//3610
f 1606//3611 858//3611 938//3611
f 988//3612 2762//3612 989//3612
f 119//3613 786//3613 117//3613
f 1773//3614 119//3614 117//3614
f 1317//3615 2710//3615 907//3615
f 3255//3616 3107//3616 815//3616
f 3255//3617 815//3617 814//3617
f 478//3618 2230//3618 817//3618
f 2026//3619 246//3619 964//3619
f 478//3620 817//3620 2719//3620
f 955//3621 2719//3621 953//3621
f 2195//3622 1373//3622 2826//3622
f 1970//3623 2195//3623 2826//3623
f 1379//3624 57//3624 1346//3624
f 2338//3625 561//3625 835//3625
f 835//3626 561//3626 562//3626
f 3242//3627 505//3627 1225//3627
f 505//3628 506//3628 1868//3628
f 2553//3629 2463//3629 2461//3629
f 1762//3630 1764//3630 496//3630
f 1972//3631 1973//3631 51//3631
f 3284//3632 51//3632 1973//3632
f 1494//3633 1492//3633 1493//3633
f 2611//3634 1610//3634 3245//3634
f 169//3635 1656//3635 1559//3635
f 2186//3636 3388//3636 105//3636
f 447//3637 2395//3637 169//3637
f 447//3638 2394//3638 2395//3638
f 3175//3639 159//3639 161//3639
f 159//3640 3175//3640 2609//3640
f 29//3641 2202//3641 333//3641
f 333//3642 2202//3642 2201//3642
f 2930//3643 1112//3643 3133//3643
f 1210//3644 2930//3644 3133//3644
f 848//3645 851//3645 2763//3645
f 3222//3646 3223//3646 973//3646
f 41//3647 2459//3647 2823//3647
f 2042//3648 2041//3648 2908//3648
f 1710//3649 317//3649 3014//3649
f 2445//3650 970//3650 969//3650
f 2445//3651 969//3651 1193//3651
f 957//3652 956//3652 3107//3652
f 3254//3653 2203//3653 712//3653
f 3322//3654 712//3654 2203//3654
f 3030//3655 253//3655 2236//3655
f 180//3656 1614//3656 2588//3656
f 2779//3657 283//3657 1814//3657
f 2730//3658 1391//3658 527//3658
f 2732//3659 2733//3659 2328//3659
f 448//3660 1491//3660 1499//3660
f 505//3661 1232//3661 506//3661
f 3123//3662 3087//3662 853//3662
f 922//3663 1401//3663 2325//3663
f 602//3664 578//3664 2887//3664
f 3201//3665 1659//3665 1190//3665
f 1645//3666 2110//3666 3022//3666
f 1387//3667 3037//3667 1388//3667
f 2727//3668 262//3668 2385//3668
f 1099//3669 1907//3669 90//3669
f 1538//3670 1537//3670 423//3670
f 94//3671 516//3671 3363//3671
f 94//3672 2650//3672 93//3672
f 2135//3673 281//3673 3412//3673
f 281//3674 2135//3674 3362//3674
f 2080//3675 1572//3675 1564//3675
f 1281//3676 692//3676 1282//3676
f 1281//3677 1450//3677 692//3677
f 1078//3678 3166//3678 1079//3678
f 793//3679 575//3679 1412//3679
f 793//3680 1412//3680 664//3680
f 1059//3681 1060//3681 985//3681
f 3016//3682 1053//3682 2303//3682
f 1144//3683 1381//3683 1698//3683
f 1144//3684 1384//3684 1381//3684
f 1384//3685 3281//3685 1382//3685
f 1384//3686 1382//3686 1381//3686
f 2430//3687 1185//3687 3340//3687
f 3407//3688 600//3688 2689//3688
f 457//3689 1330//3689 1504//3689
f 266//3690 267//3690 3105//3690
f 3105//3691 267//3691 457//3691
f 474//3692 2376//3692 374//3692
f 474//3693 374//3693 375//3693
f 666//3694 1076//3694 1546//3694
f 666//3695 2688//3695 1076//3695
f 2659//3696 2371//3696 2660//3696
f 1166//3697 2644//3697 946//3697
f 832//3698 2387//3698 2433//3698
f 1879//3699 2413//3699 1556//3699
f 1937//3700 402//3700 3121//3700
f 2395//3701 3321//3701 2640//3701
f 3291//3702 3051//3702 3343//3702
f 2754//3703 509//3703 3291//3703
f 2010//3704 952//3704 960//3704
f 1325//3705 1326//3705 118//3705
f 830//3706 1550//3706 2//3706
f 3215//3707 941//3707 1371//3707
f 3215//3708 1371//3708 1944//3708
f 798//3709 146//3709 1356//3709
f 1068//3710 3408//3710 1066//3710
f 3408//3711 1069//3711 1066//3711
f 3204//3712 878//3712 1399//3712
f 945//3713 947//3713 62//3713
f 1505//3714 1330//3714 269//3714
f 269//3715 2684//3715 1505//3715
f 1347//3716 3062//3716 3116//3716
f 2343//3717 2342//3717 1769//3717
f 2051//3718 1837//3718 1312//3718
f 605//3719 1312//3719 1837//3719
f 1429//3720 2342//3720 2343//3720
f 910//3721 911//3721 1771//3721
f 984//3722 1461//3722 2680//3722
f 2461//3723 2462//3723 2092//3723
f 3270//3724 3271//3724 3070//3724
f 2753//3725 1445//3725 1520//3725
f 1518//3726 1520//3726 1445//3726
f 1441//3727 2893//3727 797//3727
f 2893//3728 2891//3728 797//3728
f 2007//3729 2245//3729 1394//3729
f 2769//3730 1394//3730 2245//3730
f 1407//3731 1433//3731 1403//3731
f 1407//3732 2373//3732 1433//3732
f 2537//3733 825//3733 824//3733
f 2537//3734 824//3734 1131//3734
f 1391//3735 1393//3735 1392//3735
f 325//3736 2432//3736 2431//3736
f 3340//3737 325//3737 2431//3737
f 679//3738 905//3738 680//3738
f 905//3739 470//3739 680//3739
f 2796//3740 2152//3740 128//3740
f 2782//3741 1486//3741 34//3741
f 2784//3742 1486//3742 2782//3742
f 1859//3743 999//3743 1799//3743
f 3245//3744 1609//3744 390//3744
f 740//3745 1960//3745 751//3745
f 1960//3746 740//3746 3307//3746
f 2556//3747 590//3747 3404//3747
f 3295//3748 2556//3748 3404//3748
f 584//3749 1449//3749 1465//3749
f 2882//3750 588//3750 1017//3750
f 3020//3751 2678//3751 3125//3751
f 3109//3752 1163//3752 26//3752
f 1200//3753 396//3753 398//3753
f 1438//3754 1200//3754 398//3754
f 3277//3755 566//3755 3083//3755
f 566//3756 2624//3756 3083//3756
f 218//3757 2380//3757 2372//3757
f 1767//3758 1869//3758 1867//3758
f 812//3759 2661//3759 1387//3759
f 1908//3760 2058//3760 1366//3760
f 1650//3761 1649//3761 3224//3761
f 3224//3762 1657//3762 1650//3762
f 302//3763 1657//3763 1916//3763
f 85//3764 1289//3764 1290//3764
f 2669//3765 1415//3765 2670//3765
f 2246//3766 1415//3766 2247//3766
f 2593//3767 1103//3767 1105//3767
f 1944//3768 449//3768 2728//3768
f 2822//3769 1337//3769 195//3769
f 3232//3770 1337//3770 2822//3770
f 2628//3771 2629//3771 796//3771
f 1978//3772 1094//3772 2992//3772
f 1094//3773 366//3773 2992//3773
f 394//3774 2586//3774 3306//3774
f 495//3775 2292//3775 2291//3775
f 1737//3776 1836//3776 1071//3776
f 630//3777 2959//3777 1874//3777
f 2182//3778 2982//3778 2175//3778
f 2178//3779 2182//3779 2175//3779
f 2795//3780 2924//3780 2925//3780
f 2034//3781 2865//3781 2868//3781
f 600//3782 3278//3782 2690//3782
f 2638//3783 952//3783 1073//3783
f 769//3784 130//3784 1289//3784
f 2236//3785 2241//3785 2078//3785
f 108//3786 3134//3786 2675//3786
f 106//3787 108//3787 2675//3787
f 1448//3788 256//3788 499//3788
f 694//3789 1352//3789 1584//3789
f 2438//3790 1707//3790 1708//3790
f 460//3791 1707//3791 2438//3791
f 1524//3792 1448//3792 499//3792
f 2718//3793 879//3793 1367//3793
f 2718//3794 687//3794 879//3794
f 516//3795 2734//3795 515//3795
f 468//3796 1781//3796 2450//3796
f 1395//3797 516//3797 515//3797
f 1734//3798 1098//3798 2811//3798
f 918//3799 917//3799 537//3799
f 2136//3800 3373//3800 353//3800
f 1468//3801 1467//3801 2741//3801
f 705//3802 1698//3802 341//3802
f 705//3803 341//3803 2556//3803
f 3227//3804 739//3804 2807//3804
f 739//3805 3227//3805 1950//3805
f 1599//3806 730//3806 729//3806
f 2969//3807 1789//3807 1192//3807
f 1789//3808 875//3808 1192//3808
f 3047//3809 2255//3809 3294//3809
f 3073//3810 2427//3810 2854//3810
f 2652//3811 2656//3811 2657//3811
f 267//3812 801//3812 2869//3812
f 499//3813 2211//3813 1525//3813
f 638//3814 1619//3814 639//3814
f 639//3815 1817//3815 2268//3815
f 3//3816 1334//3816 1630//3816
f 2336//3817 1554//3817 1968//3817
f 332//3818 3206//3818 1266//3818
f 1008//3819 3206//3819 332//3819
f 2707//3820 3054//3820 401//3820
f 2708//3821 2707//3821 401//3821
f 532//3822 1742//3822 3147//3822
f 1742//3823 1741//3823 3147//3823
f 265//3824 2406//3824 2000//3824
f 1713//3825 264//3825 1712//3825
f 1600//3826 3393//3826 3318//3826
f 1222//3827 2055//3827 1223//3827
f 1222//3828 2053//3828 2055//3828
f 1613//3829 904//3829 788//3829
f 3393//3830 3118//3830 1481//3830
f 3393//3831 1481//3831 1574//3831
f 681//3832 448//3832 1304//3832
f 1480//3833 1625//3833 1627//3833
f 1560//3834 976//3834 1558//3834
f 461//3835 462//3835 33//3835
f 82//3836 309//3836 1291//3836
f 1752//3837 1751//3837 1536//3837
f 2912//3838 620//3838 2116//3838
f 615//3839 2961//3839 1903//3839
f 615//3840 3378//3840 2961//3840
f 149//3841 1830//3841 148//3841
f 616//3842 2276//3842 3378//3842
f 3378//3843 615//3843 616//3843
f 149//3844 1510//3844 1830//3844
f 1107//3845 2035//3845 2037//3845
f 535//3846 946//3846 948//3846
f 1974//3847 1267//3847 2071//3847
f 2388//3848 1459//3848 1784//3848
f 2714//3849 1101//3849 2791//3849
f 1673//3850 1101//3850 2714//3850
f 1896//3851 1374//3851 2560//3851
f 1896//3852 2560//3852 531//3852
f 2701//3853 1463//3853 2702//3853
f 3377//3854 36//3854 936//3854
f 2748//3855 175//3855 2747//3855
f 2548//3856 2444//3856 2443//3856
f 1573//3857 2694//3857 2693//3857
f 2693//3858 2694//3858 1784//3858
f 979//3859 978//3859 467//3859
f 2933//3860 1062//3860 2934//3860
f 2934//3861 180//3861 2933//3861
f 2952//3862 2951//3862 1810//3862
f 302//3863 2135//3863 2414//3863
f 302//3864 2414//3864 2321//3864
f 2920//3865 1687//3865 423//3865
f 458//3866 513//3866 1443//3866
f 307//3867 1437//3867 2564//3867
f 2626//3868 1825//3868 771//3868
f 2625//3869 1826//3869 1825//3869
f 1701//3870 2707//3870 2708//3870
f 731//3871 3208//3871 1791//3871
f 2792//3872 357//3872 2102//3872
f 1522//3873 2792//3873 2102//3873
f 3265//3874 1500//3874 1501//3874
f 1239//3875 2929//3875 1240//3875
f 241//3876 3040//3876 2645//3876
f 122//3877 1975//3877 120//3877
f 2521//3878 1646//3878 2598//3878
f 1646//3879 2521//3879 1806//3879
f 1437//3880 1780//3880 426//3880
f 312//3881 1797//3881 313//3881
f 671//3882 360//3882 678//3882
f 2006//3883 2011//3883 2000//3883
f 2509//3884 3138//3884 2852//3884
f 90//3885 2183//3885 2184//3885
f 2183//3886 90//3886 1501//3886
f 2133//3887 1684//3887 3280//3887
f 2518//3888 845//3888 1850//3888
f 2518//3889 2340//3889 845//3889
f 955//3890 3385//3890 3384//3890
f 803//3891 842//3891 1422//3891
f 803//3892 1422//3892 2871//3892
f 2286//3893 466//3893 1008//3893
f 359//3894 466//3894 2286//3894
f 1842//3895 2901//3895 2225//3895
f 2225//3896 2901//3896 46//3896
f 2928//3897 1805//3897 2579//3897
f 1805//3898 3293//3898 2579//3898
f 767//3899 1011//3899 622//3899
f 767//3900 622//3900 1003//3900
f 2533//3901 1309//3901 2534//3901
f 2534//3902 1309//3902 74//3902
f 1980//3903 1015//3903 3163//3903
f 3163//3904 1015//3904 2600//3904
f 1909//3905 2304//3905 3139//3905
f 3337//3906 1628//3906 1629//3906
f 2876//3907 1748//3907 1749//3907
f 224//3908 223//3908 3082//3908
f 2627//3909 1826//3909 2625//3909
f 2331//3910 2676//3910 888//3910
f 2415//3911 79//3911 78//3911
f 2381//3912 183//3912 1812//3912
f 1897//3913 1380//3913 3352//3913
f 1620//3914 3145//3914 1619//3914
f 1618//3915 3145//3915 1620//3915
f 2874//3916 1293//3916 2485//3916
f 1199//3917 1554//3917 273//3917
f 2030//3918 1928//3918 56//3918
f 56//3919 3165//3919 2031//3919
f 1310//3920 2533//3920 1544//3920
f 2621//3921 3141//3921 3182//3921
f 3154//3922 2188//3922 2179//3922
f 1004//3923 647//3923 3214//3923
f 2823//3924 2639//3924 361//3924
f 2515//3925 603//3925 2514//3925
f 2269//3926 2262//3926 1561//3926
f 1633//3927 151//3927 3377//3927
f 936//3928 1633//3928 3377//3928
f 2390//3929 2392//3929 2113//3929
f 2113//3930 2392//3930 2114//3930
f 151//3931 1635//3931 579//3931
f 1633//3932 1635//3932 151//3932
f 425//3933 2590//3933 1145//3933
f 2027//3934 2033//3934 2032//3934
f 32//3935 1718//3935 3008//3935
f 2443//3936 1718//3936 32//3936
f 100//3937 182//3937 12//3937
f 2794//3938 1363//3938 182//3938
f 3168//3939 328//3939 329//3939
f 125//3940 1932//3940 1924//3940
f 1933//3941 1782//3941 2975//3941
f 1782//3942 1781//3942 2976//3942
f 2975//3943 1782//3943 2976//3943
f 1740//3944 432//3944 490//3944
f 3130//3945 1777//3945 1164//3945
f 394//3946 3306//3946 1794//3946
f 156//3947 612//3947 614//3947
f 1111//3948 349//3948 1112//3948
f 157//3949 2721//3949 1747//3949
f 3//3950 2443//3950 2444//3950
f 12//3951 467//3951 1782//3951
f 2140//3952 1035//3952 2400//3952
f 1034//3953 2400//3953 1035//3953
f 1927//3954 733//3954 3374//3954
f 733//3955 1927//3955 1997//3955
f 326//3956 2732//3956 599//3956
f 327//3957 326//3957 599//3957
f 1036//3958 2238//3958 1678//3958
f 781//3959 1872//3959 1664//3959
f 1664//3960 1872//3960 1665//3960
f 3085//3961 2417//3961 2155//3961
f 1525//3962 2211//3962 1428//3962
f 296//3963 525//3963 30//3963
f 337//3964 336//3964 2214//3964
f 1107//3965 2043//3965 2035//3965
f 2496//3966 1776//3966 2567//3966
f 2567//3967 1776//3967 446//3967
f 3017//3968 1078//3968 1079//3968
f 1488//3969 1078//3969 3017//3969
f 1254//3970 1253//3970 674//3970
f 2275//3971 2509//3971 1249//3971
f 1472//3972 681//3972 715//3972
f 715//3973 681//3973 2511//3973
f 2179//3974 2177//3974 1935//3974
f 3270//3975 1150//3975 1593//3975
f 3070//3976 1150//3976 3270//3976
f 1186//3977 2526//3977 1183//3977
f 1186//3978 1183//3978 1456//3978
f 1470//3979 1151//3979 1150//3979
f 20//3980 1369//3980 2717//3980
f 2717//3981 891//3981 20//3981
f 2217//3982 693//3982 1450//3982
f 1450//3983 693//3983 692//3983
f 2403//3984 2404//3984 2669//3984
f 991//3985 1528//3985 2366//3985
f 1528//3986 2368//3986 2366//3986
f 1021//3987 2206//3987 2205//3987
f 198//3988 197//3988 841//3988
f 198//3989 841//3989 1977//3989
f 1622//3990 1630//3990 1335//3990
f 5//3991 4//3991 470//3991
f 470//3992 4//3992 2849//3992
f 3325//3993 1242//3993 2936//3993
f 3325//3994 2936//3994 3326//3994
f 2163//3995 2162//3995 1178//3995
f 136//3996 328//3996 1416//3996
f 589//3997 590//3997 135//3997
f 3173//3998 3336//3998 551//3998
f 2888//3999 3157//3999 819//3999
f 2756//4000 3157//4000 2888//4000
f 1125//4001 1130//4001 3225//4001
f 1129//4002 1130//4002 1125//4002
f 2064//4003 206//4003 1668//4003
f 2065//4004 206//4004 2064//4004
f 2863//4005 3124//4005 1451//4005
f 2932//4006 3124//4006 2863//4006
f 2517//4007 1396//4007 317//4007
f 2628//4008 1220//4008 1440//4008
f 555//4009 1440//4009 1220//4009
f 597//4010 3314//4010 598//4010
f 3136//4011 3042//4011 2767//4011
f 3042//4012 3136//4012 2231//4012
f 3335//4013 820//4013 1417//4013
f 3216//4014 1318//4014 2317//4014
f 1318//4015 1317//4015 2317//4015
f 765//4016 205//4016 1336//4016
f 1869//4017 834//4017 1643//4017
f 3205//4018 139//4018 2819//4018
f 3148//4019 2899//4019 546//4019
f 39//4020 2080//4020 874//4020
f 975//4021 1424//4021 1629//4021
f 260//4022 1424//4022 975//4022
f 2586//4023 3405//4023 2979//4023
f 2586//4024 2979//4024 3306//4024
f 3129//4025 3391//4025 102//4025
f 102//4026 3391//4026 2922//4026
f 2912//4027 766//4027 768//4027
f 2621//4028 2914//4028 348//4028
f 3386//4029 2621//4029 348//4029
f 3026//4030 1363//4030 2787//4030
f 1151//4031 40//4031 230//4031
f 2929//4032 2134//4032 2161//4032
f 2071//4033 45//4033 2073//4033
f 1545//4034 2677//4034 2679//4034
f 1283//4035 52//4035 1537//4035
f 1248//4036 483//4036 2880//4036
f 2880//4037 2509//4037 2275//4037
f 1232//4038 258//4038 506//4038
f 2978//4039 1933//4039 2975//4039
f 2887//4040 2422//4040 804//4040
f 602//4041 2887//4041 804//4041
f 155//4042 1222//4042 1223//4042
f 1079//4043 2834//4043 2173//4043
f 461//4044 2780//4044 462//4044
f 901//4045 2492//4045 2377//4045
f 2287//4046 3041//4046 1025//4046
f 903//4047 3397//4047 787//4047
f 787//4048 3397//4048 1187//4048
f 1673//4049 2417//4049 3085//4049
f 1718//4050 3176//4050 1716//4050
f 662//4051 663//4051 2409//4051
f 1405//4052 1404//4052 2404//4052
f 2404//4053 1404//4053 2669//4053
f 1471//4054 2159//4054 2664//4054
f 571//4055 1525//4055 1428//4055
f 811//4056 1998//4056 809//4056
f 3107//4057 956//4057 3106//4057
f 1667//4058 3035//4058 1146//4058
f 1438//4059 720//4059 2964//4059
f 2964//4060 2189//4060 1736//4060
f 2189//4061 2964//4061 2187//4061
f 2065//4062 2064//4062 1148//4062
f 382//4063 282//4063 2779//4063
f 499//4064 256//4064 2211//4064
f 1351//4065 1447//4065 510//4065
f 2426//4066 941//4066 443//4066
f 2723//4067 2722//4067 261//4067
f 260//4068 2723//4068 261//4068
f 3202//4069 483//4069 285//4069
f 1315//4070 1116//4070 1616//4070
f 3069//4071 1315//4071 3068//4071
f 2749//4072 3223//4072 2348//4072
f 2868//4073 2865//4073 2330//4073
f 2482//4074 1887//4074 2563//4074
f 1301//4075 1173//4075 961//4075
f 3068//4076 1612//4076 1611//4076
f 2117//4077 2116//4077 1864//4077
f 814//4078 953//4078 1884//4078
f 1888//4079 814//4079 1884//4079
f 1834//4080 1835//4080 2537//4080
f 2300//4081 1760//4081 1753//4081
f 2843//4082 2227//4082 1131//4082
f 1142//4083 1359//4083 695//4083
f 2265//4084 3118//4084 2879//4084
f 1461//4085 1460//4085 2091//4085
f 2091//4086 1460//4086 577//4086
f 3365//4087 3212//4087 3366//4087
f 707//4088 1152//4088 3281//4088
f 8//4089 1179//4089 2601//4089
f 1179//4090 419//4090 2601//4090
f 911//4091 2030//4091 2031//4091
f 909//4092 641//4092 911//4092
f 2940//4093 1229//4093 2941//4093
f 3315//4094 215//4094 1787//4094
f 215//4095 216//4095 1787//4095
f 1843//4096 3377//4096 720//4096
f 2989//4097 3368//4097 1252//4097
f 1519//4098 1526//4098 1520//4098
f 1321//4099 2555//4099 2185//4099
f 2555//4100 1323//4100 2185//4100
f 599//4101 2328//4101 600//4101
f 2913//4102 2554//4102 2594//4102
f 1936//4103 1937//4103 2474//4103
f 1565//4104 2118//4104 1045//4104
f 534//4105 2151//4105 535//4105
f 3224//4106 1916//4106 1657//4106
f 3224//4107 872//4107 1916//4107
f 1069//4108 3408//4108 1070//4108
f 2567//4109 445//4109 1305//4109
f 2590//4110 347//4110 2622//4110
f 3192//4111 885//4111 2023//4111
f 744//4112 2886//4112 745//4112
f 311//4113 667//4113 170//4113
f 2703//4114 667//4114 311//4114
f 595//4115 2814//4115 986//4115
f 2814//4116 2357//4116 986//4116
f 326//4117 1932//4117 2732//4117
f 1924//4118 1932//4118 326//4118
f 2778//4119 3388//4119 2186//4119
f 386//4120 3274//4120 3335//4120
f 1417//4121 386//4121 3335//4121
f 2402//4122 892//4122 5//4122
f 2402//4123 893//4123 892//4123
f 324//4124 413//4124 189//4124
f 1370//4125 2542//4125 2718//4125
f 1255//4126 2597//4126 1256//4126
f 522//4127 524//4127 1353//4127
f 524//4128 1969//4128 1353//4128
f 1180//4129 271//4129 1181//4129
f 3357//4130 732//4130 491//4130
f 1716//4131 1717//4131 3008//4131
f 1229//4132 3205//4132 2819//4132
f 1019//4133 2954//4133 1993//4133
f 1451//4134 185//4134 2862//4134
f 2862//4135 185//4135 1949//4135
f 2248//4136 2249//4136 1255//4136
f 1974//4137 1975//4137 1267//4137
f 3048//4138 430//4138 153//4138
f 1430//4139 2344//4139 2761//4139
f 629//4140 666//4140 1546//4140
f 133//4141 2150//4141 2149//4141
f 133//4142 2252//4142 2150//4142
f 2083//4143 3411//4143 829//4143
f 3323//4144 1962//4144 310//4144
f 1710//4145 2008//4145 2614//4145
f 3411//4146 1877//4146 829//4146
f 1877//4147 3411//4147 2083//4147
f 3201//4148 996//4148 338//4148
f 338//4149 1177//4149 3201//4149
f 2008//4150 2012//4150 2614//4150
f 3395//4151 1496//4151 1495//4151
f 1745//4152 1744//4152 1344//4152
f 483//4153 2881//4153 2880//4153
f 2881//4154 2510//4154 2880//4154
f 1625//4155 2265//4155 2486//4155
f 1752//4156 496//4156 1764//4156
f 584//4157 1465//4157 142//4157
f 1465//4158 1464//4158 142//4158
f 315//4159 2093//4159 2092//4159
f 2092//4160 2093//4160 1278//4160
f 357//4161 1294//4161 2102//4161
f 1102//4162 1672//4162 3085//4162
f 839//4163 1548//4163 1547//4163
f 58//4164 13//4164 2217//4164
f 58//4165 2218//4165 13//4165
f 1544//4166 2533//4166 2227//4166
f 2460//4167 3151//4167 1272//4167
f 3149//4168 2553//4168 2460//4168
f 1230//4169 138//4169 878//4169
f 2636//4170 1516//4170 731//4170
f 322//4171 1695//4171 323//4171
f 1695//4172 322//4172 2106//4172
f 2943//4173 1395//4173 3128//4173
f 431//4174 2529//4174 1608//4174
f 2309//4175 1498//4175 1957//4175
f 1784//4176 2715//4176 3219//4176
f 1581//4177 930//4177 927//4177
f 1581//4178 927//4178 3273//4178
f 1541//4179 1292//4179 2349//4179
f 1534//4180 2919//4180 2917//4180
f 1534//4181 2917//4181 1535//4181
f 2580//4182 101//4182 1690//4182
f 2580//4183 422//4183 101//4183
f 1815//4184 227//4184 3096//4184
f 3338//4185 353//4185 538//4185
f 538//4186 1089//4186 3338//4186
f 1815//4187 3096//4187 2884//4187
f 1790//4188 894//4188 3012//4188
f 636//4189 2774//4189 2583//4189
f 2133//4190 318//4190 2615//4190
f 436//4191 2778//4191 1323//4191
f 3124//4192 3123//4192 1524//4192
f 2600//4193 1127//4193 3400//4193
f 1524//4194 813//4194 1448//4194
f 828//4195 3241//4195 2025//4195
f 56//4196 2984//4196 1941//4196
f 2241//4197 1070//4197 252//4197
f 2536//4198 832//4198 728//4198
f 834//4199 259//4199 280//4199
f 3340//4200 1185//4200 3407//4200
f 3340//4201 3407//4201 2689//4201
f 325//4202 3340//4202 2689//4202
f 2185//4203 3028//4203 655//4203
f 1856//4204 2129//4204 1590//4204
f 1746//4205 2129//4205 1856//4205
f 355//4206 847//4206 3287//4206
f 593//4207 594//4207 2211//4207
f 1007//4208 2740//4208 2741//4208
f 872//4209 195//4209 1916//4209
f 1916//4210 195//4210 1917//4210
f 242//4211 1503//4211 565//4211
f 1091//4212 1736//4212 2189//4212
f 82//4213 167//4213 2419//4213
f 2899//4214 549//4214 550//4214
f 2985//4215 2326//4215 2631//4215
f 62//4216 2593//4216 63//4216
f 646//4217 653//4217 1792//4217
f 2433//4218 1758//4218 1755//4218
f 274//4219 1511//4219 685//4219
f 689//4220 3109//4220 690//4220
f 2409//4221 3226//4221 1870//4221
f 663//4222 660//4222 2409//4222
f 966//4223 3137//4223 3272//4223
f 1818//4224 675//4224 1819//4224
f 1274//4225 2801//4225 1840//4225
f 1839//4226 1840//4226 2801//4226
f 3063//4227 1220//4227 3064//4227
f 693//4228 2216//4228 692//4228
f 2216//4229 628//4229 692//4229
f 596//4230 734//4230 671//4230
f 734//4231 2063//4231 672//4231
f 1773//4232 141//4232 1774//4232
f 1725//4233 2531//4233 2605//4233
f 3091//4234 526//4234 2043//4234
f 1320//4235 235//4235 1715//4235
f 2224//4236 1320//4236 1715//4236
f 1291//4237 2421//4237 82//4237
f 3283//4238 1329//4238 1330//4238
f 1907//4239 1099//4239 1628//4239
f 2116//4240 620//4240 1864//4240
f 2590//4241 2266//4241 1145//4241
f 2183//4242 2125//4242 1491//4242
f 303//4243 2568//4243 3007//4243
f 303//4244 3007//4244 2569//4244
f 2674//4245 3249//4245 458//4245
f 1932//4246 125//4246 2385//4246
f 968//4247 1915//4247 1917//4247
f 968//4248 1917//4248 364//4248
f 1023//4249 1022//4249 411//4249
f 1589//4250 1668//4250 3119//4250
f 1661//4251 2731//4251 932//4251
f 2724//4252 1847//4252 2314//4252
f 2724//4253 2314//4253 2354//4253
f 2959//4254 308//4254 1058//4254
f 3138//4255 2066//4255 2606//4255
f 49//4256 1990//4256 1963//4256
f 3242//4257 3077//4257 505//4257
f 2548//4258 2443//4258 1754//4258
f 2498//4259 3389//4259 2493//4259
f 3039//4260 2128//4260 3389//4260
f 257//4261 1798//4261 3099//4261
f 3389//4262 2498//4262 3039//4262
f 908//4263 1134//4263 1133//4263
f 820//4264 1134//4264 908//4264
f 603//4265 1376//4265 3357//4265
f 3357//4266 1376//4266 2398//4266
f 1627//4267 3143//4267 25//4267
f 664//4268 1700//4268 793//4268
f 1350//4269 3289//4269 2118//4269
f 1350//4270 1206//4270 3289//4270
f 3053//4271 2305//4271 2672//4271
f 1580//4272 2751//4272 340//4272
f 1225//4273 505//4273 1868//4273
f 91//4274 1848//4274 3188//4274
f 91//4275 3188//4275 2283//4275
f 3269//4276 2796//4276 3297//4276
f 3297//4277 2709//4277 3269//4277
f 1230//4278 370//4278 781//4278
f 2924//4279 2795//4279 3329//4279
f 3329//4280 2795//4280 2538//4280
f 2368//4281 2358//4281 2360//4281
f 1910//4282 2358//4282 2368//4282
f 1011//4283 1010//4283 2561//4283
f 3057//4284 2420//4284 2421//4284
f 597//4285 2328//4285 1931//4285
f 3248//4286 1623//4286 1621//4286
f 2535//4287 2654//4287 482//4287
f 1133//4288 2804//4288 2282//4288
f 1454//4289 3156//4289 1862//4289
f 1037//4290 1074//4290 1100//4290
f 1074//4291 2817//4291 1100//4291
f 776//4292 1563//4292 777//4292
f 2097//4293 2100//4293 70//4293
f 2345//4294 367//4294 2123//4294
f 367//4295 2345//4295 2120//4295
f 2846//4296 353//4296 354//4296
f 3257//4297 2002//4297 916//4297
f 1221//4298 1442//4298 3317//4298
f 2361//4299 490//4299 2762//4299
f 2941//4300 704//4300 703//4300
f 735//4301 2715//4301 2081//4301
f 3148//4302 2134//4302 3280//4302
f 2087//4303 2652//4303 2657//4303
f 2087//4304 3181//4304 2652//4304
f 866//4305 1949//4305 184//4305
f 859//4306 2854//4306 227//4306
f 2323//4307 187//4307 498//4307
f 503//4308 1219//4308 3056//4308
f 1715//4309 503//4309 3056//4309
f 525//4310 2300//4310 30//4310
f 1801//4311 1334//4311 2449//4311
f 2449//4312 2448//4312 1801//4312
f 2448//4313 1814//4313 1801//4313
f 2988//4314 3229//4314 1245//4314
f 2075//4315 2419//4315 3229//4315
f 3209//4316 750//4316 3259//4316
f 3296//4317 3209//4317 3259//4317
f 3067//4318 2091//4318 577//4318
f 228//4319 2091//4319 3067//4319
f 77//4320 3071//4320 3253//4320
f 1054//4321 2181//4321 1044//4321
f 2129//4322 654//4322 1676//4322
f 1831//4323 2881//4323 1828//4323
f 115//4324 37//4324 1409//4324
f 874//4325 1409//4325 37//4325
f 1477//4326 40//4326 1478//4326
f 1676//4327 655//4327 1674//4327
f 1590//4328 1676//4328 1589//4328
f 395//4329 2686//4329 611//4329
f 2686//4330 3360//4330 611//4330
f 1410//4331 1408//4331 873//4331
f 2394//4332 447//4332 2890//4332
f 2394//4333 2890//4333 1563//4333
f 2088//4334 3004//4334 2089//4334
f 3304//4335 596//4335 671//4335
f 2942//4336 2943//4336 3128//4336
f 1723//4337 203//4337 2524//4337
f 2524//4338 1175//4338 1723//4338
f 543//4339 1372//4339 1896//4339
f 2398//4340 1372//4340 543//4340
f 2752//4341 2160//4341 2954//4341
f 1699//4342 2894//4342 3383//4342
f 2894//4343 1001//4343 3383//4343
f 2059//4344 206//4344 2065//4344
f 450//4345 3380//4345 568//4345
f 2714//4346 736//4346 38//4346
f 3002//4347 2021//4347 2022//4347
f 2399//4348 1178//4348 520//4348
f 3250//4349 2452//4349 1550//4349
f 830//4350 3250//4350 1550//4350
f 221//4351 3144//4351 3034//4351
f 1024//4352 3105//4352 1502//4352
f 2648//4353 334//4353 1431//4353
f 1834//4354 201//4354 1835//4354
f 2776//4355 1530//4355 1532//4355
f 3140//4356 3080//4356 226//4356
f 1592//4357 694//4357 2546//4357
f 2546//4358 694//4358 1584//4358
f 3402//4359 1082//4359 2991//4359
f 1338//4360 2401//4360 2212//4360
f 3349//4361 495//4361 3330//4361
f 386//4362 1417//4362 387//4362
f 1240//4363 1155//4363 1241//4363
f 1591//4364 2844//4364 2845//4364
f 2312//4365 2425//4365 2299//4365
f 94//4366 3363//4366 2650//4366
f 471//4367 1711//4367 1241//4367
f 2281//4368 3138//4368 1540//4368
f 1682//4369 2898//4369 2897//4369
f 2898//4370 1682//4370 1669//4370
f 1254//4371 2646//4371 2737//4371
f 2361//4372 988//4372 2359//4372
f 988//4373 2361//4373 2762//4373
f 1332//4374 1722//4374 3187//4374
f 1721//4375 3187//4375 1722//4375
f 2212//4376 2401//4376 769//4376
f 1907//4377 3398//4377 2132//4377
f 1902//4378 477//4378 1117//4378
f 3398//4379 3373//4379 2132//4379
f 2949//4380 2950//4380 596//4380
f 435//4381 221//4381 3034//4381
f 300//4382 511//4382 3123//4382
f 470//4383 2108//4383 680//4383
f 2771//4384 143//4384 2770//4384
f 1421//4385 1958//4385 572//4385
f 817//4386 953//4386 2719//4386
f 175//4387 2748//4387 176//4387
f 176//4388 2748//4388 481//4388
f 1828//4389 2881//4389 483//4389
f 3202//4390 1828//4390 483//4390
f 2813//4391 2322//4391 3050//4391
f 2067//4392 2070//4392 2068//4392
f 2138//4393 140//4393 2139//4393
f 3219//4394 2789//4394 3218//4394
f 1654//4395 2218//4395 57//4395
f 2837//4396 2010//4396 960//4396
f 959//4397 2010//4397 2837//4397
f 2278//4398 3333//4398 254//4398
f 2357//4399 563//4399 43//4399
f 172//4400 582//4400 1449//4400
f 544//4401 543//4401 1896//4401
f 796//4402 798//4402 1141//4402
f 796//4403 1141//4403 2844//4403
f 2876//4404 1749//4404 1499//4404
f 3142//4405 217//4405 441//4405
f 217//4406 219//4406 441//4406
f 2786//4407 2793//4407 2783//4407
f 3065//4408 739//4408 3066//4408
f 739//4409 1951//4409 3066//4409
f 2559//4410 911//4410 641//4410
f 2016//4411 3274//4411 3359//4411
f 2016//4412 2490//4412 2014//4412
f 2853//4413 409//4413 1543//4413
f 2559//4414 642//4414 1772//4414
f 2439//4415 460//4415 2438//4415
f 2735//4416 84//4416 2213//4416
f 194//4417 421//4417 2223//4417
f 2290//4418 2396//4418 1681//4418
f 139//4419 1642//4419 2820//4419
f 17//4420 2820//4420 1642//4420
f 1400//4421 2121//4421 2921//4421
f 2245//4422 2247//4422 2769//4422
f 894//4423 2247//4423 2245//4423
f 2847//4424 1411//4424 752//4424
f 1411//4425 2847//4425 759//4425
f 2004//4426 491//4426 2402//4426
f 3288//4427 1278//4427 1277//4427
f 1909//4428 3139//4428 2686//4428
f 849//4429 2522//4429 1235//4429
f 1576//4430 3318//4430 1574//4430
f 540//4431 2422//4431 1900//4431
f 2220//4432 1762//4432 2264//4432
f 540//4433 1895//4433 541//4433
f 2499//4434 930//4434 1581//4434
f 2499//4435 2047//4435 930//4435
f 450//4436 552//4436 3380//4436
f 783//4437 784//4437 3399//4437
f 53//4438 2699//4438 54//4438
f 1089//4439 3410//4439 2805//4439
f 1437//4440 426//4440 427//4440
f 589//4441 1017//4441 3404//4441
f 2648//4442 1431//4442 2373//4442
f 3000//4443 2784//4443 2781//4443
f 2121//4444 1399//4444 3240//4444
f 906//4445 1613//4445 905//4445
f 2702//4446 439//4446 2700//4446
f 2291//4447 2607//4447 350//4447
f 1624//4448 1623//4448 1718//4448
f 1718//4449 1623//4449 3176//4449
f 410//4450 724//4450 1768//4450
f 2311//4451 660//4451 661//4451
f 2311//4452 899//4452 660//4452
f 3177//4453 395//4453 1802//4453
f 311//4454 55//4454 1194//4454
f 108//4455 747//4455 3134//4455
f 1104//4456 2265//4456 2879//4456
f 855//4457 2434//4457 2529//4457
f 2232//4458 2278//4458 254//4458
f 2233//4459 254//4459 657//4459
f 2669//4460 2948//4460 1415//4460
f 2811//4461 3126//4461 1734//4461
f 3301//4462 1613//4462 906//4462
f 1793//4463 1613//4463 3301//4463
f 2753//4464 1527//4464 1445//4464
f 2753//4465 2754//4465 1527//4465
f 304//4466 2302//4466 1980//4466
f 821//4467 2491//4467 822//4467
f 2347//4468 2749//4468 993//4468
f 3122//4469 1006//4469 1340//4469
f 3239//4470 1513//4470 1515//4470
f 2970//4471 3233//4471 3172//4471
f 990//4472 1606//4472 938//4472
f 990//4473 938//4473 1371//4473
f 671//4474 734//4474 672//4474
f 1666//4475 1664//4475 2639//4475
f 2695//4476 3126//4476 346//4476
f 361//4477 1375//4477 603//4477
f 519//4478 1036//4478 520//4478
f 2184//4479 2159//4479 90//4479
f 2664//4480 2159//4480 2184//4480
f 645//4481 1767//4481 1867//4481
f 3219//4482 3218//4482 595//4482
f 3151//4483 3150//4483 1272//4483
f 1145//4484 3414//4484 1143//4484
f 75//4485 2619//4485 1302//4485
f 75//4486 1302//4486 1303//4486
f 92//4487 2651//4487 2163//4487
f 92//4488 2163//4488 2597//4488
f 2850//4489 1855//4489 1704//4489
f 788//4490 2958//4490 470//4490
f 134//4491 3303//4491 135//4491
f 1016//4492 3303//4492 134//4492
f 2415//4493 78//4493 2144//4493
f 78//4494 993//4494 2144//4494
f 1260//4495 1473//4495 1474//4495
f 2179//4496 2188//4496 1314//4496
f 1352//4497 3180//4497 1585//4497
f 881//4498 889//4498 2717//4498
f 446//4499 896//4499 445//4499
f 896//4500 897//4500 445//4500
f 638//4501 2268//4501 2284//4501
f 1527//4502 3291//4502 1911//4502
f 725//4503 2058//4503 2059//4503
f 257//4504 696//4504 698//4504
f 135//4505 1663//4505 3199//4505
f 1127//4506 134//4506 135//4506
f 2226//4507 1587//4507 1588//4507
f 1127//4508 3199//4508 3198//4508
f 135//4509 3199//4509 1127//4509
f 1661//4510 1659//4510 3201//4510
f 2126//4511 2876//4511 1491//4511
f 1491//4512 2876//4512 1499//4512
f 922//4513 2325//4513 923//4513
f 475//4514 2980//4514 1535//4514
f 914//4515 2980//4515 475//4515
f 2551//4516 1838//4516 2552//4516
f 2551//4517 2552//4517 3149//4517
f 2046//4518 2148//4518 1989//4518
f 2853//4519 724//4519 409//4519
f 2089//4520 2251//4520 1397//4520
f 2702//4521 2257//4521 2755//4521
f 2257//4522 1121//4522 2755//4522
f 2289//4523 150//4523 3387//4523
f 3108//4524 3387//4524 150//4524
f 80//4525 963//4525 76//4525
f 3258//4526 2278//4526 2232//4526
f 641//4527 1325//4527 220//4527
f 321//4528 2768//4528 2299//4528
f 2370//4529 3061//4529 3345//4529
f 2561//4530 3153//4530 1529//4530
f 2818//4531 1110//4531 2472//4531
f 1693//4532 15//4532 1262//4532
f 2088//4533 3192//4533 3004//4533
f 3285//4534 381//4534 1533//4534
f 208//4535 2730//4535 527//4535
f 2542//4536 2541//4536 131//4536
f 1444//4537 701//4537 3044//4537
f 1447//4538 813//4538 511//4538
f 3034//4539 1618//4539 851//4539
f 850//4540 3392//4540 851//4540
f 2270//4541 1790//4541 893//4541
f 3344//4542 456//4542 1958//4542
f 2272//4543 1466//4543 3341//4543
f 2273//4544 1466//4544 2272//4544
f 2806//4545 739//4545 3065//4545
f 3037//4546 3038//4546 3036//4546
f 3038//4547 3037//4547 2661//4547
f 1890//4548 2900//4548 1892//4548
f 1170//4549 1171//4549 2911//4549
f 338//4550 997//4550 2667//4550
f 353//4551 3398//4551 354//4551
f 1020//4552 91//4552 3403//4552
f 3403//4553 2803//4553 1020//4553
f 1069//4554 1836//4554 171//4554
f 2379//4555 2200//4555 3100//4555
f 1441//4556 797//4556 2629//4556
f 341//4557 1699//4557 3382//4557
f 341//4558 3382//4558 3381//4558
f 3391//4559 35//4559 925//4559
f 1114//4560 35//4560 3391//4560
f 433//4561 2680//4561 2915//4561
f 671//4562 672//4562 360//4562
f 351//4563 682//4563 1521//4563
f 3244//4564 2260//4564 2263//4564
f 1545//4565 1076//4565 2677//4565
f 2304//4566 2305//4566 2788//4566
f 2788//4567 2305//4567 3053//4567
f 1908//4568 1366//4568 207//4568
f 1366//4569 721//4569 207//4569
f 2246//4570 1027//4570 2670//4570
f 2246//4571 2670//4571 1415//4571
f 1081//4572 2942//4572 1080//4572
f 1028//4573 1080//4573 2942//4573
f 1347//4574 2658//4574 1380//4574
f 1347//4575 3116//4575 2658//4575
f 2199//4576 1521//4576 585//4576
f 2996//4577 2973//4577 1347//4577
f 1319//4578 3216//4578 2864//4578
f 360//4579 672//4579 2566//4579
f 512//4580 159//4580 2608//4580
f 814//4581 816//4581 953//4581
f 1223//4582 835//4582 562//4582
f 836//4583 835//4583 1967//4583
f 1384//4584 707//4584 3281//4584
f 320//4585 1697//4585 1845//4585
f 1246//4586 3167//4586 167//4586
f 1245//4587 3167//4587 1246//4587
f 1777//4588 1778//4588 1779//4588
f 306//4589 1777//4589 1779//4589
f 1780//4590 306//4590 1779//4590
f 3057//4591 2087//4591 2086//4591
f 1285//4592 3020//4592 310//4592
f 928//4593 3020//4593 1285//4593
f 2386//4594 831//4594 1761//4594
f 2981//4595 895//4595 3306//4595
f 2511//4596 2197//4596 715//4596
f 2196//4597 2197//4597 2511//4597
f 621//4598 1701//4598 417//4598
f 2222//4599 3347//4599 147//4599
f 1800//4600 2448//4600 2449//4600
f 1800//4601 2779//4601 2448//4601
f 1707//4602 2221//4602 1708//4602
f 248//4603 2655//4603 2656//4603
f 1256//4604 2911//4604 2405//4604
f 1263//4605 164//4605 2369//4605
f 2508//4606 2507//4606 532//4606
f 2508//4607 532//4607 3147//4607
f 2037//4608 1180//4608 472//4608
f 662//4609 2616//4609 663//4609
f 443//4610 941//4610 3215//4610
f 2927//4611 2926//4611 1821//4611
f 643//4612 2209//4612 404//4612
f 2923//4613 3328//4613 3269//4613
f 2709//4614 2923//4614 3269//4614
f 1523//4615 3124//4615 1524//4615
f 3334//4616 3335//4616 3274//4616
f 3367//4617 2991//4617 2167//4617
f 1492//4618 2242//4618 2999//4618
f 2463//4619 2052//4619 316//4619
f 985//4620 1060//4620 2382//4620
f 2999//4621 2242//4621 1306//4621
f 2049//4622 2052//4622 2463//4622
f 379//4623 2983//4623 2980//4623
f 2983//4624 379//4624 1487//4624
f 1176//4625 2489//4625 3359//4625
f 1077//4626 2688//4626 1067//4626
f 839//4627 530//4627 1548//4627
f 2787//4628 1363//4628 2794//4628
f 2793//4629 2787//4629 2794//4629
f 165//4630 166//4630 1938//4630
f 459//4631 3243//4631 2221//4631
f 336//4632 403//4632 2214//4632
f 2719//4633 3384//4633 478//4633
f 2542//4634 1370//4634 2541//4634
f 666//4635 2584//4635 2688//4635
f 2405//4636 1992//4636 1256//4636
f 2405//4637 1995//4637 1992//4637
f 3228//4638 425//4638 1145//4638
f 1850//4639 845//4639 1851//4639
f 3339//4640 3366//4640 363//4640
f 3366//4641 3339//4641 1552//4641
f 1283//4642 130//4642 129//4642
f 528//4643 60//4643 2044//4643
f 1178//4644 2162//4644 520//4644
f 3093//4645 2970//4645 2969//4645
f 1192//4646 3093//4646 2969//4646
f 1679//4647 2945//4647 236//4647
f 2186//4648 2185//4648 1323//4648
f 2778//4649 2186//4649 1323//4649
f 3181//4650 3394//4650 2652//4650
f 1540//4651 2280//4651 2281//4651
f 2772//4652 3179//4652 931//4652
f 3392//4653 3034//4653 851//4653
f 658//4654 2818//4654 2471//4654
f 414//4655 1569//4655 1425//4655
f 1267//4656 337//4656 2907//4656
f 3290//4657 2837//4657 1918//4657
f 1918//4658 950//4658 3290//4658
f 657//4659 253//4659 3030//4659
f 2623//4660 2998//4660 935//4660
f 1055//4661 1057//4661 3016//4661
f 2577//4662 2130//4662 2131//4662
f 2422//4663 540//4663 804//4663
f 2498//4664 2494//4664 2904//4664
f 3266//4665 2611//4665 2592//4665
f 558//4666 557//4666 2249//4666
f 454//4667 362//4667 3023//4667
f 1962//4668 1285//4668 310//4668
f 158//4669 1285//4669 1962//4669
f 686//4670 406//4670 408//4670
f 1277//4671 2093//4671 2454//4671
f 1277//4672 2454//4672 2453//4672
f 1677//4673 2945//4673 2447//4673
f 114//4674 397//4674 2155//4674
f 325//4675 2689//4675 324//4675
f 2568//4676 297//4676 2316//4676
f 1390//4677 1393//4677 1391//4677
f 2847//4678 23//4678 2307//4678
f 1664//4679 1666//4679 781//4679
f 1514//4680 304//4680 1980//4680
f 2861//4681 1123//4681 1124//4681
f 1240//4682 319//4682 1239//4682
f 2024//4683 455//4683 547//4683
f 2024//4684 2504//4684 455//4684
f 3152//4685 2333//4685 1906//4685
f 2679//4686 2678//4686 1582//4686
f 2677//4687 2678//4687 2679//4687
f 2226//4688 1578//4688 46//4688
f 2226//4689 1588//4689 1578//4689
f 983//4690 3112//4690 1460//4690
f 3003//4691 1234//4691 411//4691
f 3213//4692 1758//4692 1761//4692
f 2871//4693 3283//4693 457//4693
f 457//4694 2869//4694 2871//4694
f 1265//4695 2111//4695 2112//4695
f 2581//4696 2858//4696 232//4696
f 1592//4697 2099//4697 3319//4697
f 23//4698 2099//4698 1592//4698
f 2307//4699 23//4699 2546//4699
f 3102//4700 464//4700 3341//4700
f 1763//4701 785//4701 118//4701
f 118//4702 785//4702 119//4702
f 3063//4703 555//4703 1220//4703
f 369//4704 779//4704 370//4704
f 3238//4705 1128//4705 801//4705
f 2095//4706 645//4706 2469//4706
f 2791//4707 1101//4707 2789//4707
f 1614//4708 3079//4708 3078//4708
f 319//4709 2133//4709 1239//4709
f 585//4710 1521//4710 586//4710
f 1401//4711 922//4711 3110//4711
f 1797//4712 3183//4712 2294//4712
f 1365//4713 2540//4713 2531//4713
f 1797//4714 2294//4714 2946//4714
f 619//4715 618//4715 1064//4715
f 1064//4716 618//4716 2412//4716
f 3021//4717 2129//4717 1746//4717
f 3021//4718 1746//4718 1204//4718
f 703//4719 704//4719 2820//4719
f 2483//4720 703//4720 2820//4720
f 1513//4721 3163//4721 1515//4721
f 1286//4722 1287//4722 2257//4722
f 579//4723 1286//4723 2257//4723
f 1864//4724 1436//4724 1865//4724
f 682//4725 2511//4725 683//4725
f 2511//4726 682//4726 351//4726
f 403//4727 1251//4727 2666//4727
f 146//4728 1357//4728 1356//4728
f 2611//4729 3266//4729 625//4729
f 2611//4730 625//4730 626//4730
f 238//4731 2867//4731 1972//4731
f 2872//4732 3015//4732 948//4732
f 2872//4733 3052//4733 3015//4733
f 3273//4734 2834//4734 2018//4734
f 3102//4735 1475//4735 1467//4735
f 1475//4736 343//4736 1467//4736
f 2358//4737 2362//4737 2359//4737
f 3159//4738 129//4738 2401//4738
f 3188//4739 871//4739 2283//4739
f 1903//4740 2961//4740 2962//4740
f 1813//4741 1203//4741 1204//4741
f 2317//4742 1317//4742 2316//4742
f 628//4743 629//4743 627//4743
f 2618//4744 310//4744 311//4744
f 504//4745 2221//4745 1767//4745
f 1246//4746 2994//4746 1247//4746
f 2616//4747 68//4747 2617//4747
f 1494//4748 2866//4748 237//4748
f 1494//4749 237//4749 1492//4749
f 19//4750 1833//4750 2716//4750
f 1121//4751 1114//4751 3129//4751
f 1859//4752 2469//4752 1798//4752
f 1287//4753 186//4753 35//4753
f 275//4754 2386//4754 2742//4754
f 241//4755 1849//4755 1766//4755
f 2957//4756 2362//4756 2358//4756
f 1762//4757 3060//4757 2264//4757
f 1888//4758 1154//4758 3024//4758
f 3024//4759 1154//4759 1001//4759
f 688//4760 3103//4760 880//4760
f 3103//4761 688//4761 1332//4761
f 2152//4762 2154//4762 3092//4762
f 2833//4763 667//4763 2703//4763
f 2345//4764 2124//4764 2346//4764
f 2265//4765 1341//4765 2486//4765
f 544//4766 1896//4766 531//4766
f 1820//4767 2193//4767 651//4767
f 2094//4768 2438//4768 1708//4768
f 2267//4769 2059//4769 2065//4769
f 555//4770 2692//4770 1174//4770
f 3320//4771 1333//4771 2571//4771
f 2072//4772 518//4772 2638//4772
f 3180//4773 2594//4773 510//4773
f 151//4774 2701//4774 3377//4774
f 1738//4775 2610//4775 86//4775
f 1205//4776 1350//4776 2513//4776
f 2513//4777 1231//4777 1205//4777
f 2934//4778 1062//4778 180//4778
f 2480//4779 2479//4779 2481//4779
f 364//4780 1917//4780 195//4780
f 1918//4781 364//4781 950//4781
f 2032//4782 2033//4782 2479//4782
f 1307//4783 1308//4783 1309//4783
f 1307//4784 1309//4784 2630//4784
f 269//4785 3351//4785 2685//4785
f 162//4786 1564//4786 1573//4786
f 1092//4787 1084//4787 517//4787
f 955//4788 3106//4788 956//4788
f 1402//4789 2877//4789 81//4789
f 2183//4790 1501//4790 2125//4790
f 2064//4791 1147//4791 1148//4791
f 3054//4792 71//4792 401//4792
f 212//4793 1712//4793 1198//4793
f 365//4794 2120//4794 3362//4794
f 1542//4795 2349//4795 762//4795
f 3081//4796 1791//4796 1519//4796
f 722//4797 1048//4797 723//4797
f 722//4798 3091//4798 1048//4798
f 723//4799 1048//4799 473//4799
f 3197//4800 3347//4800 2222//4800
f 1010//4801 416//4801 634//4801
f 1187//4802 2514//4802 2958//4802
f 787//4803 1187//4803 2958//4803
f 406//4804 3268//4804 407//4804
f 724//4805 725//4805 1768//4805
f 469//4806 2451//4806 1389//4806
f 2397//4807 2117//4807 1865//4807
f 1865//4808 3299//4808 2397//4808
f 1352//4809 694//4809 2913//4809
f 971//4810 1727//4810 3323//4810
f 2841//4811 755//4811 2502//4811
f 588//4812 3295//4812 3404//4812
f 588//4813 3404//4813 1017//4813
f 1915//4814 3362//4814 2135//4814
f 719//4815 713//4815 2747//4815
f 3362//4816 1915//4816 2835//4816
f 2295//4817 2666//4817 2668//4817
f 1763//4818 1764//4818 1762//4818
f 167//4819 2420//4819 1246//4819
f 911//4820 2031//4820 909//4820
f 903//4821 904//4821 1613//4821
f 1623//4822 1333//4822 2458//4822
f 2662//4823 294//4823 24//4823
f 2662//4824 24//4824 1348//4824
f 1875//4825 3157//4825 2756//4825
f 1497//4826 2783//4826 2793//4826
f 978//4827 2451//4827 467//4827
f 851//4828 1618//4828 852//4828
f 152//4829 3154//4829 1935//4829
f 176//4830 481//4830 73//4830
f 1593//4831 1149//4831 3270//4831
f 1527//4832 2754//4832 3291//4832
f 3189//4833 935//4833 235//4833
f 234//4834 3189//4834 235//4834
f 42//4835 2477//4835 1509//4835
f 2817//4836 2072//4836 1072//4836
f 1602//4837 1100//4837 2817//4837
f 3251//4838 1556//4838 3250//4838
f 2497//4839 2904//4839 982//4839
f 704//4840 2819//4840 2820//4840
f 1709//4841 1710//4841 318//4841
f 75//4842 1303//4842 1135//4842
f 2622//4843 347//4843 3182//4843
f 1142//4844 2845//4844 1141//4844
f 86//4845 2610//4845 87//4845
f 3066//4846 1951//4846 577//4846
f 1951//4847 578//4847 577//4847
f 154//4848 1823//4848 1822//4848
f 2840//4849 154//4849 155//4849
f 1281//4850 2341//4850 1450//4850
f 402//4851 2295//4851 3121//4851
f 2903//4852 156//4852 2579//4852
f 2903//4853 250//4853 1747//4853
f 2767//4854 2232//4854 2233//4854
f 3318//4855 3393//4855 1574//4855
f 376//4856 2231//4856 656//4856
f 975//4857 1099//4857 2159//4857
f 1719//4858 7//4858 6//4858
f 1719//4859 6//4859 1594//4859
f 1417//4860 1418//4860 3074//4860
f 2529//4861 2745//4861 855//4861
f 2745//4862 2529//4862 431//4862
f 1969//4863 229//4863 3247//4863
f 998//4864 999//4864 11//4864
f 11//4865 999//4865 1859//4865
f 2280//4866 1119//4866 3171//4866
f 157//4867 389//4867 390//4867
f 157//4868 2591//4868 389//4868
f 2102//4869 1296//4869 2101//4869
f 3023//4870 2101//4870 1296//4870
f 2069//4871 29//4871 333//4871
f 1195//4872 2544//4872 557//4872
f 259//4873 2513//4873 279//4873
f 1684//4874 2028//4874 192//4874
f 434//4875 2839//4875 3144//4875
f 1685//4876 2028//4876 1684//4876
f 2736//4877 2213//4877 1866//4877
f 370//4878 779//4878 781//4878
f 3087//4879 287//4879 853//4879
f 1743//4880 2583//4880 209//4880
f 327//4881 600//4881 1185//4881
f 1363//4882 761//4882 762//4882
f 761//4883 1363//4883 3026//4883
f 3074//4884 1418//4884 1167//4884
f 3316//4885 3317//4885 556//4885
f 3316//4886 556//4886 2575//4886
f 3202//4887 1829//4887 1828//4887
f 1968//4888 1829//4888 3202//4888
f 660//4889 3226//4889 2409//4889
f 617//4890 3203//4890 2411//4890
f 869//4891 2440//4891 2482//4891
f 2499//4892 2045//4892 2047//4892
f 1270//4893 3288//4893 1271//4893
f 2224//4894 1714//4894 2599//4894
f 1273//4895 609//4895 2801//4895
f 1273//4896 607//4896 609//4896
f 14//4897 3030//4897 2236//4897
f 1734//4898 539//4898 1097//4898
f 368//4899 1230//4899 2940//4899
f 1822//4900 2546//4900 1584//4900
f 3097//4901 3253//4901 992//4901
f 1267//4902 2907//4902 1214//4902
f 707//4903 3255//4903 1152//4903
f 2839//4904 2682//4904 1686//4904
f 933//4905 934//4905 1218//4905
f 1007//4906 2741//4906 342//4906
f 3391//4907 925//4907 924//4907
f 892//4908 1790//4908 1396//4908
f 2636//4909 2637//4909 1997//4909
f 2069//4910 2201//4910 2268//4910
f 2268//4911 2201//4911 2284//4911
f 1739//4912 34//4912 1486//4912
f 1859//4913 257//4913 11//4913
f 1489//4914 160//4914 1484//4914
f 1348//4915 1349//4915 3289//4915
f 2701//4916 151//4916 1463//4916
f 1005//4917 3275//4917 1006//4917
f 1341//4918 2265//4918 1104//4918
f 1270//4919 3150//4919 1278//4919
f 1270//4920 1272//4920 3150//4920
f 2495//4921 560//4921 2496//4921
f 1757//4922 1231//4922 258//4922
f 2242//4923 1670//4923 2567//4923
f 2761//4924 123//4924 1604//4924
f 1328//4925 2300//4925 792//4925
f 1848//4926 3025//4926 1858//4926
f 2553//4927 2461//4927 2460//4927
f 3173//4928 576//4928 3336//4928
f 2954//4929 339//4929 1993//4929
f 1994//4930 1993//4930 339//4930
f 205//4931 204//4931 949//4931
f 1464//4932 1942//4932 142//4932
f 445//4933 897//4933 2519//4933
f 1216//4934 3077//4934 3242//4934
f 529//4935 1769//4935 1224//4935
f 345//4936 2557//4936 2978//4936
f 24//4937 25//4937 1165//4937
f 345//4938 1774//4938 2557//4938
f 380//4939 2585//4939 2589//4939
f 2675//4940 553//4940 2442//4940
f 1040//4941 2395//4941 2394//4941
f 821//4942 2014//4942 2491//4942
f 585//4943 2021//4943 3155//4943
f 1162//4944 3349//4944 3003//4944
f 685//4945 1385//4945 3372//4945
f 752//4946 740//4946 751//4946
f 1640//4947 1041//4947 1043//4947
f 607//4948 3288//4948 574//4948
f 2234//4949 245//4949 3137//4949
f 53//4950 2543//4950 2699//4950
f 2026//4951 245//4951 246//4951
f 3027//4952 327//4952 1184//4952
f 327//4953 3027//4953 1201//4953
f 1418//4954 1417//4954 820//4954
f 614//4955 2579//4955 156//4955
f 1120//4956 725//4956 3171//4956
f 1438//4957 2964//4957 1439//4957
f 610//4958 2956//4958 2335//4958
f 925//4959 2324//4959 924//4959
f 3329//4960 2538//4960 2152//4960
f 1535//4961 2981//4961 2979//4961
f 2981//4962 3306//4962 2979//4962
f 1156//4963 1301//4963 961//4963
f 2951//4964 2107//4964 1810//4964
f 2010//4965 2009//4965 1073//4965
f 577//4966 578//4966 3067//4966
f 2650//4967 1964//4967 95//4967
f 1149//4968 2941//4968 2440//4968
f 2170//4969 1567//4969 1566//4969
f 3383//4970 794//4970 3382//4970
f 2805//4971 3375//4971 2698//4971
f 3408//4972 1068//4972 1070//4972
f 1579//4973 270//4973 2751//4973
f 2275//4974 1249//4974 2616//4974
f 2937//4975 1011//4975 767//4975
f 766//4976 2937//4976 767//4976
f 2011//4977 2006//4977 2005//4977
f 253//4978 2465//4978 2244//4978
f 3058//4979 378//4979 377//4979
f 1812//4980 763//4980 2381//4980
f 1490//4981 27//4981 2142//4981
f 1163//4982 2142//4982 26//4982
f 1548//4983 2449//4983 1334//4983
f 2988//4984 675//4984 1818//4984
f 1295//4985 1294//4985 1297//4985
f 826//4986 827//4986 3130//4986
f 3130//4987 827//4987 1777//4987
f 2926//4988 2053//4988 1222//4988
f 3041//4989 2288//4989 2645//4989
f 2288//4990 3041//4990 2287//4990
f 17//4991 2483//4991 2820//4991
f 1183//4992 2526//4992 215//4992
f 1979//4993 1978//4993 3331//4993
f 1483//4994 1279//4994 243//4994
f 1904//4995 477//4995 1902//4995
f 1420//4996 1327//4996 1419//4996
f 1633//4997 116//4997 2269//4997
f 3033//4998 570//4998 1428//4998
f 3161//4999 1307//4999 2630//4999
f 3051//5000 1923//5000 3343//5000
f 713//5001 3104//5001 2748//5001
f 65//5002 2570//5002 2571//5002
f 2009//5003 2010//5003 959//5003
f 958//5004 2009//5004 959//5004
f 765//5005 1336//5005 875//5005
f 1164//5006 2502//5006 755//5006
f 1378//5007 2995//5007 3073//5007
f 961//5008 1173//5008 1307//5008
f 1923//5009 3051//5009 509//5009
f 1523//5010 1524//5010 499//5010
f 3056//5011 1219//5011 193//5011
f 3056//5012 193//5012 1648//5012
f 1050//5013 1049//5013 1052//5013
f 125//5014 1439//5014 484//5014
f 3365//5015 1552//5015 3231//5015
f 494//5016 3231//5016 1552//5016
f 1533//5017 3405//5017 3285//5017
f 702//5018 606//5018 464//5018
f 464//5019 606//5019 3341//5019
f 985//5020 2382//5020 1686//5020
f 2645//5021 3361//5021 1024//5021
f 252//5022 1068//5022 2584//5022
f 3143//5023 1640//5023 1165//5023
f 25//5024 3143//5024 1165//5024
f 2179//5025 1935//5025 3154//5025
f 1430//5026 122//5026 121//5026
f 2150//5027 2252//5027 535//5027
f 2823//5028 2459//5028 2639//5028
f 2494//5029 2498//5029 2493//5029
f 2005//5030 1109//5030 670//5030
f 1160//5031 2338//5031 1459//5031
f 1244//5032 2989//5032 1252//5032
f 2463//5033 2553//5033 2049//5033
f 468//5034 1449//5034 1783//5034
f 1264//5035 2369//5035 678//5035
f 2047//5036 3276//5036 3185//5036
f 299//5037 298//5037 2813//5037
f 335//5038 1975//5038 336//5038
f 2875//5039 2634//5039 2873//5039
f 763//5040 746//5040 1202//5040
f 1819//5041 2070//5041 2067//5041
f 67//5042 3011//5042 66//5042
f 3279//5043 727//5043 2797//5043
f 3355//5044 1313//5044 2052//5044
f 3355//5045 1311//5045 1313//5045
f 2665//5046 2158//5046 1472//5046
f 2051//5047 2050//5047 1838//5047
f 2051//5048 1838//5048 1837//5048
f 750//5049 2906//5049 1804//5049
f 2720//5050 2906//5050 750//5050
f 511//5051 813//5051 1524//5051
f 2187//5052 2700//5052 2188//5052
f 2855//5053 1379//5053 1346//5053
f 492//5054 733//5054 1598//5054
f 2560//5055 1893//5055 2437//5055
f 2501//5056 2872//5056 674//5056
f 1659//5057 2725//5057 1732//5057
f 3327//5058 862//5058 2190//5058
f 804//5059 541//5059 3292//5059
f 2468//5060 2746//5060 1741//5060
f 1161//5061 1158//5061 1959//5061
f 1959//5062 3307//5062 1161//5062
f 1510//5063 1795//5063 1511//5063
f 30//5064 2300//5064 1328//5064
f 1873//5065 780//5065 1593//5065
f 1296//5066 1295//5066 1482//5066
f 1730//5067 1339//5067 1866//5067
f 1339//5068 1730//5068 634//5068
f 353//5069 352//5069 625//5069
f 609//5070 608//5070 2391//5070
f 450//5071 3142//5071 552//5071
f 1359//5072 1358//5072 2554//5072
f 1254//5073 2737//5073 2738//5073
f 1252//5074 3305//5074 1244//5074
f 1717//5075 1849//5075 241//5075
f 597//5076 1931//5076 3314//5076
f 964//5077 80//5077 81//5077
f 3221//5078 981//5078 3132//5078
f 2029//5079 2479//5079 2033//5079
f 422//5080 2838//5080 2310//5080
f 422//5081 2580//5081 2838//5081
f 3020//5082 3125//5082 2833//5082
f 190//5083 2505//5083 191//5083
f 2450//5084 2451//5084 469//5084
f 3255//5085 814//5085 2896//5085
f 553//5086 3134//5086 3026//5086
f 1131//5087 1834//5087 2537//5087
f 1140//5088 1813//5088 1202//5088
f 2131//5089 2130//5089 1264//5089
f 784//5090 2771//5090 3399//5090
f 407//5091 2771//5091 2770//5091
f 2490//5092 3359//5092 822//5092
f 2016//5093 3359//5093 2490//5093
f 603//5094 2515//5094 361//5094
f 1827//5095 148//5095 1828//5095
f 2314//5096 2966//5096 2356//5096
f 1303//5097 1302//5097 420//5097
f 1303//5098 420//5098 2985//5098
f 1939//5099 1928//5099 345//5099
f 2062//5100 1341//5100 1104//5100
f 695//5101 2554//5101 694//5101
f 2554//5102 2913//5102 694//5102
f 167//5103 3167//5103 2419//5103
f 3167//5104 3229//5104 2419//5104
f 2523//5105 848//5105 1426//5105
f 2036//5106 1180//5106 2037//5106
f 3135//5107 2997//5107 2364//5107
f 896//5108 1532//5108 1531//5108
f 1053//5109 3016//5109 3369//5109
f 3013//5110 1053//5110 3369//5110
f 59//5111 265//5111 2001//5111
f 2918//5112 2920//5112 3284//5112
f 279//5113 1207//5113 1645//5113
f 2482//5114 2563//5114 1725//5114
f 3025//5115 1658//5115 1858//5115
f 1658//5116 1652//5116 1858//5116
f 657//5117 3031//5117 1238//5117
f 1724//5118 1395//5118 2769//5118
f 1872//5119 780//5119 1873//5119
f 1288//5120 1289//5120 3165//5120
f 1222//5121 155//5121 2926//5121
f 383//5122 2304//5122 384//5122
f 2044//5123 60//5123 1824//5123
f 3007//5124 907//5124 2569//5124
f 2542//5125 687//5125 2718//5125
f 2073//5126 45//5126 270//5126
f 1644//5127 514//5127 833//5127
f 2798//5128 45//5128 1215//5128
f 1018//5129 2798//5129 1215//5129
f 574//5130 1277//5130 575//5130
f 2753//5131 1517//5131 508//5131
f 1517//5132 2753//5132 1520//5132
f 142//5133 2976//5133 584//5133
f 3004//5134 2023//5134 2899//5134
f 2565//5135 2566//5135 2900//5135
f 3364//5136 177//5136 2878//5136
f 516//5137 177//5137 3364//5137
f 3363//5138 2878//5138 1964//5138
f 1557//5139 716//5139 3046//5139
f 1078//5140 2679//5140 3166//5140
f 1005//5141 3133//5141 3275//5141
f 251//5142 249//5142 3293//5142
f 2906//5143 251//5143 3293//5143
f 2699//5144 2294//5144 3183//5144
f 2543//5145 979//5145 2699//5145
f 3064//5146 1228//5146 1227//5146
f 2732//5147 2384//5147 2733//5147
f 239//5148 1283//5148 400//5148
f 568//5149 3380//5149 2329//5149
f 885//5150 749//5150 2504//5150
f 2474//5151 1937//5151 1195//5151
f 1937//5152 3121//5152 1195//5152
f 381//5153 1458//5153 382//5153
f 3029//5154 2905//5154 2720//5154
f 1949//5155 1453//5155 1452//5155
f 1949//5156 1452//5156 2862//5156
f 313//5157 1797//5157 1679//5157
f 14//5158 2236//5158 1237//5158
f 275//5159 2322//5159 1879//5159
f 2603//5160 2240//5160 2243//5160
f 1792//5161 486//5161 485//5161
f 655//5162 1675//5162 1674//5162
f 1087//5163 1675//5163 655//5163
f 2248//5164 1255//5164 1992//5164
f 80//5165 1987//5165 1051//5165
f 791//5166 3342//5166 99//5166
f 1638//5167 3413//5167 1639//5167
f 2385//5168 2960//5168 2384//5168
f 1189//5169 92//5169 2249//5169
f 1692//5170 2298//5170 1689//5170
f 1692//5171 2264//5171 2298//5171
f 2719//5172 955//5172 3384//5172
f 3101//5173 131//5173 2541//5173
f 3101//5174 3203//5174 131//5174
f 645//5175 1867//5175 1861//5175
f 2137//5176 145//5176 1769//5176
f 1982//5177 2882//5177 3059//5177
f 777//5178 1563//5178 1023//5178
f 246//5179 245//5179 962//5179
f 962//5180 964//5180 246//5180
f 1071//5181 2244//5181 2467//5181
f 161//5182 2173//5182 3175//5182
f 2173//5183 2834//5183 3273//5183
f 2695//5184 539//5184 3126//5184
f 572//5185 573//5185 315//5185
f 591//5186 2138//5186 2208//5186
f 2676//5187 1575//5187 888//5187
f 2896//5188 3024//5188 2895//5188
f 2895//5189 3024//5189 2894//5189
f 2436//5190 1742//5190 532//5190
f 2436//5191 532//5191 2437//5191
f 77//5192 3253//5192 3097//5192
f 2345//5193 2123//5193 2124//5193
f 1984//5194 1605//5194 336//5194
f 713//5195 2748//5195 2747//5195
f 2604//5196 165//5196 1938//5196
f 39//5197 1571//5197 2080//5197
f 1795//5198 1796//5198 3268//5198
f 1948//5199 1946//5199 1947//5199
f 231//5200 1948//5200 1947//5200
f 231//5201 1947//5201 232//5201
f 462//5202 2780//5202 34//5202
f 1124//5203 2828//5203 784//5203
f 1124//5204 2243//5204 2828//5204
f 1251//5205 2209//5205 2666//5205
f 1074//5206 1075//5206 2072//5206
f 1523//5207 1525//5207 571//5207
f 1523//5208 499//5208 1525//5208
f 1258//5209 1257//5209 2111//5209
f 868//5210 580//5210 2274//5210
f 1636//5211 1638//5211 1637//5211
f 1515//5212 3164//5212 2815//5212
f 3111//5213 433//5213 3336//5213
f 2686//5214 3139//5214 1672//5214
f 2166//5215 932//5215 931//5215
f 3182//5216 706//5216 2622//5216
f 2622//5217 706//5217 2590//5217
f 302//5218 1916//5218 1915//5218
f 2135//5219 302//5219 1915//5219
f 1276//5220 1118//5220 2900//5220
f 3219//5221 1785//5221 1784//5221
f 909//5222 1325//5222 641//5222
f 1275//5223 103//5223 2121//5223
f 1906//5224 2334//5224 2082//5224
f 1589//5225 1674//5225 1147//5225
f 1674//5226 1148//5226 1147//5226
f 146//5227 619//5227 430//5227
f 2892//5228 2207//5228 593//5228
f 71//5229 273//5229 3184//5229
f 142//5230 1942//5230 2974//5230
f 1152//5231 3255//5231 2896//5231
f 2423//5232 1841//5232 1179//5232
f 2859//5233 1518//5233 2365//5233
f 812//5234 1398//5234 2661//5234
f 1593//5235 1151//5235 230//5235
f 579//5236 2257//5236 1463//5236
f 1463//5237 2257//5237 2702//5237
f 3312//5238 1415//5238 2948//5238
f 1404//5239 3312//5239 2948//5239
f 2249//5240 2248//5240 558//5240
f 42//5241 43//5241 2477//5241
f 43//5242 2864//5242 2477//5242
f 1689//5243 1687//5243 2858//5243
f 1839//5244 3149//5244 1840//5244
f 1850//5245 3040//5245 1766//5245
f 799//5246 3379//5246 2549//5246
f 799//5247 2549//5247 2827//5247
f 459//5248 2221//5248 1707//5248
f 1658//5249 1651//5249 1650//5249
f 1926//5250 1913//5250 1923//5250
f 1926//5251 501//5251 1913//5251
f 633//5252 3103//5252 247//5252
f 962//5253 3161//5253 80//5253
f 1998//5254 3294//5254 809//5254
f 3047//5255 3294//5255 1998//5255
f 2042//5256 2908//5256 1731//5256
f 590//5257 2965//5257 135//5257
f 1086//5258 105//5258 2065//5258
f 2245//5259 2007//5259 3012//5259
f 1042//5260 1041//5260 2777//5260
f 2165//5261 2164//5261 1660//5261
f 3060//5262 1539//5262 2297//5262
f 554//5263 1497//5263 2309//5263
f 2309//5264 1497//5264 1498//5264
f 116//5265 1633//5265 936//5265
f 901//5266 2377//5266 2380//5266
f 3158//5267 2558//5267 2573//5267
f 3113//5268 741//5268 742//5268
f 2868//5269 2330//5269 109//5269
f 905//5270 679//5270 2259//5270
f 1965//5271 3129//5271 102//5271
f 1545//5272 2679//5272 1078//5272
f 2556//5273 664//5273 2965//5273
f 1693//5274 1262//5274 3104//5274
f 392//5275 34//5275 973//5275
f 2085//5276 594//5276 1427//5276
f 1064//5277 1065//5277 2576//5277
f 2076//5278 2077//5278 2963//5278
f 2963//5279 702//5279 2076//5279
f 211//5280 3345//5280 1398//5280
f 1516//5281 1997//5281 1517//5281
f 1368//5282 879//5282 880//5282
f 2915//5283 2682//5283 2839//5283
f 1435//5284 1681//5284 2396//5284
f 1434//5285 1432//5285 3312//5285
f 12//3951 1782//3951 1933//3951
f 1772//5286 642//5286 1773//5286
f 1237//5287 2236//5287 2078//5287
f 2469//5288 1860//5288 2674//5288
f 645//5289 1860//5289 2469//5289
f 724//5290 410//5290 409//5290
f 2236//5291 253//5291 2241//5291
f 220//5292 1325//5292 118//5292
f 2258//5293 2261//5293 3237//5293
f 3293//5294 249//5294 2903//5294
f 2579//5295 3293//5295 2903//5295
f 2101//5296 3023//5296 362//5296
f 73//5297 481//5297 480//5297
f 1377//5298 144//5298 1217//5298
f 299//5299 2316//5299 297//5299
f 1089//5300 2698//5300 536//5300
f 3338//5301 1089//5301 536//5301
f 2477//5302 3279//5302 1508//5302
f 3195//5303 93//5303 2012//5303
f 2297//5304 423//5304 2298//5304
f 2100//5305 2575//5305 2099//5305
f 3110//5306 139//5306 3204//5306
f 1019//5307 1993//5307 1995//5307
f 319//5308 1240//5308 1241//5308
f 1660//5309 932//5309 2165//5309
f 2989//5310 1245//5310 1247//5310
f 2988//5311 1245//5311 2989//5311
f 1447//5312 147//5312 255//5312
f 2052//5313 2049//5313 2051//5313
f 2051//5314 3355//5314 2052//5314
f 428//5315 1768//5315 3388//5315
f 2778//5316 428//5316 3388//5316
f 2985//5317 3309//5317 2326//5317
f 1579//5318 2751//5318 1580//5318
f 3102//5319 1466//5319 1476//5319
f 132//5320 1720//5320 2542//5320
f 1976//5321 1974//5321 1269//5321
f 3379//5322 2550//5322 2549//5322
f 674//5323 2872//5323 166//5323
f 686//5324 1385//5324 685//5324
f 1921//5325 633//5325 632//5325
f 70//5326 2096//5326 2097//5326
f 3320//5327 2458//5327 1333//5327
f 14//5328 1237//5328 1733//5328
f 1802//5329 395//5329 611//5329
f 2584//5330 1068//5330 1067//5330
f 2688//5331 2584//5331 1067//5331
f 1845//5332 2760//5332 3322//5332
f 3//5333 2444//5333 2//5333
f 3166//5334 1583//5334 2146//5334
f 3137//5335 245//5335 2026//5335
f 757//5336 758//5336 2486//5336
f 2486//5337 758//5337 1626//5337
f 1535//5338 3405//5338 1533//5338
f 2968//5339 2353//5339 2356//5339
f 1378//5340 2996//5340 2995//5340
f 652//5341 2073//5341 1579//5341
f 652//5342 2074//5342 2073//5342
f 3342//5343 1862//5343 438//5343
f 486//5344 1594//5344 778//5344
f 486//5345 3119//5345 1594//5345
f 61//5346 2193//5346 1820//5346
f 2473//5347 1040//5347 1039//5347
f 3179//5348 930//5348 929//5348
f 1316//5349 1318//5349 1319//5349
f 1316//5350 1319//5350 2192//5350
f 1980//5351 1981//5351 1015//5351
f 2302//5352 1982//5352 1980//5352
f 2556//5353 3381//5353 664//5353
f 664//5354 3381//5354 1700//5354
f 1891//5355 1117//5355 2935//5355
f 42//5356 986//5356 43//5356
f 1049//5357 1631//5357 3207//5357
f 2086//5358 133//5358 3057//5358
f 656//5359 2231//5359 1238//5359
f 2612//5360 1599//5360 729//5360
f 2612//5361 729//5361 731//5361
f 2706//5362 235//5362 1320//5362
f 1050//5363 453//5363 1631//5363
f 1563//5364 2890//5364 178//5364
f 140//5365 921//5365 2139//5365
f 2509//5366 274//5366 2066//5366
f 2880//5367 274//5367 2509//5367
f 138//5368 1230//5368 2967//5368
f 2130//5369 98//5369 1263//5369
f 24//5370 1349//5370 1348//5370
f 24//5371 1165//5371 1349//5371
f 3072//5372 1378//5372 859//5372
f 544//5373 531//5373 533//5373
f 531//5374 500//5374 533//5374
f 2396//5375 2290//5375 399//5375
f 696//5376 257//5376 3099//5376
f 2921//5377 1401//5377 1400//5377
f 921//5378 497//5378 2208//5378
f 217//5379 901//5379 218//5379
f 1099//5380 90//5380 2159//5380
f 2125//5381 2591//5381 2126//5381
f 882//5382 881//5382 3371//5382
f 3387//5383 3108//5383 1024//5383
f 1585//5384 1822//5384 1584//5384
f 1187//5385 41//5385 2823//5385
f 2240//5386 1136//5386 3409//5386
f 2938//5387 1282//5387 628//5387
f 2918//5388 231//5388 1687//5388
f 2256//5389 2251//5389 669//5389
f 2310//5390 1498//5390 422//5390
f 1171//5391 1172//5391 1034//5391
f 1957//5392 1498//5392 2310//5392
f 2305//5393 1909//5393 987//5393
f 1878//5394 3234//5394 298//5394
f 2848//5395 613//5395 612//5395
f 2854//5396 65//5396 1333//5396
f 153//5397 2576//5397 3197//5397
f 870//5398 3197//5398 2576//5398
f 2283//5399 871//5399 2282//5399
f 1411//5400 291//5400 3308//5400
f 844//5401 58//5401 2341//5401
f 1136//5402 2109//5402 799//5402
f 2104//5403 776//5403 2103//5403
f 2104//5404 2103//5404 2105//5404
f 3090//5405 2870//5405 391//5405
f 1970//5406 1354//5406 3246//5406
f 1076//5407 1077//5407 2677//5407
f 1077//5408 3125//5408 2677//5408
f 1792//5409 2750//5409 1595//5409
f 2202//5410 1845//5410 3322//5410
f 2179//5411 2178//5411 2177//5411
f 1377//5412 1217//5412 3045//5412
f 1750//5413 1324//5413 1751//5413
f 1190//5414 1659//5414 1732//5414
f 1003//5415 1702//5415 1701//5415
f 838//5416 837//5416 1459//5416
f 2027//5417 2032//5417 668//5417
f 290//5418 2306//5418 760//5418
f 471//5419 2517//5419 1711//5419
f 2517//5420 471//5420 5//5420
f 2303//5421 2302//5421 304//5421
f 304//5422 2516//5422 2303//5422
f 800//5423 3088//5423 1103//5423
f 1145//5424 2266//5424 3414//5424
f 3386//5425 3141//5425 2621//5425
f 3267//5426 994//5426 2296//5426
f 3396//5427 306//5427 307//5427
f 606//5428 2272//5428 3341//5428
f 1975//5429 1984//5429 336//5429
f 1745//5430 1344//5430 635//5430
f 1125//5431 2169//5431 1129//5431
f 1676//5432 1674//5432 1589//5432
f 1394//5433 515//5433 3195//5433
f 877//5434 1639//5434 3232//5434
f 1875//5435 3241//5435 828//5435
f 3129//5436 1114//5436 3391//5436
f 1946//5437 1973//5437 2867//5437
f 2867//5438 1973//5438 1972//5438
f 3374//5439 2003//5439 3358//5439
f 2203//5440 2285//5440 2200//5440
f 2200//5441 2285//5441 3100//5441
f 1982//5442 3059//5442 1981//5442
f 2202//5443 3322//5443 2203//5443
f 2626//5444 2625//5444 1825//5444
f 2498//5445 2904//5445 3039//5445
f 1141//5446 798//5446 1356//5446
f 3324//5447 273//5447 71//5447
f 2019//5448 1288//5448 56//5448
f 1987//5449 76//5449 1986//5449
f 82//5450 2421//5450 167//5450
f 3267//5451 995//5451 72//5451
f 1812//5452 3354//5452 763//5452
f 2847//5453 22//5453 23//5453
f 1310//5454 1309//5454 2533//5454
f 1368//5455 880//5455 633//5455
f 1248//5456 3018//5456 284//5456
f 285//5457 1248//5457 284//5457
f 2940//5458 369//5458 368//5458
f 3233//5459 3413//5459 3172//5459
f 233//5460 2851//5460 3146//5460
f 1205//5461 1206//5461 1350//5461
f 2043//5462 526//5462 528//5462
f 1065//5463 2563//5463 2576//5463
f 1736//5464 262//5464 2727//5464
f 1062//5465 1063//5465 2145//5465
f 2570//5466 1345//5466 2340//5466
f 232//5467 1947//5467 2581//5467
f 1717//5468 565//5468 3008//5468
f 688//5469 1722//5469 1332//5469
f 238//5470 237//5470 2866//5470
f 2520//5471 2004//5471 2402//5471
f 1429//5472 2344//5472 1430//5472
f 2205//5473 2206//5473 213//5473
f 930//5474 3179//5474 927//5474
f 3179//5475 926//5475 927//5475
f 2256//5476 2487//5476 2251//5476
f 1817//5477 174//5477 1819//5477
f 2884//5478 1621//5478 1622//5478
f 291//5479 3307//5479 3308//5479
f 626//5480 352//5480 917//5480
f 626//5481 625//5481 352//5481
f 735//5482 1571//5482 736//5482
f 2541//5483 1832//5483 2540//5483
f 242//5484 241//5484 1503//5484
f 262//5485 1736//5485 1090//5485
f 1736//5486 1091//5486 1090//5486
f 1507//5487 295//5487 1118//5487
f 2030//5488 56//5488 2031//5488
f 1771//5489 1774//5489 345//5489
f 179//5490 3046//5490 2829//5490
f 1536//5491 1751//5491 130//5491
f 1502//5492 457//5492 1504//5492
f 3049//5493 2813//5493 3050//5493
f 1263//5494 2369//5494 1264//5494
f 881//5495 2718//5495 1367//5495
f 311//5496 969//5496 2618//5496
f 2504//5497 748//5497 1803//5497
f 1229//5498 1230//5498 3204//5498
f 2277//5499 295//5499 31//5499
f 1902//5500 1117//5500 615//5500
f 615//5501 1117//5501 616//5501
f 802//5502 2815//5502 842//5502
f 924//5503 2324//5503 2921//5503
f 843//5504 3344//5504 842//5504
f 843//5505 456//5505 3344//5505
f 3177//5506 1802//5506 610//5506
f 1802//5507 611//5507 610//5507
f 2785//5508 2415//5508 2144//5508
f 2785//5509 2144//5509 3079//5509
f 471//5510 2848//5510 2849//5510
f 639//5511 2268//5511 638//5511
f 1656//5512 2643//5512 1577//5512
f 1267//5513 335//5513 337//5513
f 2873//5514 2634//5514 2061//5514
f 145//5515 545//5515 1232//5515
f 2169//5516 1125//5516 3130//5516
f 2794//5517 182//5517 100//5517
f 2614//5518 3200//5518 2615//5518
f 2012//5519 3200//5519 2614//5519
f 867//5520 937//5520 866//5520
f 3310//5521 2227//5521 2843//5521
f 2114//5522 794//5522 1000//5522
f 1000//5523 794//5523 1001//5523
f 2410//5524 2057//5524 725//5524
f 2410//5525 1385//5525 2057//5525
f 2428//5526 2623//5526 2619//5526
f 3281//5527 2895//5527 1382//5527
f 2059//5528 1908//5528 206//5528
f 1465//5529 582//5529 1194//5529
f 942//5530 2495//5530 943//5530
f 2399//5531 520//5531 3256//5531
f 890//5532 372//5532 3086//5532
f 356//5533 3339//5533 846//5533
f 2620//5534 290//5534 760//5534
f 1748//5535 157//5535 1747//5535
f 1809//5536 1811//5536 1236//5536
f 1811//5537 1809//5537 1808//5537
f 2577//5538 676//5538 3168//5538
f 2792//5539 683//5539 2955//5539
f 1199//5540 3267//5540 2296//5540
f 1533//5541 381//5541 2832//5541
f 2062//5542 292//5542 1106//5542
f 2936//5543 2816//5543 3326//5543
f 3263//5544 2816//5544 2936//5544
f 1899//5545 540//5545 1900//5545
f 3185//5546 2048//5546 2165//5546
f 3276//5547 2048//5547 3185//5547
f 3136//5548 2767//5548 2233//5548
f 233//5549 690//5549 2851//5549
f 1704//5550 640//5550 1705//5550
f 2634//5551 653//5551 646//5551
f 1174//5552 3146//5552 1440//5552
f 892//5553 893//5553 1790//5553
f 67//5554 3264//5554 1108//5554
f 2652//5555 3394//5555 248//5555
f 2652//5556 248//5556 2656//5556
f 1721//5557 132//5557 617//5557
f 530//5558 3190//5558 1800//5558
f 247//5559 3103//5559 1331//5559
f 1638//5560 3172//5560 3413//5560
f 1448//5561 813//5561 1447//5561
f 15//5562 2535//5562 1262//5562
f 1372//5563 1376//5563 1373//5563
f 2398//5564 1376//5564 1372//5564
f 2714//5565 2791//5565 736//5565
f 1946//5566 3006//5566 1947//5566
f 3159//5567 2401//5567 1338//5567
f 1338//5568 2912//5568 3159//5568
f 1759//5569 2548//5569 1760//5569
f 1443//5570 699//5570 1444//5570
f 1559//5571 1655//5571 1560//5571
f 1951//5572 1950//5572 2887//5572
f 594//5573 498//5573 1427//5573
f 1206//5574 1348//5574 3289//5574
f 453//5575 1047//5575 1631//5575
f 3193//5576 179//5576 178//5576
f 640//5577 2339//5577 9//5577
f 1923//5578 1914//5578 3343//5578
f 1914//5579 2705//5579 3343//5579
f 2915//5580 2680//5580 2682//5580
f 2705//5581 1914//5581 2704//5581
f 3088//5582 2228//5582 2990//5582
f 2758//5583 1876//5583 1875//5583
f 2758//5584 359//5584 1876//5584
f 2169//5585 1131//5585 1129//5585
f 1096//5586 3298//5586 144//5586
f 45//5587 2798//5587 3353//5587
f 409//5588 437//5588 1543//5588
f 2118//5589 3289//5589 1641//5589
f 2718//5590 881//5590 2717//5590
f 2823//5591 2514//5591 1187//5591
f 1363//5592 2349//5592 182//5592
f 3286//5593 847//5593 1457//5593
f 710//5594 2192//5594 563//5594
f 2192//5595 1319//5595 563//5595
f 2058//5596 3045//5596 1366//5596
f 2058//5597 1377//5597 3045//5597
f 1496//5598 3395//5598 1211//5598
f 474//5599 375//5599 3352//5599
f 684//5600 1521//5600 682//5600
f 1292//5601 487//5601 182//5601
f 92//5602 1190//5602 1732//5602
f 317//5603 1396//5603 3014//5603
f 47//5604 1019//5604 1995//5604
f 1179//5605 2225//5605 419//5605
f 3230//5606 3211//5606 3210//5606
f 2548//5607 2//5607 2444//5607
f 1918//5608 2837//5608 2835//5608
f 1570//5609 3321//5609 1425//5609
f 1154//5610 1153//5610 1423//5610
f 805//5611 862//5611 3327//5611
f 1137//5612 445//5612 2519//5612
f 1647//5613 1806//5613 753//5613
f 2740//5614 1468//5614 2741//5614
f 3288//5615 607//5615 1271//5615
f 3161//5616 2630//5616 80//5616
f 705//5617 2556//5617 3295//5617
f 1890//5618 1892//5618 1891//5618
f 1029//5619 1961//5619 2739//5619
f 355//5620 356//5620 846//5620
f 393//5621 3223//5621 2749//5621
f 1626//5622 2503//5622 2712//5622
f 3153//5623 2041//5623 2040//5623
f 287//5624 3087//5624 10//5624
f 1551//5625 2539//5625 2291//5625
f 2085//5626 2084//5626 3033//5626
f 2281//5627 3171//5627 2853//5627
f 1717//5628 242//5628 565//5628
f 2213//5629 1730//5629 1866//5629
f 437//5630 2311//5630 661//5630
f 436//5631 2311//5631 437//5631
f 2322//5632 275//5632 832//5632
f 2064//5633 1668//5633 1147//5633
f 792//5634 2300//5634 1753//5634
f 1174//5635 3160//5635 3146//5635
f 2558//5636 193//5636 1219//5636
f 2726//5637 2009//5637 958//5637
f 2857//5638 1697//5638 1122//5638
f 3225//5639 2885//5639 827//5639
f 3282//5640 2885//5640 3225//5640
f 1464//5641 1465//5641 1941//5641
f 1941//5642 1465//5642 2910//5642
f 1238//5643 14//5643 13//5643
f 899//5644 1863//5644 3226//5644
f 883//5645 1739//5645 1485//5645
f 569//5646 449//5646 450//5646
f 1353//5647 782//5647 522//5647
f 1665//5648 522//5648 782//5648
f 139//5649 3110//5649 140//5649
f 2678//5650 3020//5650 1582//5650
f 2069//5651 2068//5651 2738//5651
f 107//5652 1138//5652 746//5652
f 1956//5653 1947//5653 673//5653
f 2879//5654 3118//5654 1600//5654
f 2550//5655 2879//5655 1600//5655
f 2500//5656 2045//5656 2499//5656
f 2500//5657 2499//5657 1581//5657
f 1453//5658 1705//5658 1706//5658
f 1040//5659 2473//5659 3321//5659
f 1977//5660 841//5660 1979//5660
f 3331//5661 1977//5661 1979//5661
f 3011//5662 3324//5662 71//5662
f 1769//5663 145//5663 1216//5663
f 1216//5664 145//5664 3077//5664
f 3328//5665 2796//5665 3269//5665
f 1990//5666 158//5666 1962//5666
f 2752//5667 3353//5667 2160//5667
f 3401//5668 1021//5668 2204//5668
f 2204//5669 1852//5669 3401//5669
f 1221//5670 2575//5670 1226//5670
f 1013//5671 3348//5671 3334//5671
f 288//5672 2578//5672 2055//5672
f 2054//5673 289//5673 2055//5673
f 1162//5674 2022//5674 495//5674
f 2337//5675 163//5675 2693//5675
f 1629//5676 2809//5676 3337//5676
f 3031//5677 3030//5677 14//5677
f 2397//5678 3299//5678 1435//5678
f 711//5679 712//5679 2760//5679
f 354//5680 3398//5680 1907//5680
f 2660//5681 474//5681 3352//5681
f 1419//5682 1421//5682 572//5682
f 1327//5683 1421//5683 1419//5683
f 594//5684 2085//5684 2211//5684
f 3361//5685 2287//5685 3387//5685
f 2080//5686 2081//5686 1572//5686
f 435//5687 3034//5687 3392//5687
f 328//5688 676//5688 1953//5688
f 288//5689 2055//5689 289//5689
f 2766//5690 2285//5690 717//5690
f 949//5691 2726//5691 958//5691
f 2726//5692 949//5692 1602//5692
f 3286//5693 382//5693 3190//5693
f 1833//5694 1370//5694 1369//5694
f 1421//5695 3344//5695 1958//5695
f 35//5696 186//5696 925//5696
f 2032//5697 2479//5697 2744//5697
f 3370//5698 2113//5698 1257//5698
f 3214//5699 648//5699 1955//5699
f 443//5700 1944//5700 2728//5700
f 443//5701 2728//5701 2729//5701
f 792//5702 1753//5702 3351//5702
f 1542//5703 1812//5703 1541//5703
f 1149//5704 779//5704 369//5704
f 2940//5705 1149//5705 369//5705
f 53//5706 1389//5706 2543//5706
f 131//5707 132//5707 2542//5707
f 64//5708 2497//5708 982//5708
f 2543//5709 978//5709 979//5709
f 148//5710 2312//5710 149//5710
f 1261//5711 2312//5711 148//5711
f 637//5712 2379//5712 2378//5712
f 1020//5713 2014//5713 213//5713
f 937//5714 2416//5714 1562//5714
f 3380//5715 440//5715 1406//5715
f 1967//5716 835//5716 1223//5716
f 1967//5717 1223//5717 2055//5717
f 911//5718 910//5718 2030//5718
f 2823//5719 361//5719 2515//5719
f 2836//5720 2060//5720 778//5720
f 778//5721 6//5721 2836//5721
f 2120//5722 2345//5722 967//5722
f 2619//5723 2623//5723 1302//5723
f 922//5724 921//5724 3110//5724
f 2743//5725 1009//5725 466//5725
f 1662//5726 1413//5726 3199//5726
f 2775//5727 1323//5727 1322//5727
f 2775//5728 1322//5728 444//5728
f 1561//5729 113//5729 112//5729
f 1177//5730 698//5730 2731//5730
f 521//5731 2772//5731 931//5731
f 889//5732 882//5732 1479//5732
f 641//5733 642//5733 2559//5733
f 1790//5734 2007//5734 1396//5734
f 416//5735 415//5735 1339//5735
f 403//5736 2666//5736 2295//5736
f 2046//5737 1989//5737 3276//5737
f 2890//5738 3193//5738 178//5738
f 2875//5739 2874//5739 2634//5739
f 1607//5740 1608//5740 858//5740
f 1314//5741 2700//5741 1115//5741
f 2700//5742 439//5742 1115//5742
f 694//5743 3319//5743 1142//5743
f 1133//5744 2282//5744 1858//5744
f 2282//5745 871//5745 1858//5745
f 1482//5746 1297//5746 748//5746
f 1295//5747 1297//5747 1482//5747
f 3364//5748 2878//5748 3363//5748
f 224//5749 3082//5749 1826//5749
f 2690//5750 3278//5750 1844//5750
f 993//5751 78//5751 2347//5751
f 36//5752 1843//5752 398//5752
f 631//5753 1477//5753 1920//5753
f 49//5754 1961//5754 50//5754
f 496//5755 1539//5755 3060//5755
f 992//5756 226//5756 2143//5756
f 1988//5757 1990//5757 49//5757
f 1208//5758 3385//5758 658//5758
f 1539//5759 1752//5759 1538//5759
f 1538//5760 1752//5760 1536//5760
f 1362//5761 1490//5761 2142//5761
f 2786//5762 553//5762 3026//5762
f 1253//5763 1254//5763 3305//5763
f 2989//5764 1247//5764 2501//5764
f 2151//5765 534//5765 2501//5765
f 1654//5766 656//5766 2218//5766
f 1654//5767 1653//5767 656//5767
f 901//5768 2380//5768 218//5768
f 1648//5769 2598//5769 1714//5769
f 2773//5770 2042//5770 1731//5770
f 3177//5771 385//5771 395//5771
f 3043//5772 635//5772 1344//5772
f 1500//5773 389//5773 2591//5773
f 1851//5774 845//5774 1280//5774
f 670//5775 1109//5775 1108//5775
f 2840//5776 1823//5776 154//5776
f 631//5777 1920//5777 1919//5777
f 795//5778 2025//5778 3241//5778
f 65//5779 2571//5779 1333//5779
f 697//5780 696//5780 2484//5780
f 2475//5781 2474//5781 1195//5781
f 1897//5782 375//5782 1379//5782
f 2478//5783 995//5783 67//5783
f 844//5784 1345//5784 57//5784
f 3410//5785 1089//5785 2695//5785
f 1530//5786 2886//5786 744//5786
f 2710//5787 1317//5787 908//5787
f 3314//5788 1931//5788 2318//5788
f 177//5789 176//5789 2878//5789
f 2563//5790 1882//5790 870//5790
f 2153//5791 2538//5791 791//5791
f 2538//5792 2795//5792 791//5792
f 2840//5793 2546//5793 1823//5793
f 2079//5794 2584//5794 666//5794
f 885//5795 883//5795 749//5795
f 1506//5796 2971//5796 296//5796
f 2882//5797 1017//5797 3302//5797
f 963//5798 2630//5798 1310//5798
f 963//5799 1310//5799 1985//5799
f 28//5800 800//5800 1103//5800
f 1893//5801 1895//5801 1899//5801
f 2670//5802 2613//5802 2403//5802
f 2670//5803 2403//5803 2669//5803
f 319//5804 1711//5804 1709//5804
f 3165//5805 56//5805 1288//5805
f 877//5806 2353//5806 2968//5806
f 2783//5807 1497//5807 554//5807
f 3114//5808 1183//5808 2524//5808
f 2965//5809 665//5809 1663//5809
f 2820//5810 2819//5810 139//5810
f 1185//5811 1184//5811 327//5811
f 644//5812 2094//5812 2095//5812
f 636//5813 2042//5813 2773//5813
f 3229//5814 2988//5814 2075//5814
f 482//5815 2654//5815 148//5815
f 1255//5816 92//5816 2597//5816
f 1032//5817 1484//5817 159//5817
f 718//5818 2747//5818 175//5818
f 2303//5819 2516//5819 3016//5819
f 2180//5820 1054//5820 3013//5820
f 890//5821 3070//5821 3271//5821
f 3264//5822 67//5822 66//5822
f 3003//5823 1083//5823 188//5823
f 1726//5824 2739//5824 1963//5824
f 2855//5825 2856//5825 2995//5825
f 2995//5826 1380//5826 2855//5826
f 167//5827 2421//5827 2420//5827
f 415//5828 766//5828 2912//5828
f 415//5829 2912//5829 1338//5829
f 1177//5830 2731//5830 1661//5830
f 2547//5831 2548//5831 1759//5831
f 1406//5832 1407//5832 2156//5832
f 567//5833 1406//5833 2156//5833
f 2485//5834 1856//5834 653//5834
f 2069//5835 333//5835 2201//5835
f 1395//5836 2647//5836 177//5836
f 175//5837 177//5837 2647//5837
f 1120//5838 2410//5838 725//5838
f 1932//5839 2385//5839 2384//5839
f 223//5840 1791//5840 3081//5840
f 565//5841 1503//5841 2315//5841
f 2985//5842 2706//5842 3309//5842
f 3309//5843 2223//5843 2327//5843
f 1093//5844 3402//5844 3367//5844
f 2224//5845 2223//5845 3309//5845
f 1320//5846 2224//5846 3309//5846
f 969//5847 971//5847 2618//5847
f 2505//5848 1803//5848 3293//5848
f 1247//5849 2994//5849 2151//5849
f 2133//5850 2134//5850 1239//5850
f 76//5851 1985//5851 1986//5851
f 923//5852 497//5852 921//5852
f 923//5853 2325//5853 497//5853
f 1137//5854 2519//5854 1138//5854
f 2314//5855 1846//5855 2966//5855
f 1389//5856 978//5856 2543//5856
f 2451//5857 978//5857 1389//5857
f 1498//5858 100//5858 422//5858
f 2984//5859 1464//5859 1941//5859
f 105//5860 2267//5860 2065//5860
f 2071//5861 1267//5861 1213//5861
f 730//5862 1997//5862 2637//5862
f 2695//5863 1089//5863 538//5863
f 1446//5864 1826//5864 3082//5864
f 3316//5865 1221//5865 3317//5865
f 1999//5866 811//5866 2005//5866
f 2572//5867 1227//5867 1228//5867
f 2964//5868 720//5868 2700//5868
f 3058//5869 2002//5869 362//5869
f 3123//5870 3124//5870 2932//5870
f 23//5871 1592//5871 2546//5871
f 2910//5872 88//5872 2019//5872
f 3192//5873 2088//5873 1397//5873
f 2088//5874 2089//5874 1397//5874
f 1401//5875 2324//5875 2325//5875
f 21//5876 3086//5876 2530//5876
f 1175//5877 2017//5877 1176//5877
f 2484//5878 3174//5878 2172//5878
f 2608//5879 3174//5879 2484//5879
f 2696//5880 1725//5880 1065//5880
f 2411//5881 3101//5881 2412//5881
f 1419//5882 314//5882 2052//5882
f 3046//5883 716//5883 2829//5883
f 2829//5884 716//5884 2595//5884
f 48//5885 1171//5885 1034//5885
f 85//5886 769//5886 1289//5886
f 2721//5887 156//5887 1747//5887
f 2721//5888 2849//5888 156//5888
f 2999//5889 2442//5889 2441//5889
f 1743//5890 209//5890 2610//5890
f 356//5891 355//5891 2539//5891
f 1334//5892 1549//5892 1548//5892
f 495//5893 2022//5893 1242//5893
f 2348//5894 980//5894 2749//5894
f 3360//5895 2686//5895 1672//5895
f 3360//5896 1672//5896 1102//5896
f 1756//5897 1575//5897 3313//5897
f 3313//5898 1480//5898 1756//5898
f 1648//5899 193//5899 2521//5899
f 2598//5900 1648//5900 2521//5900
f 2822//5901 876//5901 877//5901
f 876//5902 2822//5902 196//5902
f 1333//5903 1623//5903 3248//5903
f 338//5904 2667//5904 1177//5904
f 276//5905 1556//5905 2413//5905
f 2558//5906 1219//5906 2573//5906
f 3323//5907 310//5907 2618//5907
f 971//5908 3323//5908 2618//5908
f 965//5909 3272//5909 2877//5909
f 747//5910 3354//5910 762//5910
f 2903//5911 1747//5911 156//5911
f 2591//5912 2876//5912 2126//5912
f 2125//5913 1501//5913 2591//5913
f 688//5914 1720//5914 1722//5914
f 1720//5915 688//5915 687//5915
f 163//5916 2337//5916 2339//5916
f 1841//5917 1842//5917 2225//5917
f 1841//5918 2225//5918 1179//5918
f 1//5919 3191//5919 885//5919
f 127//5920 1176//5920 2056//5920
f 126//5921 1176//5921 127//5921
f 2299//5922 149//5922 2312//5922
f 2768//5923 1122//5923 1123//5923
f 2496//5924 1670//5924 1671//5924
f 2496//5925 2567//5925 1670//5925
f 3400//5926 1127//5926 3198//5926
f 2743//5927 465//5927 2962//5927
f 1477//5928 3084//5928 1921//5928
f 783//5929 3268//5929 1796//5929
f 2251//5930 2488//5930 1397//5930
f 1397//5931 2488//5931 2497//5931
f 2968//5932 1637//5932 1639//5932
f 3232//5933 1639//5933 3233//5933
f 1345//5934 3115//5934 1346//5934
f 2856//5935 1346//5935 3115//5935
f 993//5936 980//5936 3097//5936
f 2749//5937 980//5937 993//5937
f 1979//5938 1094//5938 1978//5938
f 2470//5939 2229//5939 2230//5939
f 3152//5940 2229//5940 2470//5940
f 867//5941 2416//5941 937//5941
f 413//5942 324//5942 414//5942
f 397//5943 1102//5943 2155//5943
f 2899//5944 550//5944 3004//5944
f 2487//5945 2255//5945 3047//5945
f 2854//5946 859//5946 1378//5946
f 1799//5947 999//5947 643//5947
f 1293//5948 2875//5948 1292//5948
f 1292//5949 2875//5949 487//5949
f 2476//5950 3217//5950 3406//5950
f 3059//5951 2882//5951 3302//5951
f 3059//5952 3302//5952 1981//5952
f 1158//5953 2389//5953 1159//5953
f 2645//5954 1502//5954 1503//5954
f 2645//5955 1024//5955 1502//5955
f 3284//5956 1946//5956 2918//5956
f 1527//5957 1911//5957 2127//5957
f 899//5958 2311//5958 2776//5958
f 747//5959 763//5959 3354//5959
f 1079//5960 2173//5960 161//5960
f 3414//5961 2266//5961 1384//5961
f 1384//5962 1144//5962 3414//5962
f 3180//5963 511//5963 300//5963
f 2691//5964 1218//5964 934//5964
f 3200//5965 2012//5965 95//5965
f 279//5966 280//5966 259//5966
f 1546//5967 1076//5967 1545//5967
f 292//5968 3311//5968 200//5968
f 202//5969 2406//5969 211//5969
f 905//5970 1613//5970 470//5970
f 2772//5971 2174//5971 3179//5971
f 1254//5972 2604//5972 2646//5972
f 1254//5973 674//5973 2604//5973
f 429//5974 1322//5974 2555//5974
f 1953//5975 1006//5975 3122//5975
f 1622//5976 1621//5976 1623//5976
f 677//5977 1264//5977 3055//5977
f 1688//5978 3209//5978 168//5978
f 2509//5979 2852//5979 1249//5979
f 1085//5980 1084//5980 1092//5980
f 3378//5981 2277//5981 31//5981
f 595//5982 986//5982 42//5982
f 2305//5983 2304//5983 1909//5983
f 1750//5984 1764//5984 1326//5984
f 1201//5985 326//5985 327//5985
f 1925//5986 326//5986 1201//5986
f 1250//5987 1251//5987 403//5987
f 1489//5988 1488//5988 160//5988
f 629//5989 1488//5989 1489//5989
f 2100//5990 2097//5990 2574//5990
f 3370//5991 2390//5991 2113//5991
f 2487//5992 3036//5992 2488//5992
f 2251//5993 2487//5993 2488//5993
f 3035//5994 1048//5994 1107//5994
f 2163//5995 2651//5995 2162//5995
f 851//5996 852//5996 2763//5996
f 1682//5997 238//5997 1669//5997
f 3376//5998 915//5998 3212//5998
f 117//5999 786//5999 2944//5999
f 2664//6000 2184//6000 2665//6000
f 1052//6001 1987//6001 1050//6001
f 3299//6002 3297//6002 1435//6002
f 270//6003 3353//6003 2751//6003
f 1604//6004 123//6004 1605//6004
f 312//6005 54//6005 3183//6005
f 111//6006 1705//6006 1453//6006
f 760//6007 2840//6007 155//6007
f 1872//6008 1873//6008 1665//6008
f 1225//6009 1767//6009 2221//6009
f 258//6010 1231//6010 259//6010
f 220//6011 118//6011 119//6011
f 1599//6012 2612//6012 1598//6012
f 1122//6013 2243//6013 1124//6013
f 87//6014 1290//6014 1288//6014
f 1289//6015 1288//6015 1290//6015
f 1171//6016 2399//6016 1172//6016
f 1170//6017 2399//6017 1171//6017
f 2854//6018 2427//6018 65//6018
f 2638//6019 2168//6019 951//6019
f 1043//6020 1044//6020 2633//6020
f 1044//6021 1043//6021 3262//6021
f 12//6022 2978//6022 2557//6022
f 1110//6023 2818//6023 1111//6023
f 372//6024 890//6024 3271//6024
f 3271//6025 1149//6025 372//6025
f 1673//6026 383//6026 1101//6026
f 1519//6027 3208//6027 1526//6027
f 2342//6028 2137//6028 1769//6028
f 1335//6029 2884//6029 1622//6029
f 2883//6030 2884//6030 1335//6030
f 216//6031 1786//6031 1787//6031
f 301//6032 1452//6032 1706//6032
f 301//6033 2863//6033 1452//6033
f 1287//6034 35//6034 1114//6034
f 2213//6035 2736//6035 2735//6035
f 2587//6036 1730//6036 2213//6036
f 579//6037 1463//6037 151//6037
f 1269//6038 2071//6038 2074//6038
f 1269//6039 1974//6039 2071//6039
f 753//6040 1806//6040 754//6040
f 1571//6041 735//6041 2081//6041
f 840//6042 3190//6042 2122//6042
f 3161//6043 962//6043 1307//6043
f 1307//6044 962//6044 961//6044
f 2885//6045 2635//6045 97//6045
f 2737//6046 2646//6046 320//6046
f 1845//6047 2737//6047 320//6047
f 2028//6048 95//6048 96//6048
f 1205//6049 2662//6049 1206//6049
f 374//6050 2376//6050 373//6050
f 2325//6051 2324//6051 2323//6051
f 136//6052 97//6052 2327//6052
f 2291//6053 2825//6053 1551//6053
f 456//6054 2455//6054 573//6054
f 843//6055 3346//6055 456//6055
f 2815//6056 3346//6056 843//6056
f 2699//6057 979//6057 2294//6057
f 1483//6058 2034//6058 1025//6058
f 122//6059 1430//6059 1604//6059
f 122//6060 1604//6060 1984//6060
f 1435//6061 128//6061 944//6061
f 777//6062 1233//6062 3235//6062
f 2103//6063 777//6063 3235//6063
f 2227//6064 1834//6064 1131//6064
f 1566//6065 1567//6065 1025//6065
f 1319//6066 1318//6066 3216//6066
f 420//6067 234//6067 2706//6067
f 234//6068 235//6068 2706//6068
f 832//6069 2433//6069 728//6069
f 2503//6070 3396//6070 1041//6070
f 3228//6071 1145//6071 1871//6071
f 1922//6072 3358//6072 544//6072
f 1243//6073 2033//6073 2027//6073
f 2289//6074 2287//6074 1567//6074
f 1815//6075 1814//6075 225//6075
f 528//6076 61//6076 60//6076
f 1336//6077 195//6077 1337//6077
f 2774//6078 2773//6078 2587//6078
f 3232//6079 3094//6079 1337//6079
f 2901//6080 272//6080 2226//6080
f 3139//6081 383//6081 1672//6081
f 2561//6082 1529//6082 59//6082
f 2477//6083 726//6083 3279//6083
f 3158//6084 2096//6084 753//6084
f 70//6085 753//6085 2096//6085
f 2923//6086 2924//6086 3329//6086
f 3328//6087 2923//6087 3329//6087
f 3002//6088 2022//6088 1162//6088
f 2922//6089 2121//6089 103//6089
f 3348//6090 1013//6090 1134//6090
f 852//6091 1618//6091 2492//6091
f 754//6092 3158//6092 753//6092
f 754//6093 2558//6093 3158//6093
f 871//6094 1848//6094 1858//6094
f 2620//6095 760//6095 2464//6095
f 3304//6096 671//6096 164//6096
f 3404//6097 590//6097 589//6097
f 732//6098 3374//6098 733//6098
f 1198//6099 2997//6099 3135//6099
f 2373//6100 219//6100 2648//6100
f 2081//6101 2715//6101 2694//6101
f 1572//6102 2081//6102 2694//6102
f 374//6103 373//6103 3042//6103
f 3042//6104 373//6104 2767//6104
f 1677//6105 2141//6105 1678//6105
f 3229//6106 3167//6106 1245//6106
f 3052//6107 535//6107 3015//6107
f 1478//6108 3084//6108 1477//6108
f 586//6109 1521//6109 3263//6109
f 3401//6110 1852//6110 1853//6110
f 2100//6111 2098//6111 70//6111
f 1131//6112 824//6112 1129//6112
f 3079//6113 2144//6113 2143//6113
f 2320//6114 1879//6114 2322//6114
f 2471//6115 2818//6115 2472//6115
f 1589//6116 3119//6116 1596//6116
f 1657//6117 2569//6117 1658//6117
f 1644//6118 3022//6118 1030//6118
f 1368//6119 1921//6119 3084//6119
f 3371//6120 1368//6120 3084//6120
f 3307//6121 740//6121 3308//6121
f 2440//6122 2483//6122 2482//6122
f 3099//6123 1444//6123 696//6123
f 353//6124 3338//6124 536//6124
f 2217//6125 2215//6125 693//6125
f 2215//6126 2216//6126 693//6126
f 1102//6127 397//6127 396//6127
f 1639//6128 3413//6128 3233//6128
f 3357//6129 2398//6129 2003//6129
f 1511//6130 1795//6130 406//6130
f 3234//6131 2320//6131 298//6131
f 3117//6132 3061//6132 2370//6132
f 3062//6133 3117//6133 3116//6133
f 3062//6134 3061//6134 3117//6134
f 1196//6135 402//6135 1936//6135
f 779//6136 1593//6136 780//6136
f 424//6137 3228//6137 1871//6137
f 649//6138 424//6138 1871//6138
f 2450//6139 467//6139 2451//6139
f 1781//6140 467//6140 2450//6140
f 243//6141 2865//6141 2034//6141
f 3219//6142 595//6142 2063//6142
f 2981//6143 2983//6143 895//6143
f 2983//6144 3220//6144 895//6144
f 2776//6145 2886//6145 1530//6145
f 2776//6146 2775//6146 2886//6146
f 1109//6147 810//6147 2481//6147
f 1149//6148 2940//6148 2941//6148
f 1262//6149 2748//6149 3104//6149
f 1991//6150 929//6150 2047//6150
f 1991//6151 2047//6151 3185//6151
f 2023//6152 2024//6152 547//6152
f 2946//6153 2447//6153 2945//6153
f 2946//6154 2293//6154 2447//6154
f 547//6155 546//6155 2899//6155
f 760//6156 155//6156 2464//6156
f 2008//6157 1394//6157 3195//6157
f 2194//6158 602//6158 3292//6158
f 2194//6159 601//6159 602//6159
f 1257//6160 1258//6160 3370//6160
f 1929//6161 1939//6161 1940//6161
f 3341//6162 1466//6162 3102//6162
f 2230//6163 478//6163 479//6163
f 1668//6164 1146//6164 3119//6164
f 2008//6165 3195//6165 2012//6165
f 3203//6166 617//6166 132//6166
f 1744//6167 1743//6167 1738//6167
f 1738//6168 2466//6168 1744//6168
f 2998//6169 2428//6169 1308//6169
f 1423//6170 2112//6170 1154//6170
f 1423//6171 1265//6171 2112//6171
f 3019//6172 1350//6172 2118//6172
f 2496//6173 560//6173 1776//6173
f 1748//6174 2876//6174 2591//6174
f 2838//6175 2581//6175 1956//6175
f 2329//6176 3380//6176 1406//6176
f 1361//6177 887//6177 2771//6177
f 1563//6178 178//6178 1022//6178
f 1056//6179 267//6179 2582//6179
f 2582//6180 267//6180 150//6180
f 40//6181 1470//6181 1469//6181
f 1470//6182 40//6182 1151//6182
f 21//6183 20//6183 2830//6183
f 236//6184 2945//6184 1677//6184
f 2301//6185 2303//6185 1437//6185
f 2303//6186 2564//6186 1437//6186
f 3015//6187 535//6187 948//6187
f 1014//6188 1636//6188 1637//6188
f 530//6189 1800//6189 1548//6189
f 1800//6190 2449//6190 1548//6190
f 2267//6191 1768//6191 2059//6191
f 111//6192 1453//6192 1949//6192
f 3276//6193 1989//6193 2048//6193
f 768//6194 767//6194 1002//6194
f 2029//6195 2033//6195 1243//6195
f 674//6196 166//6196 165//6196
f 3390//6197 413//6197 2473//6197
f 2697//6198 104//6198 920//6198
f 1214//6199 2907//6199 1196//6199
f 2271//6200 782//6200 1353//6200
f 870//6201 1882//6201 3347//6201
f 2319//6202 2960//6202 2318//6202
f 225//6203 3162//6203 1815//6203
f 392//6204 973//6204 3223//6204
f 97//6205 136//6205 2885//6205
f 196//6206 2822//6206 195//6206
f 3308//6207 740//6207 1411//6207
f 1349//6208 1165//6208 2633//6208
f 814//6209 1888//6209 2896//6209
f 2681//6210 985//6210 1686//6210
f 2681//6211 1686//6211 2682//6211
f 2536//6212 3050//6212 832//6212
f 2674//6213 3099//6213 1798//6213
f 1757//6214 1756//6214 294//6214
f 1355//6215 1970//6215 2826//6215
f 1172//6216 2399//6216 2400//6216
f 2400//6217 2399//6217 3256//6217
f 1779//6218 1004//6218 3214//6218
f 1779//6219 1778//6219 1004//6219
f 3251//6220 3250//6220 830//6220
f 3251//6221 830//6221 831//6221
f 125//6222 484//6222 2385//6222
f 172//6223 469//6223 3260//6223
f 954//6224 3106//6224 955//6224
f 118//6225 1326//6225 1763//6225
f 2151//6226 2501//6226 1247//6226
f 1457//6227 363//6227 2832//6227
f 67//6228 995//6228 3267//6228
f 2489//6229 2017//6229 822//6229
f 191//6230 2929//6230 2161//6230
f 1117//6231 1891//6231 1892//6231
f 1892//6232 616//6232 1117//6232
f 180//6233 2145//6233 1614//6233
f 1062//6234 2145//6234 180//6234
f 3372//6235 2410//6235 1119//6235
f 106//6236 1138//6236 107//6236
f 227//6237 1333//6237 3096//6237
f 2854//6238 1333//6238 227//6238
f 1652//6239 2711//6239 1858//6239
f 1712//6240 1529//6240 2997//6240
f 1680//6241 1681//6241 3010//6241
f 1680//6242 3010//6242 2897//6242
f 2830//6243 20//6243 891//6243
f 1156//6244 2234//6244 689//6244
f 144//6245 1377//6245 1386//6245
f 2615//6246 3200//6246 95//6246
f 82//6247 83//6247 173//6247
f 3386//6248 1111//6248 659//6248
f 3321//6249 1570//6249 2640//6249
f 1566//6250 2330//6250 278//6250
f 328//6251 1953//6251 1416//6251
f 390//6252 1609//6252 679//6252
f 157//6253 390//6253 679//6253
f 3372//6254 1119//6254 2606//6254
f 2494//6255 3098//6255 2904//6255
f 426//6256 3214//6256 427//6256
f 339//6257 1299//6257 1994//6257
f 1299//6258 558//6258 1994//6258
f 2892//6259 593//6259 256//6259
f 3367//6260 3402//6260 2991//6260
f 7//6261 2423//6261 8//6261
f 3394//6262 632//6262 248//6262
f 1731//6263 1730//6263 2587//6263
f 343//6264 1475//6264 2800//6264
f 1475//6265 1476//6265 2800//6265
f 2751//6266 2752//6266 340//6266
f 2574//6267 2096//6267 2572//6267
f 3030//6268 3031//6268 657//6268
f 1591//6269 2845//6269 3319//6269
f 676//6270 1006//6270 1953//6270
f 1506//6271 296//6271 1507//6271
f 1471//6272 260//6272 2159//6272
f 1112//6273 349//6273 3275//6273
f 3344//6274 1421//6274 842//6274
f 1422//6275 842//6275 1421//6275
f 3334//6276 3348//6276 3335//6276
f 77//6277 2494//6277 2493//6277
f 2518//6278 1850//6278 1766//6278
f 1779//6279 426//6279 1780//6279
f 2668//6280 996//6280 3121//6280
f 2326//6281 2327//6281 97//6281
f 2631//6282 2326//6282 97//6282
f 2649//6283 3121//6283 996//6283
f 730//6284 2637//6284 2636//6284
f 2600//6285 3400//6285 3164//6285
f 3400//6286 3346//6286 3164//6286
f 2442//6287 553//6287 2786//6287
f 2476//6288 3406//6288 649//6288
f 2383//6289 1686//6289 2382//6289
f 3178//6290 1020//6290 1132//6290
f 2955//6291 1688//6291 168//6291
f 2792//6292 2955//6292 168//6292
f 2052//6293 1313//6293 1419//6293
f 964//6294 962//6294 80//6294
f 253//6295 1343//6295 2465//6295
f 691//6296 2570//6296 2842//6296
f 362//6297 454//6297 3058//6297
f 2913//6298 3180//6298 1352//6298
f 581//6299 2274//6299 580//6299
f 2384//6300 2319//6300 2733//6300
f 2726//6301 1602//6301 2817//6301
f 1590//6302 2750//6302 653//6302
f 245//6303 1156//6303 962//6303
f 1156//6304 961//6304 962//6304
f 2391//6305 3370//6305 1258//6305
f 1345//6306 1346//6306 57//6306
f 3337//6307 2809//6307 2812//6307
f 2063//6308 595//6308 42//6308
f 1731//6309 2908//6309 634//6309
f 1911//6310 3343//6310 2705//6310
f 2257//6311 1287//6311 1114//6311
f 1121//6312 2257//6312 1114//6312
f 2785//6313 1063//6313 2415//6313
f 3311//6314 2843//6314 200//6314
f 2722//6315 1424//6315 261//6315
f 2722//6316 2527//6316 1424//6316
f 2821//6317 2353//6317 876//6317
f 1349//6318 2633//6318 1641//6318
f 2602//6319 1235//6319 2522//6319
f 1555//6320 2452//6320 3250//6320
f 17//6321 2138//6321 591//6321
f 2768//6322 2857//6322 1122//6322
f 30//6323 1327//6323 1420//6323
f 748//6324 1297//6324 3296//6324
f 2576//6325 2563//6325 870//6325
f 365//6326 367//6326 2120//6326
f 1826//6327 2627//6327 224//6327
f 1314//6328 2982//6328 2182//6328
f 2232//6329 254//6329 2233//6329
f 2790//6330 2789//6330 3219//6330
f 2941//6331 1229//6331 704//6331
f 1229//6332 2819//6332 704//6332
f 3140//6333 227//6333 3162//6333
f 3162//6334 227//6334 1815//6334
f 1785//6335 596//6335 2950//6335
f 734//6336 596//6336 1785//6336
f 634//6337 416//6337 1339//6337
f 129//6338 130//6338 2401//6338
f 3055//6339 1113//6339 2931//6339
f 3055//6340 1264//6340 1113//6340
f 1313//6341 1311//6341 1419//6341
f 1550//6342 1549//6342 2//6342
f 2855//6343 1380//6343 1379//6343
f 2725//6344 2164//6344 2162//6344
f 2725//6345 1660//6345 2164//6345
f 2119//6346 3062//6346 1347//6346
f 2493//6347 3062//6347 2119//6347
f 882//6348 3371//6348 3084//6348
f 882//6349 3084//6349 1478//6349
f 1673//6350 2714//6350 2418//6350
f 2865//6351 110//6351 3194//6351
f 243//6352 110//6352 2865//6352
f 9//6353 2578//6353 288//6353
f 287//6354 9//6354 288//6354
f 545//6355 2676//6355 2331//6355
f 414//6356 324//6356 1844//6356
f 1844//6357 2528//6357 414//6357
f 3018//6358 286//6358 284//6358
f 1099//6359 975//6359 1628//6359
f 3181//6360 3057//6360 2421//6360
f 1062//6361 2039//6361 1063//6361
f 229//6362 3067//6362 578//6362
f 2551//6363 3149//6363 1839//6363
f 2//6364 1549//6364 3//6364
f 1018//6365 1212//6365 339//6365
f 2160//6366 1018//6366 2954//6366
f 1249//6367 68//6367 2616//6367
f 1400//6368 3204//6368 1399//6368
f 1929//6369 1928//6369 1939//6369
f 3320//6370 2456//6370 2458//6370
f 348//6371 349//6371 1111//6371
f 2252//6372 133//6372 2086//6372
f 1796//6373 1124//6373 784//6373
f 2861//6374 1124//6374 1796//6374
f 460//6375 1770//6375 459//6375
f 2830//6376 3086//6376 21//6376
f 1160//6377 1459//6377 1158//6377
f 1158//6378 1459//6378 2388//6378
f 2388//6379 2389//6379 1158//6379
f 1576//6380 1574//6380 2676//6380
f 1574//6381 1575//6381 2676//6381
f 796//6382 2629//6382 797//6382
f 2298//6383 423//6383 1689//6383
f 1990//6384 1962//6384 1963//6384
f 800//6385 28//6385 1631//6385
f 1631//6386 28//6386 1632//6386
f 2643//6387 1656//6387 2653//6387
f 3399//6388 2771//6388 407//6388
f 1542//6389 3354//6389 1812//6389
f 524//6390 2681//6390 2683//6390
f 809//6391 2480//6391 810//6391
f 1115//6392 1116//6392 1315//6392
f 824//6393 825//6393 2635//6393
f 414//6394 2528//6394 1569//6394
f 1569//6395 2528//6395 2527//6395
f 13//6396 2215//6396 2217//6396
f 1197//6397 1529//6397 3153//6397
f 2327//6398 2223//6398 3168//6398
f 1867//6399 1869//6399 833//6399
f 2376//6400 3258//6400 373//6400
f 2376//6401 1198//6401 3258//6401
f 1975//6402 122//6402 1984//6402
f 2705//6403 2704//6403 1912//6403
f 2468//6404 737//6404 2746//6404
f 2338//6405 838//6405 1459//6405
f 656//6406 13//6406 2218//6406
f 2919//6407 363//6407 2916//6407
f 1669//6408 2351//6408 2898//6408
f 2636//6409 1997//6409 1516//6409
f 1439//6410 1736//6410 484//6410
f 2656//6411 2655//6411 966//6411
f 2006//6412 2000//6412 1999//6412
f 630//6413 40//6413 631//6413
f 2924//6414 3184//6414 2925//6414
f 651//6415 2013//6415 120//6415
f 3209//6416 1688//6416 750//6416
f 1615//6417 1612//6417 3068//6417
f 48//6418 1034//6418 1033//6418
f 1224//6419 1769//6419 1216//6419
f 2475//6420 1299//6420 1300//6420
f 1185//6421 600//6421 3407//6421
f 3267//6422 3324//6422 3011//6422
f 67//6423 3267//6423 3011//6423
f 3088//6424 2990//6424 2713//6424
f 2587//6425 2213//6425 2583//6425
f 2106//6426 1694//6426 1696//6426
f 2215//6427 3252//6427 1733//6427
f 2095//6428 2094//6428 1708//6428
f 2883//6429 1815//6429 2884//6429
f 1655//6430 976//6430 1560//6430
f 386//6431 127//6431 2056//6431
f 1793//6432 903//6432 1613//6432
f 1547//6433 1549//6433 1550//6433
f 2586//6434 2585//6434 3405//6434
f 529//6435 1224//6435 1770//6435
f 393//6436 2749//6436 2038//6436
f 1884//6437 3157//6437 1885//6437
f 355//6438 3287//6438 840//6438
f 3127//6439 718//6439 175//6439
f 1090//6440 3375//6440 3410//6440
f 1090//6441 3410//6441 2695//6441
f 2674//6442 1860//6442 1861//6442
f 170//6443 171//6443 55//6443
f 2295//6444 2668//6444 3121//6444
f 1200//6445 125//6445 1924//6445
f 1200//6446 1924//6446 1925//6446
f 200//6447 1106//6447 292//6447
f 952//6448 951//6448 2993//6448
f 2976//6449 1783//6449 584//6449
f 2693//6450 837//6450 2337//6450
f 3086//6451 2830//6451 890//6451
f 917//6452 2258//6452 1610//6452
f 1892//6453 2276//6453 616//6453
f 1583//6454 2147//6454 2146//6454
f 3384//6455 3385//6455 1208//6455
f 711//6456 1693//6456 713//6456
f 711//6457 713//6457 3254//6457
f 1797//6458 2946//6458 1679//6458
f 1203//6459 1813//6459 745//6459
f 1727//6460 1962//6460 3323//6460
f 2983//6461 1487//6461 3220//6461
f 1881//6462 2892//6462 1883//6462
f 1883//6463 1880//6463 1881//6463
f 87//6464 210//6464 1290//6464
f 846//6465 1457//6465 847//6465
f 252//6466 1070//6466 1068//6466
f 2786//6467 3026//6467 2787//6467
f 639//6468 2383//6468 1817//6468
f 3178//6469 2014//6469 1020//6469
f 2607//6470 199//6470 198//6470
f 2954//6471 1018//6471 339//6471
f 315//6472 573//6472 2093//6472
f 1016//6473 589//6473 3303//6473
f 1992//6474 558//6474 2248//6474
f 1481//6475 1625//6475 1480//6475
f 3115//6476 1345//6476 2570//6476
f 2998//6477 2623//6477 2428//6477
f 583//6478 1194//6478 582//6478
f 583//6479 1193//6479 1194//6479
f 767//6480 1003//6480 1002//6480
f 3394//6481 1920//6481 632//6481
f 59//6482 1529//6482 265//6482
f 2493//6483 3389//6483 3062//6483
f 695//6484 1359//6484 2554//6484
f 3286//6485 3190//6485 3287//6485
f 308//6486 1919//6486 1291//6486
f 1561//6487 1562//6487 2269//6487
f 3075//6488 861//6488 451//6488
f 299//6489 2813//6489 564//6489
f 144//6490 1386//6490 143//6490
f 3319//6491 2845//6491 1142//6491
f 1477//6492 1921//6492 1920//6492
f 128//6493 3092//6493 942//6493
f 3156//6494 1863//6494 1862//6494
f 3156//6495 1870//6495 1863//6495
f 2057//6496 2058//6496 725//6496
f 2852//6497 69//6497 68//6497
f 2852//6498 2853//6498 69//6498
f 1885//6499 3157//6499 828//6499
f 912//6500 913//6500 3230//6500
f 491//6501 732//6501 492//6501
f 2333//6502 808//6502 1904//6502
f 2135//6503 3412//6503 276//6503
f 476//6504 808//6504 3152//6504
f 2333//6505 3152//6505 808//6505
f 1468//6506 2740//6506 463//6506
f 3176//6507 2458//6507 1716//6507
f 479//6508 2471//6508 2470//6508
f 578//6509 1951//6509 2887//6509
f 1567//6510 2287//6510 1025//6510
f 2757//6511 1875//6511 2756//6511
f 283//6512 225//6512 1814//6512
f 9//6513 10//6513 640//6513
f 2957//6514 490//6514 2362//6514
f 2397//6515 399//6515 2117//6515
f 2835//6516 968//6516 1918//6516
f 121//6517 1429//6517 1430//6517
f 2541//6518 2540//6518 3101//6518
f 3253//6519 859//6519 226//6519
f 2675//6520 1306//6520 106//6520
f 2575//6521 1591//6521 2099//6521
f 2548//6522 1754//6522 1760//6522
f 2906//6523 2905//6523 251//6523
f 2025//6524 795//6524 1423//6524
f 3202//6525 285//6525 1968//6525
f 1626//6526 758//6526 2503//6526
f 2302//6527 427//6527 3217//6527
f 2302//6528 3217//6528 1982//6528
f 1079//6529 3166//6529 2834//6529
f 2613//6530 222//6530 2403//6530
f 2484//6531 696//6531 3044//6531
f 650//6532 649//6532 3406//6532
f 2418//6533 2714//6533 38//6533
f 2417//6534 2418//6534 38//6534
f 1238//6535 3031//6535 14//6535
f 560//6536 559//6536 1776//6536
f 1652//6537 907//6537 2711//6537
f 1297//6538 1298//6538 3296//6538
f 1726//6539 1963//6539 1727//6539
f 1963//6540 1962//6540 1727//6540
f 2291//6541 3325//6541 2825//6541
f 2559//6542 1772//6542 1771//6542
f 1007//6543 342//6543 1266//6543
f 2563//6544 1065//6544 1725//6544
f 1895//6545 540//6545 1899//6545
f 1710//6546 3014//6546 2008//6546
f 1119//6547 2410//6547 1120//6547
f 2880//6548 2275//6548 1248//6548
f 2456//6549 1765//6549 2457//6549
f 2393//6550 3193//6550 2890//6550
f 3221//6551 3131//6551 3191//6551
f 3092//6552 2495//6552 942//6552
f 1480//6553 1342//6553 1481//6553
f 1342//6554 1480//6554 3313//6554
f 753//6555 70//6555 2889//6555
f 551//6556 3336//6556 435//6556
f 875//6557 1336//6557 1192//6557
f 193//6558 2558//6558 1806//6558
f 1806//6559 2558//6559 754//6559
f 2301//6560 1437//6560 427//6560
f 435//6561 434//6561 221//6561
f 2141//6562 1677//6562 2447//6562
f 3347//6563 1883//6563 147//6563
f 1635//6564 868//6564 2274//6564
f 2389//6565 2950//6565 2949//6565
f 2208//6566 2207//6566 1881//6566
f 1380//6567 2658//6567 3352//6567
f 3377//6568 1843//6568 36//6568
f 3324//6569 1199//6569 273//6569
f 1771//6570 1772//6570 1774//6570
f 699//6571 701//6571 1444//6571
f 955//6572 956//6572 3385//6572
f 2634//6573 646//6573 2061//6573
f 2119//6574 1347//6574 2973//6574
f 2180//6575 2171//6575 2170//6575
f 401//6576 71//6576 2924//6576
f 71//6577 3184//6577 2924//6577
f 1113//6578 1889//6578 1496//6578
f 2041//6579 2561//6579 1010//6579
f 1958//6580 456//6580 573//6580
f 968//6581 364//6581 1918//6581
f 1336//6582 364//6582 195//6582
f 781//6583 780//6583 1872//6583
f 2331//6584 1757//6584 1232//6584
f 2843//6585 1131//6585 2169//6585
f 2243//6586 2240//6586 3409//6586
f 1938//6587 2239//6587 2240//6587
f 2135//6588 276//6588 2413//6588
f 1578//6589 1580//6589 46//6589
f 1310//6590 1544//6590 1985//6590
f 3371//6591 1367//6591 1368//6591
f 318//6592 1710//6592 2614//6592
f 318//6593 2614//6593 2615//6593
f 3207//6594 1631//6594 62//6594
f 1614//6595 2785//6595 3079//6595
f 26//6596 2142//6596 27//6596
f 2061//6597 1792//6597 485//6597
f 2364//6598 2997//6598 1529//6598
f 3284//6599 1973//6599 1946//6599
f 2060//6600 2836//6600 181//6600
f 668//6601 2032//6601 2744//6601
f 668//6602 2744//6602 2255//6602
f 286//6603 3018//6603 662//6603
f 1483//6604 243//6604 2034//6604
f 2697//6605 2698//6605 3375//6605
f 152//6606 2697//6606 3375//6606
f 1267//6607 1214//6607 1213//6607
f 2849//6608 612//6608 156//6608
f 989//6609 2762//6609 1606//6609
f 2429//6610 935//6610 3189//6610
f 2327//6611 328//6611 136//6611
f 1607//6612 858//6612 1606//6612
f 3218//6613 2788//6613 595//6613
f 87//6614 1288//6614 88//6614
f 759//6615 2847//6615 2306//6615
f 1586//6616 1820//6616 1268//6616
f 1202//6617 1813//6617 1204//6617
f 1202//6618 1204//6618 763//6618
f 198//6619 1977//6619 2607//6619
f 2395//6620 2641//6620 169//6620
f 1655//6621 714//6621 976//6621
f 2116//6622 129//6622 3159//6622
f 137//6623 136//6623 1004//6623
f 2534//6624 201//6624 1834//6624
f 2736//6625 769//6625 2735//6625
f 2272//6626 605//6626 1837//6626
f 1837//6627 1838//6627 2272//6627
f 205//6628 949//6628 364//6628
f 2571//6629 691//6629 3320//6629
f 569//6630 2728//6630 449//6630
f 352//6631 537//6631 917//6631
f 2022//6632 2021//6632 1242//6632
f 1457//6633 846//6633 363//6633
f 343//6634 1260//6634 344//6634
f 3346//6635 3198//6635 456//6635
f 1340//6636 1006//6636 2914//6636
f 1006//6637 3275//6637 2914//6637
f 1408//6638 2850//6638 873//6638
f 1171//6639 1026//6639 2911//6639
f 3249//6640 833//6640 513//6640
f 2644//6641 3207//6641 947//6641
f 2610//6642 210//6642 87//6642
f 785//6643 1763//6643 1762//6643
f 1334//6644 1335//6644 1630//6644
f 1704//6645 1564//6645 162//6645
f 1859//6646 2095//6646 2469//6646
f 2208//6647 593//6647 2207//6647
f 2012//6648 93//6648 95//6648
f 1170//6649 1178//6649 2399//6649
f 3315//6650 1787//6650 2017//6650
f 3366//6651 3212//6651 915//6651
f 1174//6652 2692//6652 3160//6652
f 3378//6653 31//6653 604//6653
f 2566//6654 44//6654 2900//6654
f 3252//6655 2215//6655 13//6655
f 3204//6656 3205//6656 1229//6656
f 345//6657 910//6657 1771//6657
f 97//6658 2635//6658 2632//6658
f 2384//6659 2732//6659 1932//6659
f 1166//6660 1402//6660 2644//6660
f 3012//6661 894//6661 2245//6661
f 401//6662 2923//6662 2709//6662
f 191//6663 1805//6663 2928//6663
f 2478//6664 2481//6664 995//6664
f 128//6665 942//6665 944//6665
f 2148//6666 928//6666 158//6666
f 1989//6667 2148//6667 158//6667
f 189//6668 2432//6668 325//6668
f 2644//6669 1052//6669 3207//6669
f 376//6670 656//6670 1653//6670
f 2639//6671 3240//6671 1666//6671
f 1549//6672 1334//6672 3//6672
f 1985//6673 453//6673 1050//6673
f 2336//6674 1968//6674 285//6674
f 2028//6675 96//6675 2029//6675
f 96//6676 2481//6676 2029//6676
f 2594//6677 1351//6677 510//6677
f 893//6678 1597//6678 2270//6678
f 745//6679 1813//6679 743//6679
f 2532//6680 945//6680 2872//6680
f 1029//6681 1284//6681 236//6681
f 1469//6682 1470//6682 3070//6682
f 1385//6683 2596//6683 2057//6683
f 1963//6684 2739//6684 1961//6684
f 49//6685 1963//6685 1961//6685
f 515//6686 2734//6686 3195//6686
f 490//6687 432//6687 1607//6687
f 2386//6688 3251//6688 831//6688
f 3401//6689 1853//6689 1848//6689
f 413//6690 3390//6690 189//6690
f 953//6691 816//6691 954//6691
f 1521//6692 2199//6692 351//6692
f 2137//6693 1576//6693 145//6693
f 2724//6694 2354//6694 1854//6694
f 1021//6695 1848//6695 91//6695
f 3401//6696 1848//6696 1021//6696
f 1620//6697 1619//6697 2378//6697
f 1104//6698 2109//6698 1105//6698
f 1998//6699 811//6699 1999//6699
f 1298//6700 1297//6700 1294//6700
f 1613//6701 788//6701 470//6701
f 3022//6702 1031//6702 700//6702
f 5//6703 470//6703 2958//6703
f 123//6704 124//6704 405//6704
f 303//6705 1878//6705 2568//6705
f 552//6706 3142//6706 440//6706
f 3380//5715 552//5715 440//5715
f 1449//6707 469//6707 172//6707
f 468//6708 469//6708 1449//6708
f 1293//6709 183//6709 2485//6709
f 928//6710 2147//6710 3020//6710
f 69//6711 2853//6711 1543//6711
f 3333//6712 2040//6712 3043//6712
f 2089//6713 3004//6713 2250//6713
f 1069//6714 1071//6714 1836//6714
f 363//6715 846//6715 3339//6715
f 2830//6716 891//6716 890//6716
f 648//6717 1416//6717 1953//6717
f 2110//6718 1645//6718 278//6718
f 1488//6719 3017//6719 160//6719
f 911//6720 2559//6720 1771//6720
f 1585//6721 3180//6721 1821//6721
f 1591//6722 2575//6722 556//6722
f 720//6723 3377//6723 2701//6723
f 1983//6724 588//6724 2882//6724
f 556//6725 2844//6725 1591//6725
f 647//6726 1416//6726 648//6726
f 509//6727 3051//6727 3291//6727
f 2965//6728 1663//6728 135//6728
f 1433//6729 1434//6729 1404//6729
f 2691//6730 3063//6730 3064//6730
f 2691//6731 2692//6731 3063//6731
f 1685//6732 95//6732 2028//6732
f 1001//6733 794//6733 3383//6733
f 2899//6734 3148//6734 549//6734
f 1399//6735 878//6735 3240//6735
f 2805//6736 3410//6736 3375//6736
f 3008//6737 565//6737 2315//6737
f 2602//6738 1945//6738 1235//6738
f 1697//6739 2603//6739 1122//6739
f 1697//6740 320//6740 2603//6740
f 485//6741 486//6741 778//6741
f 2034//6742 2868//6742 109//6742
f 1025//6743 2034//6743 109//6743
f 3071//6744 3072//6744 3253//6744
f 2243//6745 2827//6745 2828//6745
f 3244//6746 2263//6746 1609//6746
f 1279//6747 2938//6747 243//6747
f 54//6748 2699//6748 3183//6748
f 2852//6749 2281//6749 2853//6749
f 3288//6750 1277//6750 574//6750
f 2853//6751 3171//6751 724//6751
f 77//6752 3098//6752 2494//6752
f 1512//6753 521//6753 931//6753
f 3001//6754 2020//6754 2021//6754
f 3001//6755 412//6755 2020//6755
f 312//6756 3183//6756 1797//6756
f 2834//6757 3166//6757 2018//6757
f 568//6758 2329//6758 3277//6758
f 3277//6759 569//6759 568//6759
f 1315//6760 1616//6760 3068//6760
f 1787//6761 1786//6761 875//6761
f 2009//6762 2726//6762 1073//6762
f 450//6763 1426//6763 3142//6763
f 1739//6764 1486//6764 1485//6764
f 1957//6765 2308//6765 2309//6765
f 2935//6766 477//6766 1496//6766
f 281//6767 2346//6767 3412//6767
f 1640//6768 2503//6768 1041//6768
f 2104//6769 1563//6769 776//6769
f 95//6770 93//6770 2650//6770
f 2460//6771 1272//6771 3149//6771
f 2365//6772 940//6772 2859//6772
f 2475//6773 1195//6773 557//6773
f 2873//6774 2061//6774 2060//6774
f 2792//6775 684//6775 683//6775
f 2624//6776 2627//6776 2625//6776
f 77//6777 2493//6777 2973//6777
f 1956//6778 2310//6778 2838//6778
f 2737//6779 1845//6779 29//6779
f 247//6780 632//6780 633//6780
f 3047//6781 1998//6781 2254//6781
f 2227//6782 2534//6782 1834//6782
f 2164//6783 519//6783 2162//6783
f 1426//6784 2764//6784 900//6784
f 1426//6785 900//6785 3142//6785
f 2942//6786 1081//6786 3127//6786
f 3336//6787 433//6787 435//6787
f 3211//6788 3257//6788 916//6788
f 913//6789 3257//6789 3211//6789
f 735//6790 2791//6790 2715//6790
f 2072//6791 2638//6791 1072//6791
f 1210//6792 2253//6792 2930//6792
f 136//6793 1416//6793 647//6793
f 201//6794 75//6794 1135//6794
f 1140//6795 743//6795 1813//6795
f 732//6796 2003//6796 3374//6796
f 679//6797 2721//6797 157//6797
f 2929//6798 1155//6798 1240//6798
f 3055//6799 2931//6799 677//6799
f 2244//6800 2241//6800 253//6800
f 2542//6801 1720//6801 687//6801
f 2417//6802 1673//6802 2418//6802
f 3043//6803 2040//6803 635//6803
f 878//6804 138//6804 3240//6804
f 3318//6805 1096//6805 2808//6805
f 367//6806 1094//6806 2123//6806
f 890//6807 1469//6807 3070//6807
f 1053//6808 3013//6808 1054//6808
f 254//6809 3043//6809 253//6809
f 2927//6810 300//6810 2053//6810
f 2550//6811 1600//6811 886//6811
f 2158//6812 2183//6812 1491//6812
f 3282//6813 824//6813 2635//6813
f 3373//6814 625//6814 3266//6814
f 3373//6815 2136//6815 625//6815
f 3387//6816 1024//6816 3361//6816
f 322//6817 2424//6817 16//6817
f 322//6818 2425//6818 2424//6818
f 1987//6819 1986//6819 1050//6819
f 1559//6820 1656//6820 1655//6820
f 3320//6821 691//6821 2456//6821
