# Blender v2.78 (sub 0) OBJ File: ''
# www.blender.org
mtllib wirefrmae sphere.mtl
o Sphere
v 0.037668 0.970989 -0.189371
v 0.038452 0.990581 -0.193313
v 0.073901 0.914663 -0.371526
v 0.075414 0.933096 -0.379134
v 0.107294 0.823183 -0.539405
v 0.109478 0.839756 -0.550385
v 0.136565 0.700066 -0.686555
v 0.139335 0.714147 -0.700485
v 0.160586 0.550043 -0.807320
v 0.163837 0.561098 -0.823666
v 0.178436 0.378878 -0.897058
v 0.182044 0.386489 -0.915197
v 0.189428 0.193151 -0.952318
v 0.193256 0.197030 -0.971561
v 0.193140 0.000000 -0.970978
v 0.197041 0.000000 -0.990593
v 0.189428 -0.193151 -0.952318
v 0.193256 -0.197029 -0.971561
v 0.178436 -0.378878 -0.897058
v 0.182044 -0.386489 -0.915197
v 0.160586 -0.550043 -0.807320
v 0.163837 -0.561098 -0.823666
v 0.136565 -0.700066 -0.686555
v 0.139335 -0.714147 -0.700485
v 0.107294 -0.823183 -0.539405
v 0.109478 -0.839756 -0.550385
v 0.073901 -0.914663 -0.371526
v 0.075414 -0.933097 -0.379134
v 0.037668 -0.970989 -0.189371
v 0.038452 -0.990581 -0.193312
v 0.073889 0.970989 -0.178383
v 0.075427 0.990581 -0.182096
v 0.144963 0.914663 -0.349970
v 0.147931 0.933096 -0.357137
v 0.210466 0.823183 -0.508109
v 0.214750 0.839756 -0.518451
v 0.267881 0.700066 -0.646721
v 0.273316 0.714147 -0.659842
v 0.315001 0.550043 -0.760479
v 0.321379 0.561098 -0.775877
v 0.350015 0.378878 -0.845010
v 0.357092 0.386489 -0.862097
v 0.371576 0.193151 -0.897064
v 0.379084 0.197030 -0.915191
v 0.378857 0.000000 -0.914641
v 0.386510 0.000000 -0.933118
v 0.371576 -0.193151 -0.897064
v 0.379084 -0.197029 -0.915191
v 0.350015 -0.378878 -0.845010
v 0.357092 -0.386489 -0.862097
v 0.315001 -0.550043 -0.760479
v 0.321379 -0.561098 -0.775877
v 0.267881 -0.700066 -0.646721
v 0.273316 -0.714147 -0.659842
v 0.210466 -0.823183 -0.508108
v 0.214750 -0.839756 -0.518451
v 0.144963 -0.914663 -0.349970
v 0.147931 -0.933097 -0.357137
v 0.073889 -0.970989 -0.178383
v 0.075427 -0.990581 -0.182096
v 0.107270 0.970989 -0.160541
v 0.109503 0.990581 -0.163883
v 0.210453 0.914663 -0.314965
v 0.214763 0.933096 -0.321415
v 0.305549 0.823183 -0.457286
v 0.311768 0.839756 -0.466594
v 0.388903 0.700066 -0.582033
v 0.396793 0.714147 -0.593842
v 0.457310 0.550043 -0.684413
v 0.466570 0.561098 -0.698271
v 0.508143 0.378878 -0.760489
v 0.518418 0.386489 -0.775867
v 0.539445 0.193151 -0.807336
v 0.550345 0.197030 -0.823650
v 0.550015 0.000000 -0.823155
v 0.561126 0.000000 -0.839784
v 0.539445 -0.193151 -0.807336
v 0.550345 -0.197029 -0.823650
v 0.508143 -0.378878 -0.760489
v 0.518418 -0.386489 -0.775867
v 0.457310 -0.550043 -0.684413
v 0.466570 -0.561098 -0.698271
v 0.388903 -0.700066 -0.582033
v 0.396793 -0.714147 -0.593842
v 0.305549 -0.823183 -0.457286
v 0.311768 -0.839756 -0.466594
v 0.210453 -0.914663 -0.314965
v 0.214763 -0.933097 -0.321414
v 0.107270 -0.970989 -0.160541
v 0.109503 -0.990581 -0.163882
v 0.136529 0.970989 -0.136529
v 0.139371 0.990581 -0.139371
v 0.267856 0.914663 -0.267855
v 0.273341 0.933096 -0.273341
v 0.388890 0.823183 -0.388889
v 0.396806 0.839756 -0.396805
v 0.494979 0.700066 -0.494979
v 0.505021 0.714147 -0.505021
v 0.582045 0.550043 -0.582045
v 0.593831 0.561098 -0.593830
v 0.646743 0.378878 -0.646742
v 0.659820 0.386489 -0.659820
v 0.686584 0.193151 -0.686583
v 0.700457 0.197030 -0.700456
v 0.700036 0.000000 -0.700036
v 0.714178 0.000000 -0.714177
v 0.686584 -0.193151 -0.686583
v 0.700457 -0.197029 -0.700456
v 0.646743 -0.378878 -0.646743
v 0.659820 -0.386489 -0.659820
v 0.582045 -0.550043 -0.582045
v 0.593831 -0.561098 -0.593830
v 0.494979 -0.700066 -0.494979
v 0.505021 -0.714147 -0.505021
v 0.388890 -0.823183 -0.388889
v 0.396806 -0.839756 -0.396805
v 0.267855 -0.914663 -0.267855
v 0.273341 -0.933097 -0.273341
v 0.136529 -0.970989 -0.136528
v 0.139371 -0.990581 -0.139370
v 0.160541 0.970989 -0.107270
v 0.163883 0.990581 -0.109503
v 0.314965 0.914663 -0.210452
v 0.321415 0.933096 -0.214762
v 0.457286 0.823183 -0.305548
v 0.466594 0.839756 -0.311768
v 0.582034 0.700066 -0.388902
v 0.593842 0.714147 -0.396792
v 0.684413 0.550043 -0.457310
v 0.698271 0.561098 -0.466569
v 0.760489 0.378878 -0.508142
v 0.775867 0.386489 -0.518417
v 0.807337 0.193151 -0.539445
v 0.823650 0.197030 -0.550345
v 0.823155 0.000000 -0.550014
v 0.839784 0.000000 -0.561126
v 0.807337 -0.193151 -0.539445
v 0.823650 -0.197029 -0.550345
v 0.760489 -0.378878 -0.508142
v 0.775867 -0.386489 -0.518417
v 0.684413 -0.550043 -0.457310
v 0.698271 -0.561098 -0.466569
v 0.582034 -0.700066 -0.388902
v 0.593842 -0.714147 -0.396792
v 0.457286 -0.823183 -0.305548
v 0.466594 -0.839756 -0.311768
v 0.314965 -0.914663 -0.210452
v 0.321415 -0.933097 -0.214762
v 0.160541 -0.970989 -0.107270
v 0.163883 -0.990581 -0.109502
v 0.000000 -0.990000 0.000000
v 0.000000 -1.010000 0.000000
v 0.178384 0.970989 -0.073889
v 0.182097 0.990581 -0.075427
v 0.349970 0.914663 -0.144962
v 0.357137 0.933096 -0.147931
v 0.508109 0.823183 -0.210465
v 0.518452 0.839756 -0.214749
v 0.646721 0.700066 -0.267880
v 0.659842 0.714147 -0.273315
v 0.760479 0.550043 -0.315001
v 0.775877 0.561098 -0.321378
v 0.845010 0.378878 -0.350015
v 0.862097 0.386489 -0.357092
v 0.897064 0.193151 -0.371576
v 0.915191 0.197030 -0.379084
v 0.914641 0.000000 -0.378856
v 0.933118 0.000000 -0.386510
v 0.897064 -0.193151 -0.371576
v 0.915191 -0.197029 -0.379084
v 0.845010 -0.378878 -0.350015
v 0.862097 -0.386489 -0.357092
v 0.760479 -0.550043 -0.315001
v 0.775877 -0.561098 -0.321378
v 0.646721 -0.700066 -0.267880
v 0.659842 -0.714147 -0.273315
v 0.508109 -0.823183 -0.210465
v 0.518452 -0.839756 -0.214749
v 0.349970 -0.914663 -0.144962
v 0.357137 -0.933097 -0.147930
v 0.178384 -0.970989 -0.073888
v 0.182096 -0.990581 -0.075427
v 0.189371 0.970989 -0.037668
v 0.193313 0.990581 -0.038452
v 0.371526 0.914663 -0.073901
v 0.379135 0.933096 -0.075414
v 0.539405 0.823183 -0.107294
v 0.550385 0.839756 -0.109478
v 0.686555 0.700066 -0.136564
v 0.700485 0.714147 -0.139335
v 0.807320 0.550043 -0.160586
v 0.823667 0.561098 -0.163837
v 0.897058 0.378878 -0.178436
v 0.915197 0.386489 -0.182044
v 0.952318 0.193151 -0.189428
v 0.971561 0.197030 -0.193255
v 0.970978 0.000000 -0.193139
v 0.990593 0.000000 -0.197041
v 0.952318 -0.193151 -0.189428
v 0.971561 -0.197029 -0.193255
v 0.897058 -0.378878 -0.178436
v 0.915197 -0.386489 -0.182044
v 0.807320 -0.550043 -0.160586
v 0.823667 -0.561098 -0.163837
v 0.686555 -0.700066 -0.136564
v 0.700485 -0.714147 -0.139335
v 0.539405 -0.823183 -0.107294
v 0.550385 -0.839756 -0.109478
v 0.371526 -0.914663 -0.073901
v 0.379135 -0.933097 -0.075414
v 0.189371 -0.970989 -0.037668
v 0.193313 -0.990581 -0.038452
v 0.193081 0.970989 0.000000
v 0.197100 0.990581 0.000000
v 0.378805 0.914663 0.000000
v 0.386562 0.933096 0.000000
v 0.549973 0.823183 0.000000
v 0.561168 0.839756 0.000000
v 0.700006 0.700066 0.000000
v 0.714208 0.714147 0.000000
v 0.823136 0.550043 0.000000
v 0.839803 0.561098 0.000000
v 0.914632 0.378878 0.000000
v 0.933127 0.386489 0.000000
v 0.970975 0.193151 0.000000
v 0.990595 0.197030 0.000000
v 0.990000 0.000000 0.000000
v 1.010000 0.000000 0.000000
v 0.970975 -0.193151 0.000000
v 0.990595 -0.197029 0.000000
v 0.914632 -0.378878 0.000000
v 0.933127 -0.386489 0.000000
v 0.823136 -0.550043 0.000000
v 0.839803 -0.561098 0.000000
v 0.700006 -0.700066 0.000000
v 0.714208 -0.714147 0.000000
v 0.549973 -0.823183 0.000000
v 0.561168 -0.839756 0.000000
v 0.378805 -0.914663 0.000000
v 0.386562 -0.933097 0.000000
v 0.193081 -0.970989 0.000000
v 0.197100 -0.990581 0.000000
v 0.189371 0.970989 0.037669
v 0.193313 0.990581 0.038452
v 0.371526 0.914663 0.073902
v 0.379135 0.933096 0.075415
v 0.539405 0.823183 0.107295
v 0.550385 0.839756 0.109479
v 0.686555 0.700066 0.136565
v 0.700485 0.714147 0.139335
v 0.807320 0.550043 0.160586
v 0.823666 0.561098 0.163838
v 0.897058 0.378878 0.178436
v 0.915197 0.386489 0.182044
v 0.952318 0.193151 0.189428
v 0.971561 0.197030 0.193256
v 0.970978 0.000000 0.193140
v 0.990593 0.000000 0.197041
v 0.952318 -0.193151 0.189428
v 0.971561 -0.197029 0.193256
v 0.897058 -0.378878 0.178436
v 0.915197 -0.386489 0.182044
v 0.807320 -0.550043 0.160586
v 0.823666 -0.561098 0.163838
v 0.686555 -0.700066 0.136565
v 0.700485 -0.714147 0.139335
v 0.539405 -0.823183 0.107295
v 0.550385 -0.839756 0.109479
v 0.371526 -0.914663 0.073902
v 0.379135 -0.933097 0.075415
v 0.189371 -0.970989 0.037669
v 0.193313 -0.990581 0.038452
v 0.178384 0.970989 0.073889
v 0.182097 0.990581 0.075427
v 0.349970 0.914663 0.144963
v 0.357137 0.933096 0.147931
v 0.508109 0.823183 0.210466
v 0.518452 0.839756 0.214750
v 0.646721 0.700066 0.267881
v 0.659842 0.714147 0.273316
v 0.760479 0.550043 0.315001
v 0.775877 0.561098 0.321379
v 0.845010 0.378878 0.350015
v 0.862097 0.386489 0.357092
v 0.897064 0.193151 0.371577
v 0.915191 0.197030 0.379085
v 0.914641 0.000000 0.378857
v 0.933118 0.000000 0.386511
v 0.897064 -0.193151 0.371577
v 0.915191 -0.197029 0.379085
v 0.845010 -0.378878 0.350015
v 0.862097 -0.386489 0.357092
v 0.760479 -0.550043 0.315001
v 0.775877 -0.561098 0.321379
v 0.646721 -0.700066 0.267881
v 0.659842 -0.714147 0.273316
v 0.508109 -0.823183 0.210466
v 0.518451 -0.839756 0.214750
v 0.349970 -0.914663 0.144963
v 0.357137 -0.933097 0.147931
v 0.178384 -0.970989 0.073889
v 0.182096 -0.990581 0.075427
v 0.160541 0.970989 0.107270
v 0.163883 0.990581 0.109503
v 0.314965 0.914663 0.210453
v 0.321415 0.933096 0.214763
v 0.457286 0.823183 0.305549
v 0.466594 0.839756 0.311769
v 0.582034 0.700066 0.388903
v 0.593842 0.714147 0.396793
v 0.684413 0.550043 0.457310
v 0.698271 0.561098 0.466570
v 0.760489 0.378878 0.508143
v 0.775867 0.386489 0.518418
v 0.807336 0.193151 0.539445
v 0.823650 0.197030 0.550345
v 0.823155 0.000000 0.550015
v 0.839784 0.000000 0.561126
v 0.807336 -0.193151 0.539445
v 0.823650 -0.197029 0.550345
v 0.760489 -0.378878 0.508143
v 0.775867 -0.386489 0.518418
v 0.684413 -0.550043 0.457310
v 0.698271 -0.561098 0.466570
v 0.582034 -0.700066 0.388903
v 0.593842 -0.714147 0.396793
v 0.457286 -0.823183 0.305549
v 0.466594 -0.839756 0.311769
v 0.314965 -0.914663 0.210453
v 0.321415 -0.933097 0.214763
v 0.160541 -0.970989 0.107270
v 0.163883 -0.990581 0.109503
v 0.136529 0.970989 0.136529
v 0.139371 0.990581 0.139371
v 0.267856 0.914663 0.267856
v 0.273341 0.933096 0.273341
v 0.388890 0.823183 0.388890
v 0.396806 0.839756 0.396806
v 0.494979 0.700066 0.494979
v 0.505021 0.714147 0.505022
v 0.582045 0.550043 0.582046
v 0.593830 0.561098 0.593831
v 0.646743 0.378878 0.646743
v 0.659820 0.386489 0.659821
v 0.686583 0.193151 0.686584
v 0.700456 0.197030 0.700457
v 0.700036 0.000000 0.700036
v 0.714178 0.000000 0.714178
v 0.686583 -0.193151 0.686584
v 0.700456 -0.197029 0.700457
v 0.646743 -0.378878 0.646743
v 0.659820 -0.386489 0.659821
v 0.582045 -0.550043 0.582046
v 0.593830 -0.561098 0.593831
v 0.494979 -0.700066 0.494979
v 0.505021 -0.714147 0.505022
v 0.388890 -0.823183 0.388890
v 0.396805 -0.839756 0.396806
v 0.267855 -0.914663 0.267856
v 0.273341 -0.933097 0.273341
v 0.136529 -0.970989 0.136529
v 0.139371 -0.990581 0.139371
v 0.107270 0.970989 0.160541
v 0.109503 0.990581 0.163883
v 0.210453 0.914663 0.314965
v 0.214763 0.933096 0.321415
v 0.305549 0.823183 0.457286
v 0.311768 0.839756 0.466594
v 0.388902 0.700066 0.582034
v 0.396793 0.714147 0.593843
v 0.457310 0.550043 0.684413
v 0.466569 0.561098 0.698271
v 0.508143 0.378878 0.760489
v 0.518418 0.386489 0.775867
v 0.539445 0.193151 0.807337
v 0.550345 0.197030 0.823650
v 0.550015 0.000000 0.823156
v 0.561126 0.000000 0.839785
v 0.539445 -0.193151 0.807337
v 0.550345 -0.197029 0.823650
v 0.508143 -0.378878 0.760489
v 0.518418 -0.386489 0.775867
v 0.457310 -0.550043 0.684413
v 0.466569 -0.561098 0.698271
v 0.388902 -0.700066 0.582034
v 0.396793 -0.714147 0.593843
v 0.305548 -0.823183 0.457286
v 0.311768 -0.839756 0.466594
v 0.210453 -0.914663 0.314965
v 0.214762 -0.933097 0.321415
v 0.107270 -0.970989 0.160541
v 0.109503 -0.990581 0.163883
v 0.073889 0.970989 0.178384
v 0.075427 0.990581 0.182097
v 0.144963 0.914663 0.349970
v 0.147931 0.933096 0.357137
v 0.210465 0.823183 0.508109
v 0.214750 0.839756 0.518452
v 0.267881 0.700066 0.646721
v 0.273315 0.714147 0.659842
v 0.315001 0.550043 0.760479
v 0.321378 0.561098 0.775877
v 0.350015 0.378878 0.845010
v 0.357092 0.386489 0.862097
v 0.371576 0.193151 0.897064
v 0.379084 0.197030 0.915191
v 0.378857 0.000000 0.914641
v 0.386510 0.000000 0.933119
v 0.371576 -0.193151 0.897064
v 0.379084 -0.197029 0.915191
v 0.350015 -0.378878 0.845010
v 0.357092 -0.386489 0.862097
v 0.315001 -0.550043 0.760479
v 0.321378 -0.561098 0.775877
v 0.267881 -0.700066 0.646721
v 0.273315 -0.714147 0.659842
v 0.210465 -0.823183 0.508109
v 0.214750 -0.839756 0.518452
v 0.144963 -0.914663 0.349970
v 0.147931 -0.933097 0.357137
v 0.073889 -0.970989 0.178384
v 0.075427 -0.990581 0.182097
v 0.037668 0.970989 0.189371
v 0.038452 0.990581 0.193313
v 0.073901 0.914663 0.371527
v 0.075414 0.933096 0.379135
v 0.107294 0.823183 0.539406
v 0.109478 0.839756 0.550385
v 0.136564 0.700066 0.686555
v 0.139335 0.714147 0.700485
v 0.160586 0.550043 0.807320
v 0.163837 0.561098 0.823667
v 0.178436 0.378878 0.897058
v 0.182044 0.386489 0.915198
v 0.189428 0.193151 0.952318
v 0.193255 0.197030 0.971561
v 0.193140 0.000000 0.970978
v 0.197041 0.000000 0.990593
v 0.189428 -0.193151 0.952318
v 0.193255 -0.197029 0.971561
v 0.178436 -0.378878 0.897058
v 0.182044 -0.386489 0.915198
v 0.160586 -0.550043 0.807320
v 0.163837 -0.561098 0.823667
v 0.136564 -0.700066 0.686555
v 0.139335 -0.714147 0.700485
v 0.107294 -0.823183 0.539405
v 0.109478 -0.839756 0.550385
v 0.073901 -0.914663 0.371526
v 0.075414 -0.933097 0.379135
v 0.037668 -0.970989 0.189371
v 0.038452 -0.990581 0.193313
v -0.000000 0.970989 0.193081
v -0.000000 0.990581 0.197100
v 0.000000 0.914663 0.378805
v 0.000000 0.933096 0.386562
v 0.000000 0.823183 0.549973
v 0.000000 0.839756 0.561168
v -0.000000 0.700066 0.700006
v -0.000000 0.714147 0.714208
v -0.000000 0.550043 0.823136
v -0.000000 0.561098 0.839803
v 0.000000 0.378878 0.914632
v 0.000000 0.386489 0.933127
v -0.000000 0.193151 0.970976
v -0.000000 0.197030 0.990595
v -0.000000 0.000000 0.990000
v -0.000000 0.000000 1.010000
v -0.000000 -0.193151 0.970976
v -0.000000 -0.197029 0.990595
v 0.000000 -0.378878 0.914632
v 0.000000 -0.386489 0.933127
v -0.000000 -0.550043 0.823136
v -0.000000 -0.561098 0.839803
v -0.000000 -0.700066 0.700006
v -0.000000 -0.714147 0.714208
v -0.000000 -0.823183 0.549973
v -0.000000 -0.839756 0.561168
v 0.000000 -0.914663 0.378805
v 0.000000 -0.933097 0.386562
v 0.000000 -0.970989 0.193081
v 0.000000 -0.990581 0.197100
v -0.037668 0.970989 0.189371
v -0.038452 0.990581 0.193313
v -0.073901 0.914663 0.371527
v -0.075414 0.933096 0.379135
v -0.107294 0.823183 0.539406
v -0.109478 0.839756 0.550385
v -0.136564 0.700066 0.686555
v -0.139335 0.714147 0.700485
v -0.160586 0.550043 0.807320
v -0.163837 0.561098 0.823666
v -0.178436 0.378878 0.897058
v -0.182044 0.386489 0.915198
v -0.189428 0.193151 0.952318
v -0.193256 0.197030 0.971561
v -0.193140 0.000000 0.970978
v -0.197041 0.000000 0.990593
v -0.189428 -0.193151 0.952318
v -0.193256 -0.197029 0.971561
v -0.178436 -0.378878 0.897058
v -0.182044 -0.386489 0.915198
v -0.160586 -0.550043 0.807320
v -0.163837 -0.561098 0.823666
v -0.136564 -0.700066 0.686555
v -0.139335 -0.714147 0.700485
v -0.107294 -0.823183 0.539405
v -0.109478 -0.839756 0.550385
v -0.073901 -0.914663 0.371526
v -0.075414 -0.933097 0.379135
v -0.037668 -0.970989 0.189371
v -0.038452 -0.990581 0.193313
v -0.073889 0.970989 0.178384
v -0.075427 0.990581 0.182097
v -0.144962 0.914663 0.349970
v -0.147931 0.933096 0.357137
v -0.210465 0.823183 0.508109
v -0.214750 0.839756 0.518452
v -0.267881 0.700066 0.646721
v -0.273315 0.714147 0.659842
v -0.315001 0.550043 0.760479
v -0.321379 0.561098 0.775877
v -0.350015 0.378878 0.845010
v -0.357092 0.386489 0.862097
v -0.371576 0.193151 0.897064
v -0.379084 0.197030 0.915191
v -0.378857 0.000000 0.914641
v -0.386510 0.000000 0.933118
v -0.371576 -0.193151 0.897064
v -0.379084 -0.197029 0.915191
v -0.350015 -0.378878 0.845010
v -0.357092 -0.386489 0.862097
v -0.315001 -0.550043 0.760479
v -0.321379 -0.561098 0.775877
v -0.267881 -0.700066 0.646721
v -0.273315 -0.714147 0.659842
v -0.210465 -0.823183 0.508109
v -0.214750 -0.839756 0.518452
v -0.144962 -0.914663 0.349970
v -0.147931 -0.933097 0.357137
v -0.073889 -0.970989 0.178384
v -0.075427 -0.990581 0.182097
v -0.000000 0.990000 0.000001
v -0.000000 1.010000 0.000001
v -0.107270 0.970989 0.160541
v -0.109503 0.990581 0.163883
v -0.210453 0.914663 0.314965
v -0.214762 0.933096 0.321415
v -0.305548 0.823183 0.457286
v -0.311768 0.839756 0.466594
v -0.388902 0.700066 0.582034
v -0.396793 0.714147 0.593843
v -0.457310 0.550043 0.684413
v -0.466569 0.561098 0.698271
v -0.508142 0.378878 0.760489
v -0.518417 0.386489 0.775867
v -0.539445 0.193151 0.807337
v -0.550345 0.197030 0.823650
v -0.550015 0.000000 0.823155
v -0.561126 0.000000 0.839784
v -0.539445 -0.193151 0.807337
v -0.550345 -0.197029 0.823650
v -0.508142 -0.378878 0.760489
v -0.518417 -0.386489 0.775867
v -0.457310 -0.550043 0.684413
v -0.466569 -0.561098 0.698271
v -0.388902 -0.700066 0.582034
v -0.396793 -0.714147 0.593843
v -0.305548 -0.823183 0.457286
v -0.311768 -0.839756 0.466594
v -0.210453 -0.914663 0.314965
v -0.214762 -0.933097 0.321415
v -0.107270 -0.970989 0.160541
v -0.109503 -0.990581 0.163883
v -0.136529 0.970989 0.136529
v -0.139371 0.990581 0.139371
v -0.267855 0.914663 0.267856
v -0.273341 0.933096 0.273341
v -0.388890 0.823183 0.388890
v -0.396805 0.839756 0.396806
v -0.494979 0.700066 0.494979
v -0.505021 0.714147 0.505021
v -0.582045 0.550043 0.582045
v -0.593830 0.561098 0.593830
v -0.646743 0.378878 0.646743
v -0.659820 0.386489 0.659821
v -0.686583 0.193151 0.686583
v -0.700456 0.197030 0.700456
v -0.700036 0.000000 0.700036
v -0.714178 0.000000 0.714178
v -0.686583 -0.193151 0.686583
v -0.700456 -0.197029 0.700456
v -0.646743 -0.378878 0.646743
v -0.659820 -0.386489 0.659821
v -0.582045 -0.550043 0.582045
v -0.593830 -0.561098 0.593830
v -0.494979 -0.700066 0.494979
v -0.505021 -0.714147 0.505021
v -0.388889 -0.823183 0.388890
v -0.396805 -0.839756 0.396806
v -0.267855 -0.914663 0.267856
v -0.273341 -0.933097 0.273341
v -0.136529 -0.970989 0.136529
v -0.139371 -0.990581 0.139371
v -0.160541 0.970989 0.107270
v -0.163883 0.990581 0.109503
v -0.314965 0.914663 0.210453
v -0.321415 0.933096 0.214763
v -0.457286 0.823183 0.305549
v -0.466594 0.839756 0.311768
v -0.582033 0.700066 0.388903
v -0.593842 0.714147 0.396793
v -0.684413 0.550043 0.457310
v -0.698270 0.561098 0.466569
v -0.760489 0.378878 0.508143
v -0.775867 0.386489 0.518418
v -0.807336 0.193151 0.539445
v -0.823650 0.197030 0.550345
v -0.823155 0.000000 0.550015
v -0.839784 0.000000 0.561126
v -0.807336 -0.193151 0.539445
v -0.823650 -0.197029 0.550345
v -0.760489 -0.378878 0.508143
v -0.775867 -0.386489 0.518418
v -0.684413 -0.550043 0.457310
v -0.698270 -0.561098 0.466569
v -0.582033 -0.700066 0.388903
v -0.593842 -0.714147 0.396793
v -0.457286 -0.823183 0.305549
v -0.466594 -0.839756 0.311768
v -0.314965 -0.914663 0.210453
v -0.321414 -0.933097 0.214763
v -0.160541 -0.970989 0.107270
v -0.163883 -0.990581 0.109503
v -0.178384 0.970989 0.073889
v -0.182097 0.990581 0.075427
v -0.349970 0.914663 0.144963
v -0.357137 0.933096 0.147931
v -0.508109 0.823183 0.210466
v -0.518451 0.839756 0.214750
v -0.646721 0.700066 0.267881
v -0.659842 0.714147 0.273316
v -0.760479 0.550043 0.315001
v -0.775876 0.561098 0.321379
v -0.845010 0.378878 0.350015
v -0.862097 0.386489 0.357092
v -0.897064 0.193151 0.371576
v -0.915191 0.197030 0.379084
v -0.914641 0.000000 0.378857
v -0.933118 0.000000 0.386510
v -0.897064 -0.193151 0.371576
v -0.915191 -0.197029 0.379084
v -0.845010 -0.378878 0.350015
v -0.862097 -0.386489 0.357092
v -0.760479 -0.550043 0.315001
v -0.775876 -0.561098 0.321379
v -0.646721 -0.700066 0.267881
v -0.659842 -0.714147 0.273316
v -0.508108 -0.823183 0.210466
v -0.518451 -0.839756 0.214750
v -0.349970 -0.914663 0.144963
v -0.357137 -0.933097 0.147931
v -0.178383 -0.970989 0.073889
v -0.182096 -0.990581 0.075427
v -0.189371 0.970989 0.037669
v -0.193313 0.990581 0.038452
v -0.371526 0.914663 0.073902
v -0.379134 0.933096 0.075415
v -0.539405 0.823183 0.107295
v -0.550385 0.839756 0.109479
v -0.686555 0.700066 0.136565
v -0.700485 0.714147 0.139335
v -0.807320 0.550043 0.160586
v -0.823666 0.561098 0.163837
v -0.897058 0.378878 0.178436
v -0.915197 0.386489 0.182044
v -0.952318 0.193151 0.189428
v -0.971561 0.197030 0.193256
v -0.970977 0.000000 0.193140
v -0.990593 0.000000 0.197041
v -0.952318 -0.193151 0.189428
v -0.971561 -0.197029 0.193256
v -0.897058 -0.378878 0.178436
v -0.915197 -0.386489 0.182044
v -0.807320 -0.550043 0.160586
v -0.823666 -0.561098 0.163837
v -0.686555 -0.700066 0.136565
v -0.700485 -0.714147 0.139335
v -0.539405 -0.823183 0.107295
v -0.550385 -0.839756 0.109479
v -0.371526 -0.914663 0.073902
v -0.379134 -0.933097 0.075415
v -0.189371 -0.970989 0.037669
v -0.193313 -0.990581 0.038452
v -0.193081 0.970989 0.000000
v -0.197100 0.990581 0.000000
v -0.378805 0.914663 0.000000
v -0.386562 0.933096 0.000000
v -0.549972 0.823183 0.000000
v -0.561168 0.839756 0.000000
v -0.700005 0.700066 0.000000
v -0.714208 0.714147 0.000000
v -0.823136 0.550043 0.000000
v -0.839803 0.561098 0.000000
v -0.914632 0.378878 0.000000
v -0.933127 0.386489 0.000000
v -0.970975 0.193151 0.000000
v -0.990595 0.197030 0.000000
v -0.990000 0.000000 0.000000
v -1.010000 0.000000 0.000000
v -0.970975 -0.193151 0.000000
v -0.990595 -0.197029 0.000000
v -0.914632 -0.378878 0.000000
v -0.933127 -0.386489 0.000000
v -0.823136 -0.550043 0.000000
v -0.839803 -0.561098 0.000000
v -0.700005 -0.700066 0.000000
v -0.714208 -0.714147 0.000000
v -0.549972 -0.823183 0.000000
v -0.561168 -0.839756 0.000000
v -0.378805 -0.914663 0.000000
v -0.386562 -0.933097 0.000000
v -0.193081 -0.970989 0.000000
v -0.197100 -0.990581 0.000000
v -0.189371 0.970989 -0.037668
v -0.193313 0.990581 -0.038452
v -0.371526 0.914663 -0.073901
v -0.379134 0.933096 -0.075414
v -0.539405 0.823183 -0.107294
v -0.550385 0.839756 -0.109478
v -0.686555 0.700066 -0.136564
v -0.700485 0.714147 -0.139335
v -0.807320 0.550043 -0.160586
v -0.823666 0.561098 -0.163837
v -0.897058 0.378878 -0.178436
v -0.915197 0.386489 -0.182044
v -0.952318 0.193151 -0.189428
v -0.971561 0.197030 -0.193255
v -0.970977 0.000000 -0.193139
v -0.990593 0.000000 -0.197041
v -0.952318 -0.193151 -0.189428
v -0.971561 -0.197029 -0.193255
v -0.897058 -0.378878 -0.178436
v -0.915197 -0.386489 -0.182044
v -0.807320 -0.550043 -0.160586
v -0.823666 -0.561098 -0.163837
v -0.686555 -0.700066 -0.136564
v -0.700485 -0.714147 -0.139335
v -0.539405 -0.823183 -0.107294
v -0.550385 -0.839756 -0.109478
v -0.371526 -0.914663 -0.073901
v -0.379134 -0.933097 -0.075414
v -0.189371 -0.970989 -0.037668
v -0.193313 -0.990581 -0.038452
v -0.178384 0.970989 -0.073889
v -0.182097 0.990581 -0.075427
v -0.349970 0.914663 -0.144962
v -0.357137 0.933096 -0.147930
v -0.508108 0.823183 -0.210465
v -0.518451 0.839756 -0.214749
v -0.646721 0.700066 -0.267880
v -0.659842 0.714147 -0.273315
v -0.760478 0.550043 -0.315000
v -0.775876 0.561098 -0.321378
v -0.845010 0.378878 -0.350014
v -0.862097 0.386489 -0.357092
v -0.897063 0.193151 -0.371576
v -0.915190 0.197030 -0.379084
v -0.914641 0.000000 -0.378857
v -0.933118 0.000000 -0.386510
v -0.897063 -0.193151 -0.371576
v -0.915190 -0.197029 -0.379084
v -0.845010 -0.378878 -0.350014
v -0.862097 -0.386489 -0.357092
v -0.760478 -0.550043 -0.315000
v -0.775876 -0.561098 -0.321378
v -0.646721 -0.700066 -0.267880
v -0.659842 -0.714147 -0.273315
v -0.508108 -0.823183 -0.210465
v -0.518451 -0.839756 -0.214749
v -0.349970 -0.914663 -0.144962
v -0.357137 -0.933097 -0.147930
v -0.178383 -0.970989 -0.073888
v -0.182096 -0.990581 -0.075427
v -0.160541 0.970989 -0.107270
v -0.163883 0.990581 -0.109502
v -0.314965 0.914663 -0.210452
v -0.321414 0.933096 -0.214762
v -0.457286 0.823183 -0.305548
v -0.466594 0.839756 -0.311768
v -0.582033 0.700066 -0.388902
v -0.593842 0.714147 -0.396792
v -0.684412 0.550043 -0.457310
v -0.698270 0.561098 -0.466569
v -0.760489 0.378878 -0.508142
v -0.775867 0.386489 -0.518417
v -0.807336 0.193151 -0.539445
v -0.823649 0.197030 -0.550345
v -0.823155 0.000000 -0.550014
v -0.839784 0.000000 -0.561126
v -0.807336 -0.193151 -0.539445
v -0.823649 -0.197029 -0.550345
v -0.760489 -0.378878 -0.508142
v -0.775867 -0.386489 -0.518417
v -0.684412 -0.550043 -0.457310
v -0.698270 -0.561098 -0.466569
v -0.582033 -0.700066 -0.388902
v -0.593842 -0.714147 -0.396792
v -0.457285 -0.823183 -0.305548
v -0.466594 -0.839756 -0.311768
v -0.314965 -0.914663 -0.210452
v -0.321414 -0.933097 -0.214762
v -0.160541 -0.970989 -0.107270
v -0.163882 -0.990581 -0.109502
v -0.136529 0.970989 -0.136529
v -0.139371 0.990581 -0.139370
v -0.267855 0.914663 -0.267855
v -0.273341 0.933096 -0.273340
v -0.388889 0.823183 -0.388889
v -0.396805 0.839756 -0.396805
v -0.494979 0.700066 -0.494979
v -0.505021 0.714147 -0.505021
v -0.582045 0.550043 -0.582045
v -0.593830 0.561098 -0.593830
v -0.646743 0.378878 -0.646742
v -0.659820 0.386489 -0.659820
v -0.686583 0.193151 -0.686583
v -0.700456 0.197030 -0.700456
v -0.700036 0.000000 -0.700036
v -0.714177 0.000000 -0.714177
v -0.686583 -0.193151 -0.686583
v -0.700456 -0.197029 -0.700456
v -0.646743 -0.378878 -0.646742
v -0.659820 -0.386489 -0.659820
v -0.582045 -0.550043 -0.582045
v -0.593830 -0.561098 -0.593830
v -0.494979 -0.700066 -0.494979
v -0.505021 -0.714147 -0.505021
v -0.388889 -0.823183 -0.388889
v -0.396805 -0.839756 -0.396805
v -0.267855 -0.914663 -0.267855
v -0.273341 -0.933097 -0.273340
v -0.136529 -0.970989 -0.136528
v -0.139371 -0.990581 -0.139370
v -0.107270 0.970989 -0.160541
v -0.109503 0.990581 -0.163882
v -0.210452 0.914663 -0.314964
v -0.214762 0.933096 -0.321414
v -0.305548 0.823183 -0.457285
v -0.311768 0.839756 -0.466593
v -0.388902 0.700066 -0.582033
v -0.396792 0.714147 -0.593842
v -0.457310 0.550043 -0.684412
v -0.466569 0.561098 -0.698270
v -0.508142 0.378878 -0.760488
v -0.518417 0.386489 -0.775866
v -0.539445 0.193151 -0.807336
v -0.550345 0.197030 -0.823649
v -0.550014 0.000000 -0.823155
v -0.561125 0.000000 -0.839784
v -0.539445 -0.193151 -0.807336
v -0.550345 -0.197029 -0.823649
v -0.508142 -0.378878 -0.760488
v -0.518417 -0.386489 -0.775866
v -0.457310 -0.550043 -0.684412
v -0.466569 -0.561098 -0.698270
v -0.388902 -0.700066 -0.582033
v -0.396792 -0.714147 -0.593842
v -0.305548 -0.823183 -0.457285
v -0.311768 -0.839756 -0.466593
v -0.210452 -0.914663 -0.314964
v -0.214762 -0.933097 -0.321414
v -0.107270 -0.970989 -0.160540
v -0.109503 -0.990581 -0.163882
v -0.073889 0.970989 -0.178383
v -0.075427 0.990581 -0.182096
v -0.144962 0.914663 -0.349970
v -0.147931 0.933096 -0.357136
v -0.210465 0.823183 -0.508108
v -0.214749 0.839756 -0.518451
v -0.267880 0.700066 -0.646721
v -0.273315 0.714147 -0.659842
v -0.315000 0.550043 -0.760478
v -0.321378 0.561098 -0.775876
v -0.350015 0.378878 -0.845009
v -0.357092 0.386489 -0.862097
v -0.371576 0.193151 -0.897063
v -0.379084 0.197030 -0.915190
v -0.378856 0.000000 -0.914640
v -0.386510 0.000000 -0.933117
v -0.371576 -0.193151 -0.897063
v -0.379084 -0.197029 -0.915190
v -0.350015 -0.378878 -0.845009
v -0.357092 -0.386489 -0.862097
v -0.315000 -0.550043 -0.760478
v -0.321378 -0.561098 -0.775876
v -0.267880 -0.700066 -0.646721
v -0.273315 -0.714147 -0.659842
v -0.210465 -0.823183 -0.508108
v -0.214749 -0.839756 -0.518451
v -0.144962 -0.914663 -0.349969
v -0.147931 -0.933097 -0.357136
v -0.073889 -0.970989 -0.178383
v -0.075427 -0.990581 -0.182096
v -0.037668 0.970989 -0.189371
v -0.038452 0.990581 -0.193312
v -0.073901 0.914663 -0.371526
v -0.075414 0.933096 -0.379134
v -0.107294 0.823183 -0.539405
v -0.109478 0.839756 -0.550385
v -0.136564 0.700066 -0.686555
v -0.139335 0.714147 -0.700484
v -0.160586 0.550043 -0.807319
v -0.163837 0.561098 -0.823666
v -0.178436 0.378878 -0.897057
v -0.182044 0.386489 -0.915197
v -0.189428 0.193151 -0.952317
v -0.193255 0.197030 -0.971560
v -0.193139 0.000000 -0.970977
v -0.197041 0.000000 -0.990592
v -0.189428 -0.193151 -0.952317
v -0.193255 -0.197029 -0.971560
v -0.178436 -0.378878 -0.897057
v -0.182044 -0.386489 -0.915197
v -0.160586 -0.550043 -0.807319
v -0.163837 -0.561098 -0.823666
v -0.136564 -0.700066 -0.686555
v -0.139335 -0.714147 -0.700484
v -0.107294 -0.823183 -0.539405
v -0.109478 -0.839756 -0.550384
v -0.073901 -0.914663 -0.371526
v -0.075414 -0.933097 -0.379134
v -0.037668 -0.970989 -0.189370
v -0.038452 -0.990581 -0.193312
v 0.000000 0.970989 -0.193080
v 0.000000 0.990581 -0.197100
v 0.000000 0.914663 -0.378804
v 0.000000 0.933096 -0.386562
v 0.000000 0.823183 -0.549972
v 0.000000 0.839756 -0.561167
v 0.000000 0.700066 -0.700005
v 0.000000 0.714147 -0.714208
v 0.000000 0.550043 -0.823135
v 0.000000 0.561098 -0.839802
v 0.000000 0.378878 -0.914632
v 0.000000 0.386489 -0.933126
v 0.000000 0.193151 -0.970974
v 0.000000 0.197030 -0.990594
v 0.000000 0.000000 -0.989999
v 0.000000 0.000000 -1.009999
v 0.000000 -0.193151 -0.970974
v 0.000000 -0.197029 -0.990594
v 0.000000 -0.378878 -0.914632
v 0.000000 -0.386489 -0.933126
v 0.000000 -0.550043 -0.823135
v 0.000000 -0.561098 -0.839802
v 0.000000 -0.700066 -0.700005
v 0.000000 -0.714147 -0.714208
v 0.000000 -0.823183 -0.549972
v 0.000000 -0.839756 -0.561167
v 0.000000 -0.914663 -0.378804
v 0.000000 -0.933097 -0.386562
v 0.000000 -0.970989 -0.193080
v 0.000000 -0.990581 -0.197100
v 0.009956 0.204664 -0.976900
v 0.009956 0.373110 -0.925802
v 0.170851 0.373110 -0.909956
v 0.180819 0.204664 -0.960072
v 0.009996 -0.977870 -0.203717
v 0.009996 -0.926795 -0.372087
v 0.062787 -0.926795 -0.366887
v 0.029939 -0.977870 -0.201753
v 0.009953 0.009952 -0.998039
v 0.009953 0.185138 -0.980784
v 0.181581 0.185138 -0.963881
v 0.184947 0.009952 -0.980804
v 0.010000 0.981770 -0.184106
v 0.010000 0.989903 -0.101527
v 0.026110 0.981770 -0.182519
v 0.010000 -0.989903 -0.101527
v 0.010000 -0.981770 -0.184106
v 0.026110 -0.981770 -0.182519
v 0.009953 -0.185138 -0.980784
v 0.009953 -0.009952 -0.998039
v 0.184947 -0.009952 -0.980804
v 0.181581 -0.185138 -0.963881
v 0.009996 0.926795 -0.372087
v 0.009996 0.977870 -0.203717
v 0.029940 0.977870 -0.201753
v 0.062787 0.926795 -0.366888
v 0.009956 -0.373110 -0.925802
v 0.009956 -0.204663 -0.976900
v 0.180819 -0.204663 -0.960072
v 0.170851 -0.373110 -0.909956
v 0.009989 0.836201 -0.545734
v 0.009989 0.919148 -0.390552
v 0.066396 0.919148 -0.384996
v 0.096670 0.836201 -0.537197
v 0.009963 -0.546742 -0.835207
v 0.009963 -0.391512 -0.918179
v 0.169357 -0.391512 -0.902480
v 0.153170 -0.546742 -0.821103
v 0.009981 0.713469 -0.698371
v 0.009981 0.825107 -0.562339
v 0.099918 0.825107 -0.553482
v 0.126457 0.713469 -0.686899
v 0.009971 -0.699362 -0.712481
v 0.009971 -0.563315 -0.824131
v 0.151001 -0.563315 -0.810241
v 0.129219 -0.699362 -0.700736
v 0.009971 0.563315 -0.824131
v 0.009971 0.699362 -0.712481
v 0.129219 0.699362 -0.700736
v 0.151001 0.563315 -0.810241
v 0.009981 -0.825107 -0.562339
v 0.009981 -0.713469 -0.698371
v 0.126457 -0.713469 -0.686899
v 0.099918 -0.825107 -0.553481
v 0.009963 0.391512 -0.918179
v 0.009963 0.546742 -0.835207
v 0.153170 0.546742 -0.821103
v 0.169357 0.391512 -0.902480
v 0.009989 -0.919148 -0.390551
v 0.009989 -0.836201 -0.545733
v 0.096670 -0.836201 -0.537197
v 0.066396 -0.919148 -0.384996
v 0.119496 -0.825107 -0.549587
v 0.146034 -0.713469 -0.683005
v 0.258034 -0.713469 -0.649030
v 0.205977 -0.825107 -0.523353
v 0.188899 0.391512 -0.898593
v 0.172712 0.546742 -0.817216
v 0.310416 0.546742 -0.775443
v 0.342168 0.391512 -0.852099
v 0.085990 -0.919148 -0.381099
v 0.116265 -0.836201 -0.533299
v 0.199615 -0.836201 -0.508015
v 0.140229 -0.919148 -0.364645
v 0.200349 0.204664 -0.956187
v 0.190380 0.373110 -0.906072
v 0.345092 0.373110 -0.859140
v 0.364646 0.204664 -0.906348
v 0.049547 -0.977870 -0.197853
v 0.082394 -0.926795 -0.362987
v 0.133157 -0.926795 -0.347589
v 0.068724 -0.977870 -0.192036
v 0.204469 0.009952 -0.976921
v 0.201103 0.185138 -0.959998
v 0.366136 0.185138 -0.909936
v 0.372739 0.009952 -0.925877
v 0.045725 0.981770 -0.178618
v 0.029614 0.989903 -0.097625
v 0.061216 0.981770 -0.173918
v 0.029614 -0.989903 -0.097625
v 0.045725 -0.981770 -0.178617
v 0.061216 -0.981770 -0.173918
v 0.201103 -0.185138 -0.959998
v 0.204469 -0.009952 -0.976921
v 0.372739 -0.009952 -0.925877
v 0.366136 -0.185138 -0.909936
v 0.082395 0.926795 -0.362988
v 0.049547 0.977870 -0.197853
v 0.068724 0.977870 -0.192036
v 0.133157 0.926795 -0.347589
v 0.190380 -0.373110 -0.906072
v 0.200349 -0.204663 -0.956187
v 0.364646 -0.204663 -0.906348
v 0.345092 -0.373110 -0.859140
v 0.116265 0.836201 -0.533299
v 0.085990 0.919148 -0.381099
v 0.140229 0.919148 -0.364646
v 0.199615 0.836201 -0.508015
v 0.172712 -0.546742 -0.817216
v 0.188899 -0.391512 -0.898593
v 0.342168 -0.391512 -0.852100
v 0.310416 -0.546742 -0.775443
v 0.146034 0.713469 -0.683005
v 0.119496 0.825107 -0.549587
v 0.205977 0.825107 -0.523353
v 0.258034 0.713469 -0.649030
v 0.148778 -0.699362 -0.696846
v 0.170560 -0.563315 -0.806351
v 0.306169 -0.563315 -0.765214
v 0.263443 -0.699362 -0.662062
v 0.170560 0.563315 -0.806351
v 0.148778 0.699362 -0.696846
v 0.263443 0.699362 -0.662062
v 0.306169 0.563315 -0.765214
v 0.363488 -0.373110 -0.851520
v 0.383042 -0.204663 -0.898728
v 0.534459 -0.204663 -0.817794
v 0.506071 -0.373110 -0.775308
v 0.218072 0.836201 -0.500370
v 0.158687 0.919148 -0.357000
v 0.208673 0.919148 -0.330282
v 0.294888 0.836201 -0.459311
v 0.328824 -0.546742 -0.767818
v 0.360576 -0.391512 -0.844475
v 0.501830 -0.391512 -0.768973
v 0.455733 -0.546742 -0.699984
v 0.276476 0.713469 -0.641392
v 0.224419 0.825107 -0.515715
v 0.304121 0.825107 -0.473113
v 0.379696 0.713469 -0.586219
v 0.281867 -0.699362 -0.654431
v 0.324594 -0.563315 -0.757582
v 0.449572 -0.563315 -0.690780
v 0.387543 -0.699362 -0.597946
v 0.324594 0.563315 -0.757582
v 0.281867 0.699362 -0.654431
v 0.387543 0.699362 -0.597946
v 0.449572 0.563315 -0.690780
v 0.224419 -0.825107 -0.515715
v 0.276476 -0.713469 -0.641392
v 0.379696 -0.713469 -0.586219
v 0.304121 -0.825107 -0.473113
v 0.360576 0.391512 -0.844474
v 0.328824 0.546742 -0.767818
v 0.455733 0.546742 -0.699984
v 0.501830 0.391512 -0.768973
v 0.158687 -0.919148 -0.357000
v 0.218072 -0.836201 -0.500370
v 0.294888 -0.836201 -0.459311
v 0.208673 -0.919148 -0.330282
v 0.383042 0.204664 -0.898728
v 0.363488 0.373110 -0.851520
v 0.506071 0.373110 -0.775308
v 0.534459 0.204664 -0.817794
v 0.087194 -0.977870 -0.184385
v 0.151627 -0.926795 -0.339938
v 0.198409 -0.926795 -0.314932
v 0.104868 -0.977870 -0.174938
v 0.391128 0.009952 -0.918260
v 0.384525 0.185138 -0.902319
v 0.536620 0.185138 -0.821022
v 0.546206 0.009952 -0.835369
v 0.079693 0.981770 -0.166265
v 0.048091 0.989903 -0.089972
v 0.093970 0.981770 -0.158634
v 0.048091 -0.989903 -0.089972
v 0.079693 -0.981770 -0.166265
v 0.093970 -0.981770 -0.158634
v 0.384525 -0.185138 -0.902319
v 0.391128 -0.009952 -0.918260
v 0.546206 -0.009952 -0.835369
v 0.536620 -0.185138 -0.821022
v 0.151627 0.926795 -0.339938
v 0.087194 0.977870 -0.184385
v 0.104868 0.977870 -0.174938
v 0.198409 0.926795 -0.314933
v 0.225285 -0.919148 -0.319182
v 0.311499 -0.836201 -0.448211
v 0.378829 -0.836201 -0.392956
v 0.269099 -0.919148 -0.283225
v 0.551015 0.204664 -0.806732
v 0.522627 0.373110 -0.764246
v 0.647602 0.373110 -0.661681
v 0.683733 0.204664 -0.697813
v 0.121491 -0.977870 -0.163831
v 0.215032 -0.926795 -0.303826
v 0.256037 -0.926795 -0.270173
v 0.136982 -0.977870 -0.151118
v 0.562756 0.009952 -0.824310
v 0.553170 0.185138 -0.809964
v 0.686483 0.185138 -0.700557
v 0.698683 0.009952 -0.712758
v 0.110598 0.981770 -0.147523
v 0.064720 0.989903 -0.078861
v 0.123112 0.981770 -0.137253
v 0.064720 -0.989903 -0.078861
v 0.110598 -0.981770 -0.147523
v 0.123112 -0.981770 -0.137253
v 0.553170 -0.185138 -0.809964
v 0.562756 -0.009952 -0.824310
v 0.698683 -0.009952 -0.712758
v 0.686483 -0.185138 -0.700557
v 0.215032 0.926795 -0.303826
v 0.121491 0.977870 -0.163832
v 0.136982 0.977870 -0.151118
v 0.256037 0.926795 -0.270173
v 0.522627 -0.373110 -0.764246
v 0.551015 -0.204663 -0.806732
v 0.683733 -0.204663 -0.697813
v 0.647602 -0.373110 -0.661681
v 0.311500 0.836201 -0.448211
v 0.225285 0.919148 -0.319182
v 0.269099 0.919148 -0.283225
v 0.378829 0.836201 -0.392956
v 0.472300 -0.546742 -0.688915
v 0.518397 -0.391512 -0.757903
v 0.642206 -0.391512 -0.656295
v 0.583537 -0.546742 -0.597625
v 0.396293 0.713469 -0.575130
v 0.320718 0.825107 -0.462023
v 0.390577 0.825107 -0.404691
v 0.486766 0.713469 -0.500880
v 0.404124 -0.699362 -0.586866
v 0.466154 -0.563315 -0.679700
v 0.575698 -0.563315 -0.589799
v 0.496750 -0.699362 -0.510851
v 0.466154 0.563315 -0.679700
v 0.404124 0.699362 -0.586866
v 0.496750 0.699362 -0.510851
v 0.575698 0.563315 -0.589799
v 0.320718 -0.825107 -0.462023
v 0.396293 -0.713469 -0.575130
v 0.486766 -0.713469 -0.500880
v 0.390577 -0.825107 -0.404691
v 0.518397 0.391512 -0.757903
v 0.472300 0.546742 -0.688915
v 0.583537 0.546742 -0.597625
v 0.642206 0.391512 -0.656295
v 0.392956 0.836201 -0.378829
v 0.283226 0.919148 -0.269098
v 0.319183 0.919148 -0.225285
v 0.448212 0.836201 -0.311499
v 0.597626 -0.546742 -0.583536
v 0.656295 -0.391512 -0.642206
v 0.757904 -0.391512 -0.518396
v 0.688915 -0.546742 -0.472300
v 0.500881 0.713469 -0.486766
v 0.404692 0.825107 -0.390577
v 0.462024 0.825107 -0.320718
v 0.575130 0.713469 -0.396293
v 0.510851 -0.699362 -0.496749
v 0.589800 -0.563315 -0.575698
v 0.679701 -0.563315 -0.466153
v 0.586867 -0.699362 -0.404124
v 0.589800 0.563315 -0.575698
v 0.510851 0.699362 -0.496749
v 0.586867 0.699362 -0.404124
v 0.679701 0.563315 -0.466153
v 0.404692 -0.825107 -0.390577
v 0.500881 -0.713469 -0.486766
v 0.575130 -0.713469 -0.396293
v 0.462024 -0.825107 -0.320717
v 0.656295 0.391512 -0.642206
v 0.597626 0.546742 -0.583536
v 0.688915 0.546742 -0.472300
v 0.757904 0.391512 -0.518396
v 0.283226 -0.919148 -0.269098
v 0.392956 -0.836201 -0.378829
v 0.448212 -0.836201 -0.311499
v 0.319182 -0.919148 -0.225285
v 0.697813 0.204664 -0.683733
v 0.661682 0.373110 -0.647602
v 0.764246 0.373110 -0.522626
v 0.806732 0.204664 -0.551015
v 0.151118 -0.977870 -0.136982
v 0.270174 -0.926795 -0.256037
v 0.303826 -0.926795 -0.215032
v 0.163832 -0.977870 -0.121490
v 0.712758 0.009952 -0.698683
v 0.700557 0.185138 -0.686482
v 0.809964 0.185138 -0.553170
v 0.824311 0.009952 -0.562756
v 0.137254 0.981770 -0.123112
v 0.078861 0.989903 -0.064719
v 0.147523 0.981770 -0.110598
v 0.078861 -0.989903 -0.064719
v 0.137253 -0.981770 -0.123112
v 0.147523 -0.981770 -0.110598
v 0.700557 -0.185138 -0.686482
v 0.712758 -0.009952 -0.698683
v 0.824311 -0.009952 -0.562756
v 0.809964 -0.185138 -0.553170
v 0.270174 0.926795 -0.256037
v 0.151119 0.977870 -0.136982
v 0.163832 0.977870 -0.121491
v 0.303826 0.926795 -0.215032
v 0.661682 -0.373110 -0.647602
v 0.697813 -0.204663 -0.683733
v 0.806732 -0.204663 -0.551015
v 0.764246 -0.373110 -0.522626
v 0.817795 0.204664 -0.534459
v 0.775308 0.373110 -0.506070
v 0.851521 0.373110 -0.363487
v 0.898729 0.204664 -0.383041
v 0.174938 -0.977870 -0.104868
v 0.314933 -0.926795 -0.198409
v 0.339939 -0.926795 -0.151626
v 0.184385 -0.977870 -0.087194
v 0.835369 0.009952 -0.546206
v 0.821023 0.185138 -0.536620
v 0.902319 0.185138 -0.384525
v 0.918260 0.009952 -0.391128
v 0.158634 0.981770 -0.093969
v 0.089972 0.989903 -0.048091
v 0.166265 0.981770 -0.079692
v 0.089972 -0.989903 -0.048091
v 0.158634 -0.981770 -0.093969
v 0.166265 -0.981770 -0.079692
v 0.821023 -0.185138 -0.536620
v 0.835369 -0.009952 -0.546206
v 0.918260 -0.009952 -0.391128
v 0.902319 -0.185138 -0.384525
v 0.314933 0.926795 -0.198409
v 0.174939 0.977870 -0.104868
v 0.184386 0.977870 -0.087194
v 0.339939 0.926795 -0.151626
v 0.775308 -0.373110 -0.506070
v 0.817795 -0.204663 -0.534459
v 0.898729 -0.204663 -0.383041
v 0.851521 -0.373110 -0.363487
v 0.459311 0.836201 -0.294888
v 0.330282 0.919148 -0.208673
v 0.357000 0.919148 -0.158686
v 0.500370 0.836201 -0.218072
v 0.699985 -0.546742 -0.455733
v 0.768973 -0.391512 -0.501829
v 0.844475 -0.391512 -0.360576
v 0.767819 -0.546742 -0.328824
v 0.586220 0.713469 -0.379696
v 0.473113 0.825107 -0.304120
v 0.515715 0.825107 -0.224419
v 0.641392 0.713469 -0.276476
v 0.597946 -0.699362 -0.387542
v 0.690780 -0.563315 -0.449572
v 0.757582 -0.563315 -0.324593
v 0.654431 -0.699362 -0.281867
v 0.690780 0.563315 -0.449572
v 0.597946 0.699362 -0.387542
v 0.654431 0.699362 -0.281867
v 0.757582 0.563315 -0.324593
v 0.473113 -0.825107 -0.304120
v 0.586220 -0.713469 -0.379696
v 0.641392 -0.713469 -0.276476
v 0.515715 -0.825107 -0.224419
v 0.768973 0.391512 -0.501829
v 0.699985 0.546742 -0.455733
v 0.767819 0.546742 -0.328824
v 0.844475 0.391512 -0.360576
v 0.330282 -0.919148 -0.208673
v 0.459311 -0.836201 -0.294888
v 0.500370 -0.836201 -0.218072
v 0.357000 -0.919148 -0.158686
v 0.775444 -0.546742 -0.310416
v 0.852100 -0.391512 -0.342168
v 0.898593 -0.391512 -0.188899
v 0.817216 -0.546742 -0.172712
v 0.649031 0.713469 -0.258034
v 0.523354 0.825107 -0.205977
v 0.549588 0.825107 -0.119496
v 0.683006 0.713469 -0.146034
v 0.662063 -0.699362 -0.263442
v 0.765214 -0.563315 -0.306169
v 0.806351 -0.563315 -0.170559
v 0.696846 -0.699362 -0.148777
v 0.765214 0.563315 -0.306169
v 0.662063 0.699362 -0.263442
v 0.696846 0.699362 -0.148777
v 0.806351 0.563315 -0.170559
v 0.523354 -0.825107 -0.205977
v 0.649031 -0.713469 -0.258034
v 0.683006 -0.713469 -0.146034
v 0.549587 -0.825107 -0.119495
v 0.852100 0.391512 -0.342168
v 0.775444 0.546742 -0.310416
v 0.817216 0.546742 -0.172712
v 0.898593 0.391512 -0.188899
v 0.364646 -0.919148 -0.140229
v 0.508015 -0.836201 -0.199614
v 0.533299 -0.836201 -0.116264
v 0.381099 -0.919148 -0.085990
v 0.906349 0.204664 -0.364645
v 0.859141 0.373110 -0.345091
v 0.906072 0.373110 -0.190380
v 0.956188 0.204664 -0.200348
v 0.192036 -0.977870 -0.068724
v 0.347589 -0.926795 -0.133156
v 0.362988 -0.926795 -0.082394
v 0.197853 -0.977870 -0.049547
v 0.925877 0.009952 -0.372738
v 0.909936 0.185138 -0.366135
v 0.959998 0.185138 -0.201102
v 0.976921 0.009952 -0.204469
v 0.173919 0.981770 -0.061216
v 0.097625 0.989903 -0.029614
v 0.178618 0.981770 -0.045724
v 0.097625 -0.989903 -0.029614
v 0.173918 -0.981770 -0.061216
v 0.178618 -0.981770 -0.045724
v 0.909936 -0.185138 -0.366135
v 0.925877 -0.009952 -0.372738
v 0.976921 -0.009952 -0.204469
v 0.959998 -0.185138 -0.201102
v 0.347589 0.926795 -0.133156
v 0.192036 0.977870 -0.068724
v 0.197853 0.977870 -0.049547
v 0.362988 0.926795 -0.082394
v 0.859141 -0.373110 -0.345091
v 0.906349 -0.204663 -0.364645
v 0.956188 -0.204663 -0.200348
v 0.906072 -0.373110 -0.190380
v 0.508015 0.836201 -0.199614
v 0.364646 0.919148 -0.140229
v 0.381099 0.919148 -0.085990
v 0.533299 0.836201 -0.116264
v 0.201753 -0.977870 -0.029939
v 0.366888 -0.926795 -0.062786
v 0.372087 -0.926795 -0.009996
v 0.203718 -0.977870 -0.009996
v 0.980804 0.009952 -0.184946
v 0.963881 0.185138 -0.181580
v 0.980785 0.185138 -0.009952
v 0.998040 0.009952 -0.009952
v 0.182519 0.981770 -0.026110
v 0.101527 0.989903 -0.009999
v 0.184106 0.981770 -0.009999
v 0.101527 -0.989903 -0.009999
v 0.182519 -0.981770 -0.026110
v 0.184106 -0.981770 -0.009999
v 0.963881 -0.185138 -0.181580
v 0.980804 -0.009952 -0.184946
v 0.998040 -0.009952 -0.009952
v 0.980785 -0.185138 -0.009952
v 0.366888 0.926795 -0.062786
v 0.201754 0.977870 -0.029939
v 0.203718 0.977870 -0.009996
v 0.372087 0.926795 -0.009996
v 0.909956 -0.373110 -0.170850
v 0.960072 -0.204663 -0.180819
v 0.976901 -0.204663 -0.009955
v 0.925803 -0.373110 -0.009956
v 0.537197 0.836201 -0.096670
v 0.384997 0.919148 -0.066395
v 0.390552 0.919148 -0.009989
v 0.545734 0.836201 -0.009989
v 0.821103 -0.546742 -0.153170
v 0.902480 -0.391512 -0.169357
v 0.918179 -0.391512 -0.009962
v 0.835208 -0.546742 -0.009962
v 0.686900 0.713469 -0.126456
v 0.553482 0.825107 -0.099918
v 0.562340 0.825107 -0.009980
v 0.698372 0.713469 -0.009980
v 0.700736 -0.699362 -0.129218
v 0.810241 -0.563315 -0.151000
v 0.824131 -0.563315 -0.009971
v 0.712481 -0.699362 -0.009971
v 0.810241 0.563315 -0.151000
v 0.700736 0.699362 -0.129218
v 0.712481 0.699362 -0.009971
v 0.824131 0.563315 -0.009971
v 0.553482 -0.825107 -0.099918
v 0.686900 -0.713469 -0.126456
v 0.698372 -0.713469 -0.009980
v 0.562340 -0.825107 -0.009980
v 0.902480 0.391512 -0.169357
v 0.821103 0.546742 -0.153170
v 0.835208 0.546742 -0.009962
v 0.918179 0.391512 -0.009962
v 0.384997 -0.919148 -0.066395
v 0.537197 -0.836201 -0.096670
v 0.545734 -0.836201 -0.009989
v 0.390552 -0.919148 -0.009989
v 0.960072 0.204664 -0.180819
v 0.909956 0.373110 -0.170850
v 0.925803 0.373110 -0.009956
v 0.976901 0.204664 -0.009955
v 0.698372 0.713469 0.009981
v 0.562340 0.825107 0.009981
v 0.553482 0.825107 0.099919
v 0.686900 0.713469 0.126457
v 0.712481 -0.699362 0.009971
v 0.824131 -0.563315 0.009971
v 0.810241 -0.563315 0.151001
v 0.700736 -0.699362 0.129219
v 0.824131 0.563315 0.009971
v 0.712481 0.699362 0.009971
v 0.700736 0.699362 0.129219
v 0.810241 0.563315 0.151001
v 0.562340 -0.825107 0.009981
v 0.698372 -0.713469 0.009981
v 0.686900 -0.713469 0.126457
v 0.553482 -0.825107 0.099919
v 0.918179 0.391512 0.009963
v 0.835208 0.546742 0.009963
v 0.821103 0.546742 0.153170
v 0.902480 0.391512 0.169357
v 0.390552 -0.919148 0.009990
v 0.545734 -0.836201 0.009990
v 0.537197 -0.836201 0.096671
v 0.384997 -0.919148 0.066396
v 0.976901 0.204664 0.009956
v 0.925803 0.373110 0.009956
v 0.909956 0.373110 0.170851
v 0.960072 0.204664 0.180820
v 0.203718 -0.977870 0.009996
v 0.372087 -0.926795 0.009996
v 0.366888 -0.926795 0.062787
v 0.201753 -0.977870 0.029940
v 0.998040 0.009952 0.009953
v 0.980785 0.185138 0.009953
v 0.963881 0.185138 0.181581
v 0.980804 0.009952 0.184947
v 0.184106 0.981770 0.010000
v 0.101527 0.989903 0.010000
v 0.182519 0.981770 0.026110
v 0.101527 -0.989903 0.010000
v 0.184106 -0.981770 0.010000
v 0.182519 -0.981770 0.026110
v 0.980785 -0.185138 0.009953
v 0.998040 -0.009952 0.009953
v 0.980804 -0.009952 0.184947
v 0.963881 -0.185138 0.181581
v 0.372087 0.926795 0.009996
v 0.203718 0.977870 0.009996
v 0.201754 0.977870 0.029940
v 0.366888 0.926795 0.062787
v 0.925803 -0.373110 0.009956
v 0.976901 -0.204663 0.009956
v 0.960072 -0.204663 0.180820
v 0.909956 -0.373110 0.170851
v 0.545734 0.836201 0.009990
v 0.390552 0.919148 0.009990
v 0.384997 0.919148 0.066396
v 0.537197 0.836201 0.096670
v 0.835208 -0.546742 0.009963
v 0.918179 -0.391512 0.009963
v 0.902480 -0.391512 0.169357
v 0.821103 -0.546742 0.153170
v 0.976921 0.009952 0.204469
v 0.959998 0.185138 0.201103
v 0.909936 0.185138 0.366136
v 0.925877 0.009952 0.372739
v 0.178618 0.981770 0.045725
v 0.097625 0.989903 0.029615
v 0.173919 0.981770 0.061216
v 0.097625 -0.989903 0.029615
v 0.178618 -0.981770 0.045725
v 0.173918 -0.981770 0.061216
v 0.959998 -0.185138 0.201103
v 0.976921 -0.009952 0.204469
v 0.925877 -0.009952 0.372739
v 0.909936 -0.185138 0.366136
v 0.362988 0.926795 0.082395
v 0.197853 0.977870 0.049548
v 0.192036 0.977870 0.068725
v 0.347589 0.926795 0.133157
v 0.906072 -0.373110 0.190380
v 0.956187 -0.204663 0.200349
v 0.906348 -0.204663 0.364646
v 0.859141 -0.373110 0.345092
v 0.533299 0.836201 0.116265
v 0.381099 0.919148 0.085991
v 0.364646 0.919148 0.140229
v 0.508015 0.836201 0.199615
v 0.817216 -0.546742 0.172712
v 0.898593 -0.391512 0.188899
v 0.852100 -0.391512 0.342168
v 0.775444 -0.546742 0.310416
v 0.683005 0.713469 0.146035
v 0.549588 0.825107 0.119496
v 0.523354 0.825107 0.205978
v 0.649031 0.713469 0.258035
v 0.696846 -0.699362 0.148778
v 0.806351 -0.563315 0.170560
v 0.765214 -0.563315 0.306170
v 0.662062 -0.699362 0.263443
v 0.806351 0.563315 0.170560
v 0.696846 0.699362 0.148778
v 0.662062 0.699362 0.263443
v 0.765214 0.563315 0.306170
v 0.549587 -0.825107 0.119496
v 0.683005 -0.713469 0.146035
v 0.649031 -0.713469 0.258035
v 0.523354 -0.825107 0.205978
v 0.898593 0.391512 0.188899
v 0.817216 0.546742 0.172712
v 0.775444 0.546742 0.310416
v 0.852100 0.391512 0.342168
v 0.381099 -0.919148 0.085991
v 0.533299 -0.836201 0.116265
v 0.508015 -0.836201 0.199615
v 0.364646 -0.919148 0.140229
v 0.956187 0.204664 0.200349
v 0.906072 0.373110 0.190380
v 0.859141 0.373110 0.345092
v 0.906348 0.204664 0.364646
v 0.197853 -0.977870 0.049547
v 0.362988 -0.926795 0.082395
v 0.347589 -0.926795 0.133157
v 0.192036 -0.977870 0.068725
v 0.654431 -0.699362 0.281867
v 0.757582 -0.563315 0.324594
v 0.690780 -0.563315 0.449573
v 0.597946 -0.699362 0.387543
v 0.757582 0.563315 0.324594
v 0.654431 0.699362 0.281867
v 0.597946 0.699362 0.387543
v 0.690780 0.563315 0.449573
v 0.515715 -0.825107 0.224419
v 0.641392 -0.713469 0.276476
v 0.586220 -0.713469 0.379696
v 0.473113 -0.825107 0.304121
v 0.844475 0.391512 0.360576
v 0.767819 0.546742 0.328825
v 0.699984 0.546742 0.455733
v 0.768973 0.391512 0.501830
v 0.357000 -0.919148 0.158687
v 0.500370 -0.836201 0.218073
v 0.459311 -0.836201 0.294888
v 0.330282 -0.919148 0.208674
v 0.898728 0.204664 0.383042
v 0.851521 0.373110 0.363488
v 0.775308 0.373110 0.506071
v 0.817794 0.204664 0.534459
v 0.184385 -0.977870 0.087195
v 0.339939 -0.926795 0.151627
v 0.314933 -0.926795 0.198410
v 0.174938 -0.977870 0.104868
v 0.918260 0.009952 0.391128
v 0.902319 0.185138 0.384525
v 0.821022 0.185138 0.536620
v 0.835369 0.009952 0.546206
v 0.166265 0.981770 0.079693
v 0.089972 0.989903 0.048092
v 0.158634 0.981770 0.093970
v 0.089972 -0.989903 0.048091
v 0.166265 -0.981770 0.079693
v 0.158634 -0.981770 0.093970
v 0.902319 -0.185138 0.384525
v 0.918260 -0.009952 0.391128
v 0.835369 -0.009952 0.546206
v 0.821022 -0.185138 0.536620
v 0.339939 0.926795 0.151627
v 0.184385 0.977870 0.087195
v 0.174939 0.977870 0.104869
v 0.314933 0.926795 0.198410
v 0.851521 -0.373110 0.363488
v 0.898728 -0.204663 0.383042
v 0.817794 -0.204663 0.534459
v 0.775308 -0.373110 0.506071
v 0.500370 0.836201 0.218073
v 0.357000 0.919148 0.158687
v 0.330282 0.919148 0.208674
v 0.459311 0.836201 0.294888
v 0.767819 -0.546742 0.328825
v 0.844475 -0.391512 0.360576
v 0.768973 -0.391512 0.501830
v 0.699984 -0.546742 0.455733
v 0.641392 0.713469 0.276476
v 0.515715 0.825107 0.224419
v 0.473113 0.825107 0.304121
v 0.586220 0.713469 0.379696
v 0.078861 -0.989903 0.064720
v 0.147523 -0.981770 0.110598
v 0.137253 -0.981770 0.123112
v 0.809964 -0.185138 0.553170
v 0.824310 -0.009952 0.562757
v 0.712758 -0.009952 0.698684
v 0.700557 -0.185138 0.686483
v 0.303826 0.926795 0.215032
v 0.163832 0.977870 0.121491
v 0.151118 0.977870 0.136982
v 0.270174 0.926795 0.256038
v 0.764246 -0.373110 0.522627
v 0.806732 -0.204663 0.551015
v 0.697813 -0.204663 0.683734
v 0.661682 -0.373110 0.647602
v 0.448212 0.836201 0.311500
v 0.319183 0.919148 0.225285
v 0.283226 0.919148 0.269099
v 0.392956 0.836201 0.378829
v 0.688915 -0.546742 0.472300
v 0.757903 -0.391512 0.518397
v 0.656295 -0.391512 0.642207
v 0.597625 -0.546742 0.583537
v 0.575130 0.713469 0.396293
v 0.462024 0.825107 0.320718
v 0.404692 0.825107 0.390577
v 0.500881 0.713469 0.486766
v 0.586867 -0.699362 0.404124
v 0.679700 -0.563315 0.466154
v 0.589799 -0.563315 0.575699
v 0.510851 -0.699362 0.496750
v 0.679700 0.563315 0.466154
v 0.586867 0.699362 0.404124
v 0.510851 0.699362 0.496750
v 0.589799 0.563315 0.575699
v 0.462023 -0.825107 0.320718
v 0.575130 -0.713469 0.396293
v 0.500881 -0.713469 0.486766
v 0.404691 -0.825107 0.390577
v 0.757903 0.391512 0.518397
v 0.688915 0.546742 0.472300
v 0.597625 0.546742 0.583537
v 0.656295 0.391512 0.642207
v 0.319182 -0.919148 0.225285
v 0.448212 -0.836201 0.311500
v 0.392956 -0.836201 0.378829
v 0.283225 -0.919148 0.269099
v 0.806732 0.204664 0.551015
v 0.764246 0.373110 0.522627
v 0.661682 0.373110 0.647602
v 0.697813 0.204664 0.683734
v 0.163832 -0.977870 0.121491
v 0.303826 -0.926795 0.215032
v 0.270174 -0.926795 0.256038
v 0.151118 -0.977870 0.136982
v 0.824310 0.009952 0.562757
v 0.809964 0.185138 0.553170
v 0.700557 0.185138 0.686483
v 0.712758 0.009952 0.698684
v 0.147523 0.981770 0.110599
v 0.078861 0.989903 0.064720
v 0.137253 0.981770 0.123112
v 0.390577 -0.825107 0.404692
v 0.486766 -0.713469 0.500881
v 0.396293 -0.713469 0.575130
v 0.320718 -0.825107 0.462024
v 0.642206 0.391512 0.656296
v 0.583536 0.546742 0.597626
v 0.472300 0.546742 0.688915
v 0.518397 0.391512 0.757904
v 0.269098 -0.919148 0.283226
v 0.378829 -0.836201 0.392956
v 0.311499 -0.836201 0.448212
v 0.225285 -0.919148 0.319183
v 0.683733 0.204664 0.697813
v 0.647602 0.373110 0.661682
v 0.522627 0.373110 0.764246
v 0.551015 0.204664 0.806732
v 0.136982 -0.977870 0.151119
v 0.256037 -0.926795 0.270174
v 0.215032 -0.926795 0.303826
v 0.121491 -0.977870 0.163832
v 0.698683 0.009952 0.712758
v 0.686482 0.185138 0.700558
v 0.553170 0.185138 0.809964
v 0.562756 0.009952 0.824311
v 0.123112 0.981770 0.137254
v 0.064720 0.989903 0.078862
v 0.110598 0.981770 0.147524
v 0.064720 -0.989903 0.078862
v 0.123112 -0.981770 0.137254
v 0.110598 -0.981770 0.147523
v 0.686482 -0.185138 0.700558
v 0.698683 -0.009952 0.712758
v 0.562756 -0.009952 0.824311
v 0.553170 -0.185138 0.809964
v 0.256037 0.926795 0.270174
v 0.136982 0.977870 0.151119
v 0.121491 0.977870 0.163832
v 0.215032 0.926795 0.303826
v 0.647602 -0.373110 0.661682
v 0.683733 -0.204663 0.697813
v 0.551015 -0.204663 0.806732
v 0.522627 -0.373110 0.764246
v 0.378829 0.836201 0.392956
v 0.269099 0.919148 0.283226
v 0.225285 0.919148 0.319183
v 0.311499 0.836201 0.448212
v 0.583536 -0.546742 0.597626
v 0.642206 -0.391512 0.656296
v 0.518397 -0.391512 0.757904
v 0.472300 -0.546742 0.688915
v 0.486766 0.713469 0.500881
v 0.390577 0.825107 0.404692
v 0.320718 0.825107 0.462024
v 0.396293 0.713469 0.575130
v 0.496749 -0.699362 0.510851
v 0.575698 -0.563315 0.589800
v 0.466153 -0.563315 0.679701
v 0.404124 -0.699362 0.586867
v 0.575698 0.563315 0.589800
v 0.496749 0.699362 0.510851
v 0.404124 0.699362 0.586867
v 0.466153 0.563315 0.679701
v 0.198409 0.926795 0.314933
v 0.104868 0.977870 0.174939
v 0.087194 0.977870 0.184386
v 0.151627 0.926795 0.339939
v 0.506071 -0.373110 0.775309
v 0.534459 -0.204663 0.817795
v 0.383042 -0.204663 0.898729
v 0.363488 -0.373110 0.851521
v 0.294888 0.836201 0.459311
v 0.208673 0.919148 0.330282
v 0.158687 0.919148 0.357001
v 0.218072 0.836201 0.500370
v 0.455733 -0.546742 0.699985
v 0.501830 -0.391512 0.768973
v 0.360576 -0.391512 0.844475
v 0.328824 -0.546742 0.767819
v 0.379696 0.713469 0.586220
v 0.304121 0.825107 0.473114
v 0.224419 0.825107 0.515715
v 0.276476 0.713469 0.641392
v 0.387543 -0.699362 0.597946
v 0.449572 -0.563315 0.690780
v 0.324593 -0.563315 0.757583
v 0.281867 -0.699362 0.654431
v 0.449572 0.563315 0.690780
v 0.387543 0.699362 0.597946
v 0.281867 0.699362 0.654431
v 0.324593 0.563315 0.757583
v 0.304121 -0.825107 0.473114
v 0.379696 -0.713469 0.586220
v 0.276476 -0.713469 0.641392
v 0.224419 -0.825107 0.515715
v 0.501830 0.391512 0.768973
v 0.455733 0.546742 0.699985
v 0.328824 0.546742 0.767819
v 0.360576 0.391512 0.844475
v 0.208673 -0.919148 0.330282
v 0.294888 -0.836201 0.459311
v 0.218072 -0.836201 0.500370
v 0.158687 -0.919148 0.357001
v 0.534459 0.204664 0.817795
v 0.506071 0.373110 0.775309
v 0.363488 0.373110 0.851521
v 0.383042 0.204664 0.898729
v 0.104868 -0.977870 0.174939
v 0.198409 -0.926795 0.314933
v 0.151627 -0.926795 0.339939
v 0.087194 -0.977870 0.184386
v 0.546206 0.009952 0.835369
v 0.536620 0.185138 0.821023
v 0.384525 0.185138 0.902319
v 0.391128 0.009952 0.918260
v 0.093970 0.981770 0.158634
v 0.048091 0.989903 0.089973
v 0.079693 0.981770 0.166266
v 0.048091 -0.989903 0.089972
v 0.093969 -0.981770 0.158634
v 0.079693 -0.981770 0.166265
v 0.536620 -0.185138 0.821023
v 0.546206 -0.009952 0.835369
v 0.391128 -0.009952 0.918260
v 0.384525 -0.185138 0.902319
v 0.342168 0.391512 0.852100
v 0.310416 0.546742 0.775444
v 0.172712 0.546742 0.817216
v 0.188899 0.391512 0.898593
v 0.140229 -0.919148 0.364646
v 0.199614 -0.836201 0.508016
v 0.116265 -0.836201 0.533299
v 0.085990 -0.919148 0.381099
v 0.364646 0.204664 0.906349
v 0.345091 0.373110 0.859141
v 0.190380 0.373110 0.906072
v 0.200348 0.204664 0.956188
v 0.068724 -0.977870 0.192036
v 0.133157 -0.926795 0.347589
v 0.082394 -0.926795 0.362988
v 0.049547 -0.977870 0.197853
v 0.372738 0.009952 0.925877
v 0.366135 0.185138 0.909936
v 0.201103 0.185138 0.959998
v 0.204469 0.009952 0.976921
v 0.061216 0.981770 0.173919
v 0.029614 0.989903 0.097626
v 0.045725 0.981770 0.178618
v 0.029614 -0.989903 0.097626
v 0.061216 -0.981770 0.173919
v 0.045725 -0.981770 0.178618
v 0.366135 -0.185138 0.909936
v 0.372738 -0.009952 0.925877
v 0.204469 -0.009952 0.976921
v 0.201103 -0.185138 0.959998
v 0.133157 0.926795 0.347589
v 0.068724 0.977870 0.192036
v 0.049547 0.977870 0.197854
v 0.082395 0.926795 0.362988
v 0.345091 -0.373110 0.859141
v 0.364646 -0.204663 0.906349
v 0.200348 -0.204663 0.956188
v 0.190380 -0.373110 0.906072
v 0.199615 0.836201 0.508016
v 0.140229 0.919148 0.364646
v 0.085990 0.919148 0.381099
v 0.116265 0.836201 0.533300
v 0.310416 -0.546742 0.775444
v 0.342168 -0.391512 0.852100
v 0.188899 -0.391512 0.898593
v 0.172712 -0.546742 0.817216
v 0.258034 0.713469 0.649031
v 0.205977 0.825107 0.523354
v 0.119496 0.825107 0.549588
v 0.146034 0.713469 0.683006
v 0.263442 -0.699362 0.662063
v 0.306169 -0.563315 0.765214
v 0.170559 -0.563315 0.806351
v 0.148778 -0.699362 0.696846
v 0.306169 0.563315 0.765214
v 0.263442 0.699362 0.662063
v 0.148778 0.699362 0.696846
v 0.170559 0.563315 0.806351
v 0.205977 -0.825107 0.523354
v 0.258034 -0.713469 0.649031
v 0.146034 -0.713469 0.683006
v 0.119496 -0.825107 0.549588
v 0.170851 -0.373110 0.909957
v 0.180819 -0.204663 0.960072
v 0.009956 -0.204663 0.976901
v 0.009956 -0.373110 0.925803
v 0.096670 0.836201 0.537197
v 0.066396 0.919148 0.384997
v 0.009989 0.919148 0.390552
v 0.009989 0.836201 0.545734
v 0.153170 -0.546742 0.821103
v 0.169357 -0.391512 0.902481
v 0.009963 -0.391512 0.918180
v 0.009962 -0.546742 0.835208
v 0.126457 0.713469 0.686900
v 0.099918 0.825107 0.553482
v 0.009981 0.825107 0.562340
v 0.009981 0.713469 0.698372
v 0.129219 -0.699362 0.700736
v 0.151000 -0.563315 0.810241
v 0.009971 -0.563315 0.824131
v 0.009971 -0.699362 0.712481
v 0.151000 0.563315 0.810241
v 0.129219 0.699362 0.700736
v 0.009971 0.699362 0.712481
v 0.009971 0.563315 0.824131
v 0.099918 -0.825107 0.553482
v 0.126457 -0.713469 0.686900
v 0.009981 -0.713469 0.698372
v 0.009981 -0.825107 0.562340
v 0.169357 0.391512 0.902481
v 0.153170 0.546742 0.821103
v 0.009962 0.546742 0.835208
v 0.009963 0.391512 0.918180
v 0.066396 -0.919148 0.384997
v 0.096670 -0.836201 0.537197
v 0.009989 -0.836201 0.545734
v 0.009989 -0.919148 0.390552
v 0.180819 0.204664 0.960072
v 0.170851 0.373110 0.909957
v 0.009956 0.373110 0.925803
v 0.009956 0.204664 0.976901
v 0.029939 -0.977870 0.201754
v 0.062787 -0.926795 0.366888
v 0.009996 -0.926795 0.372087
v 0.009996 -0.977870 0.203718
v 0.184947 0.009952 0.980805
v 0.181581 0.185138 0.963882
v 0.009952 0.185138 0.980785
v 0.009952 0.009952 0.998040
v 0.026110 0.981770 0.182520
v 0.009999 0.989903 0.101528
v 0.010000 0.981770 0.184106
v 0.010000 -0.989903 0.101527
v 0.026110 -0.981770 0.182520
v 0.010000 -0.981770 0.184106
v 0.181581 -0.185138 0.963882
v 0.184947 -0.009952 0.980805
v 0.009952 -0.009952 0.998040
v 0.009952 -0.185138 0.980785
v 0.062787 0.926795 0.366888
v 0.029940 0.977870 0.201754
v 0.009996 0.977870 0.203718
v 0.009996 0.926795 0.372088
v -0.009989 -0.919148 0.390552
v -0.009989 -0.836201 0.545734
v -0.096670 -0.836201 0.537197
v -0.066396 -0.919148 0.384997
v -0.009956 0.204664 0.976901
v -0.009956 0.373110 0.925803
v -0.170851 0.373110 0.909957
v -0.180819 0.204664 0.960072
v -0.009996 -0.977870 0.203718
v -0.009996 -0.926795 0.372087
v -0.062787 -0.926795 0.366888
v -0.029939 -0.977870 0.201754
v -0.009952 0.009952 0.998040
v -0.009952 0.185138 0.980785
v -0.181581 0.185138 0.963881
v -0.184947 0.009952 0.980804
v -0.010000 0.981770 0.184106
v -0.010000 0.989903 0.101527
v -0.026110 0.981770 0.182520
v -0.010000 -0.989903 0.101527
v -0.010000 -0.981770 0.184106
v -0.026110 -0.981770 0.182519
v -0.009952 -0.185138 0.980785
v -0.009952 -0.009952 0.998040
v -0.184947 -0.009952 0.980804
v -0.181581 -0.185138 0.963881
v -0.009996 0.926795 0.372088
v -0.009996 0.977870 0.203718
v -0.029940 0.977870 0.201754
v -0.062787 0.926795 0.366888
v -0.009956 -0.373110 0.925803
v -0.009956 -0.204663 0.976901
v -0.180819 -0.204663 0.960072
v -0.170851 -0.373110 0.909957
v -0.009989 0.836201 0.545734
v -0.009989 0.919148 0.390552
v -0.066396 0.919148 0.384997
v -0.096670 0.836201 0.537197
v -0.009963 -0.546742 0.835208
v -0.009962 -0.391512 0.918180
v -0.169357 -0.391512 0.902481
v -0.153170 -0.546742 0.821103
v -0.009981 0.713469 0.698372
v -0.009981 0.825107 0.562340
v -0.099918 0.825107 0.553482
v -0.126457 0.713469 0.686900
v -0.009971 -0.699362 0.712481
v -0.009971 -0.563315 0.824131
v -0.151001 -0.563315 0.810241
v -0.129219 -0.699362 0.700736
v -0.009971 0.563315 0.824131
v -0.009971 0.699362 0.712481
v -0.129219 0.699362 0.700736
v -0.151001 0.563315 0.810241
v -0.009981 -0.825107 0.562340
v -0.009981 -0.713469 0.698372
v -0.126457 -0.713469 0.686900
v -0.099918 -0.825107 0.553482
v -0.009962 0.391512 0.918180
v -0.009963 0.546742 0.835208
v -0.153170 0.546742 0.821103
v -0.169357 0.391512 0.902481
v -0.116265 0.836201 0.533300
v -0.085990 0.919148 0.381099
v -0.140229 0.919148 0.364646
v -0.199615 0.836201 0.508016
v -0.172712 -0.546742 0.817216
v -0.188899 -0.391512 0.898593
v -0.342168 -0.391512 0.852100
v -0.310416 -0.546742 0.775443
v -0.146034 0.713469 0.683006
v -0.119496 0.825107 0.549588
v -0.205977 0.825107 0.523354
v -0.258034 0.713469 0.649031
v -0.148778 -0.699362 0.696846
v -0.170560 -0.563315 0.806351
v -0.306169 -0.563315 0.765214
v -0.263443 -0.699362 0.662063
v -0.170560 0.563315 0.806351
v -0.148778 0.699362 0.696846
v -0.263443 0.699362 0.662063
v -0.306169 0.563315 0.765214
v -0.119496 -0.825107 0.549588
v -0.146034 -0.713469 0.683006
v -0.258034 -0.713469 0.649031
v -0.205977 -0.825107 0.523354
v -0.188899 0.391512 0.898593
v -0.172712 0.546742 0.817216
v -0.310416 0.546742 0.775443
v -0.342168 0.391512 0.852100
v -0.085990 -0.919148 0.381099
v -0.116265 -0.836201 0.533299
v -0.199614 -0.836201 0.508015
v -0.140229 -0.919148 0.364646
v -0.200348 0.204664 0.956188
v -0.190380 0.373110 0.906072
v -0.345091 0.373110 0.859141
v -0.364646 0.204664 0.906349
v -0.049547 -0.977870 0.197853
v -0.082394 -0.926795 0.362988
v -0.133157 -0.926795 0.347589
v -0.068724 -0.977870 0.192036
v -0.204469 0.009952 0.976921
v -0.201103 0.185138 0.959998
v -0.366136 0.185138 0.909936
v -0.372739 0.009952 0.925877
v -0.045725 0.981770 0.178618
v -0.029614 0.989903 0.097626
v -0.061216 0.981770 0.173919
v -0.029614 -0.989903 0.097626
v -0.045725 -0.981770 0.178618
v -0.061216 -0.981770 0.173919
v -0.201103 -0.185138 0.959998
v -0.204469 -0.009952 0.976921
v -0.372739 -0.009952 0.925877
v -0.366136 -0.185138 0.909936
v -0.082394 0.926795 0.362988
v -0.049547 0.977870 0.197854
v -0.068724 0.977870 0.192036
v -0.133157 0.926795 0.347589
v -0.190380 -0.373110 0.906072
v -0.200348 -0.204663 0.956188
v -0.364646 -0.204663 0.906349
v -0.345091 -0.373110 0.859141
v -0.383042 0.204664 0.898729
v -0.363487 0.373110 0.851521
v -0.506070 0.373110 0.775308
v -0.534459 0.204664 0.817794
v -0.087194 -0.977870 0.184386
v -0.151627 -0.926795 0.339939
v -0.198409 -0.926795 0.314933
v -0.104868 -0.977870 0.174939
v -0.391128 0.009952 0.918260
v -0.384525 0.185138 0.902319
v -0.536620 0.185138 0.821022
v -0.546206 0.009952 0.835369
v -0.079693 0.981770 0.166266
v -0.048091 0.989903 0.089972
v -0.093970 0.981770 0.158634
v -0.048091 -0.989903 0.089972
v -0.079693 -0.981770 0.166265
v -0.093969 -0.981770 0.158634
v -0.384525 -0.185138 0.902319
v -0.391128 -0.009952 0.918260
v -0.546206 -0.009952 0.835369
v -0.536620 -0.185138 0.821022
v -0.151627 0.926795 0.339939
v -0.087194 0.977870 0.184386
v -0.104868 0.977870 0.174939
v -0.198409 0.926795 0.314933
v -0.363487 -0.373110 0.851521
v -0.383042 -0.204663 0.898729
v -0.534459 -0.204663 0.817794
v -0.506070 -0.373110 0.775308
v -0.218072 0.836201 0.500370
v -0.158687 0.919148 0.357001
v -0.208673 0.919148 0.330282
v -0.294888 0.836201 0.459311
v -0.328824 -0.546742 0.767819
v -0.360576 -0.391512 0.844475
v -0.501830 -0.391512 0.768973
v -0.455733 -0.546742 0.699984
v -0.276476 0.713469 0.641392
v -0.224419 0.825107 0.515715
v -0.304121 0.825107 0.473114
v -0.379696 0.713469 0.586220
v -0.281867 -0.699362 0.654431
v -0.324594 -0.563315 0.757582
v -0.449572 -0.563315 0.690780
v -0.387542 -0.699362 0.597946
v -0.324594 0.563315 0.757582
v -0.281867 0.699362 0.654431
v -0.387542 0.699362 0.597946
v -0.449572 0.563315 0.690780
v -0.224419 -0.825107 0.515715
v -0.276476 -0.713469 0.641392
v -0.379696 -0.713469 0.586220
v -0.304121 -0.825107 0.473113
v -0.360576 0.391512 0.844475
v -0.328824 0.546742 0.767819
v -0.455733 0.546742 0.699984
v -0.501830 0.391512 0.768973
v -0.158687 -0.919148 0.357000
v -0.218072 -0.836201 0.500370
v -0.294888 -0.836201 0.459311
v -0.208673 -0.919148 0.330282
v -0.472300 -0.546742 0.688915
v -0.518397 -0.391512 0.757904
v -0.642206 -0.391512 0.656296
v -0.583536 -0.546742 0.597625
v -0.396293 0.713469 0.575130
v -0.320718 0.825107 0.462024
v -0.390577 0.825107 0.404692
v -0.486766 0.713469 0.500881
v -0.404124 -0.699362 0.586867
v -0.466153 -0.563315 0.679700
v -0.575698 -0.563315 0.589799
v -0.496749 -0.699362 0.510851
v -0.466153 0.563315 0.679700
v -0.404124 0.699362 0.586867
v -0.496749 0.699362 0.510851
v -0.575698 0.563315 0.589799
v -0.320718 -0.825107 0.462024
v -0.396293 -0.713469 0.575130
v -0.486766 -0.713469 0.500881
v -0.390577 -0.825107 0.404692
v -0.518397 0.391512 0.757904
v -0.472300 0.546742 0.688915
v -0.583536 0.546742 0.597625
v -0.642206 0.391512 0.656296
v -0.225285 -0.919148 0.319183
v -0.311499 -0.836201 0.448212
v -0.378829 -0.836201 0.392956
v -0.269098 -0.919148 0.283226
v -0.551015 0.204664 0.806732
v -0.522627 0.373110 0.764246
v -0.647602 0.373110 0.661682
v -0.683733 0.204664 0.697813
v -0.121491 -0.977870 0.163832
v -0.215032 -0.926795 0.303826
v -0.256037 -0.926795 0.270174
v -0.136982 -0.977870 0.151119
v -0.562756 0.009952 0.824311
v -0.553170 0.185138 0.809964
v -0.686482 0.185138 0.700557
v -0.698683 0.009952 0.712758
v -0.110598 0.981770 0.147523
v -0.064720 0.989903 0.078862
v -0.123112 0.981770 0.137254
v -0.064720 -0.989903 0.078862
v -0.110598 -0.981770 0.147523
v -0.123112 -0.981770 0.137254
v -0.553170 -0.185138 0.809964
v -0.562756 -0.009952 0.824311
v -0.698683 -0.009952 0.712758
v -0.686482 -0.185138 0.700557
v -0.215032 0.926795 0.303826
v -0.121491 0.977870 0.163832
v -0.136982 0.977870 0.151119
v -0.256037 0.926795 0.270174
v -0.522627 -0.373110 0.764246
v -0.551015 -0.204663 0.806732
v -0.683733 -0.204663 0.697813
v -0.647602 -0.373110 0.661682
v -0.311499 0.836201 0.448212
v -0.225285 0.919148 0.319183
v -0.269098 0.919148 0.283226
v -0.378829 0.836201 0.392956
v -0.151118 -0.977870 0.136982
v -0.270173 -0.926795 0.256037
v -0.303826 -0.926795 0.215032
v -0.163832 -0.977870 0.121491
v -0.712758 0.009952 0.698683
v -0.700557 0.185138 0.686483
v -0.809964 0.185138 0.553170
v -0.824310 0.009952 0.562756
v -0.137253 0.981770 0.123112
v -0.078861 0.989903 0.064720
v -0.147523 0.981770 0.110598
v -0.078861 -0.989903 0.064720
v -0.137253 -0.981770 0.123112
v -0.147523 -0.981770 0.110598
v -0.700557 -0.185138 0.686483
v -0.712758 -0.009952 0.698683
v -0.824310 -0.009952 0.562756
v -0.809964 -0.185138 0.553170
v -0.270174 0.926795 0.256037
v -0.151118 0.977870 0.136982
v -0.163832 0.977870 0.121491
v -0.303826 0.926795 0.215032
v -0.661681 -0.373110 0.647602
v -0.697813 -0.204663 0.683733
v -0.806732 -0.204663 0.551015
v -0.764246 -0.373110 0.522627
v -0.392956 0.836201 0.378829
v -0.283225 0.919148 0.269099
v -0.319182 0.919148 0.225285
v -0.448212 0.836201 0.311500
v -0.597625 -0.546742 0.583536
v -0.656295 -0.391512 0.642207
v -0.757903 -0.391512 0.518397
v -0.688915 -0.546742 0.472300
v -0.500880 0.713469 0.486766
v -0.404691 0.825107 0.390577
v -0.462023 0.825107 0.320718
v -0.575130 0.713469 0.396293
v -0.510851 -0.699362 0.496750
v -0.589799 -0.563315 0.575698
v -0.679700 -0.563315 0.466154
v -0.586867 -0.699362 0.404124
v -0.589799 0.563315 0.575698
v -0.510851 0.699362 0.496750
v -0.586867 0.699362 0.404124
v -0.679700 0.563315 0.466154
v -0.404691 -0.825107 0.390577
v -0.500880 -0.713469 0.486766
v -0.575130 -0.713469 0.396293
v -0.462023 -0.825107 0.320718
v -0.656295 0.391512 0.642207
v -0.597625 0.546742 0.583536
v -0.688915 0.546742 0.472300
v -0.757903 0.391512 0.518397
v -0.283225 -0.919148 0.269099
v -0.392956 -0.836201 0.378829
v -0.448211 -0.836201 0.311500
v -0.319182 -0.919148 0.225285
v -0.697813 0.204664 0.683733
v -0.661681 0.373110 0.647602
v -0.764246 0.373110 0.522627
v -0.806732 0.204664 0.551015
v -0.597946 -0.699362 0.387543
v -0.690780 -0.563315 0.449572
v -0.757582 -0.563315 0.324594
v -0.654431 -0.699362 0.281867
v -0.690780 0.563315 0.449572
v -0.597946 0.699362 0.387543
v -0.654431 0.699362 0.281867
v -0.757582 0.563315 0.324594
v -0.473113 -0.825107 0.304121
v -0.586219 -0.713469 0.379696
v -0.641392 -0.713469 0.276476
v -0.515715 -0.825107 0.224419
v -0.768973 0.391512 0.501830
v -0.699984 0.546742 0.455733
v -0.767818 0.546742 0.328824
v -0.844475 0.391512 0.360576
v -0.330282 -0.919148 0.208673
v -0.459311 -0.836201 0.294888
v -0.500370 -0.836201 0.218072
v -0.357000 -0.919148 0.158687
v -0.817794 0.204664 0.534459
v -0.775308 0.373110 0.506071
v -0.851520 0.373110 0.363488
v -0.898728 0.204664 0.383042
v -0.174938 -0.977870 0.104868
v -0.314932 -0.926795 0.198409
v -0.339938 -0.926795 0.151627
v -0.184385 -0.977870 0.087195
v -0.835369 0.009952 0.546206
v -0.821022 0.185138 0.536620
v -0.902319 0.185138 0.384525
v -0.918260 0.009952 0.391128
v -0.158634 0.981770 0.093970
v -0.089972 0.989903 0.048092
v -0.166265 0.981770 0.079693
v -0.089972 -0.989903 0.048091
v -0.158634 -0.981770 0.093970
v -0.166265 -0.981770 0.079693
v -0.821022 -0.185138 0.536620
v -0.835369 -0.009952 0.546206
v -0.918260 -0.009952 0.391128
v -0.902319 -0.185138 0.384525
v -0.314933 0.926795 0.198410
v -0.174939 0.977870 0.104869
v -0.184385 0.977870 0.087195
v -0.339938 0.926795 0.151627
v -0.775308 -0.373110 0.506071
v -0.817794 -0.204663 0.534459
v -0.898728 -0.204663 0.383042
v -0.851520 -0.373110 0.363488
v -0.459311 0.836201 0.294888
v -0.330282 0.919148 0.208674
v -0.357000 0.919148 0.158687
v -0.500370 0.836201 0.218073
v -0.699984 -0.546742 0.455733
v -0.768973 -0.391512 0.501830
v -0.844475 -0.391512 0.360576
v -0.767818 -0.546742 0.328824
v -0.586219 0.713469 0.379696
v -0.473113 0.825107 0.304121
v -0.515715 0.825107 0.224419
v -0.641392 0.713469 0.276476
v -0.173918 0.981770 0.061216
v -0.097625 0.989903 0.029615
v -0.178618 0.981770 0.045725
v -0.097625 -0.989903 0.029615
v -0.173918 -0.981770 0.061216
v -0.178617 -0.981770 0.045725
v -0.909936 -0.185138 0.366136
v -0.925877 -0.009952 0.372739
v -0.976921 -0.009952 0.204469
v -0.959998 -0.185138 0.201103
v -0.347589 0.926795 0.133157
v -0.192036 0.977870 0.068725
v -0.197853 0.977870 0.049548
v -0.362987 0.926795 0.082395
v -0.859140 -0.373110 0.345092
v -0.906348 -0.204663 0.364646
v -0.956187 -0.204663 0.200348
v -0.906072 -0.373110 0.190380
v -0.508015 0.836201 0.199615
v -0.364646 0.919148 0.140229
v -0.381099 0.919148 0.085990
v -0.533299 0.836201 0.116265
v -0.775443 -0.546742 0.310416
v -0.852099 -0.391512 0.342168
v -0.898593 -0.391512 0.188899
v -0.817215 -0.546742 0.172712
v -0.649030 0.713469 0.258035
v -0.523353 0.825107 0.205978
v -0.549587 0.825107 0.119496
v -0.683005 0.713469 0.146034
v -0.662062 -0.699362 0.263443
v -0.765214 -0.563315 0.306169
v -0.806350 -0.563315 0.170560
v -0.696846 -0.699362 0.148778
v -0.765214 0.563315 0.306169
v -0.662062 0.699362 0.263443
v -0.696846 0.699362 0.148778
v -0.806350 0.563315 0.170560
v -0.523353 -0.825107 0.205977
v -0.649030 -0.713469 0.258035
v -0.683005 -0.713469 0.146034
v -0.549587 -0.825107 0.119496
v -0.852099 0.391512 0.342168
v -0.775443 0.546742 0.310416
v -0.817215 0.546742 0.172712
v -0.898593 0.391512 0.188899
v -0.364646 -0.919148 0.140229
v -0.508015 -0.836201 0.199615
v -0.533299 -0.836201 0.116265
v -0.381099 -0.919148 0.085990
v -0.906348 0.204664 0.364646
v -0.859140 0.373110 0.345092
v -0.906072 0.373110 0.190380
v -0.956187 0.204664 0.200348
v -0.192036 -0.977870 0.068725
v -0.347589 -0.926795 0.133157
v -0.362987 -0.926795 0.082395
v -0.197853 -0.977870 0.049547
v -0.925877 0.009952 0.372739
v -0.909936 0.185138 0.366136
v -0.959998 0.185138 0.201103
v -0.976921 0.009952 0.204469
v -0.810241 0.563315 0.151001
v -0.700736 0.699362 0.129219
v -0.712481 0.699362 0.009971
v -0.824131 0.563315 0.009971
v -0.553481 -0.825107 0.099918
v -0.686899 -0.713469 0.126457
v -0.698371 -0.713469 0.009981
v -0.562339 -0.825107 0.009981
v -0.902480 0.391512 0.169357
v -0.821102 0.546742 0.153170
v -0.835207 0.546742 0.009963
v -0.918179 0.391512 0.009963
v -0.384996 -0.919148 0.066396
v -0.537197 -0.836201 0.096670
v -0.545734 -0.836201 0.009989
v -0.390552 -0.919148 0.009989
v -0.960072 0.204664 0.180819
v -0.909956 0.373110 0.170851
v -0.925803 0.373110 0.009956
v -0.976900 0.204664 0.009956
v -0.201753 -0.977870 0.029940
v -0.366888 -0.926795 0.062787
v -0.372087 -0.926795 0.009996
v -0.203718 -0.977870 0.009996
v -0.980804 0.009952 0.184947
v -0.963881 0.185138 0.181581
v -0.980785 0.185138 0.009952
v -0.998039 0.009952 0.009952
v -0.182519 0.981770 0.026110
v -0.101527 0.989903 0.010000
v -0.184106 0.981770 0.010000
v -0.101527 -0.989903 0.010000
v -0.182519 -0.981770 0.026110
v -0.184106 -0.981770 0.010000
v -0.963881 -0.185138 0.181581
v -0.980804 -0.009952 0.184947
v -0.998039 -0.009952 0.009952
v -0.980785 -0.185138 0.009952
v -0.366888 0.926795 0.062787
v -0.201753 0.977870 0.029940
v -0.203718 0.977870 0.009996
v -0.372087 0.926795 0.009996
v -0.909956 -0.373110 0.170851
v -0.960072 -0.204663 0.180819
v -0.976900 -0.204663 0.009956
v -0.925803 -0.373110 0.009956
v -0.537197 0.836201 0.096670
v -0.384996 0.919148 0.066396
v -0.390552 0.919148 0.009990
v -0.545734 0.836201 0.009990
v -0.821102 -0.546742 0.153170
v -0.902480 -0.391512 0.169357
v -0.918179 -0.391512 0.009963
v -0.835207 -0.546742 0.009963
v -0.686899 0.713469 0.126457
v -0.553482 0.825107 0.099919
v -0.562340 0.825107 0.009981
v -0.698371 0.713469 0.009981
v -0.700736 -0.699362 0.129219
v -0.810241 -0.563315 0.151001
v -0.824131 -0.563315 0.009971
v -0.712481 -0.699362 0.009971
v -0.980785 -0.185138 -0.009952
v -0.998039 -0.009952 -0.009952
v -0.980804 -0.009952 -0.184947
v -0.963881 -0.185138 -0.181580
v -0.372087 0.926795 -0.009996
v -0.203718 0.977870 -0.009996
v -0.201753 0.977870 -0.029939
v -0.366888 0.926795 -0.062786
v -0.925803 -0.373110 -0.009956
v -0.976900 -0.204663 -0.009956
v -0.960072 -0.204663 -0.180819
v -0.909956 -0.373110 -0.170850
v -0.545734 0.836201 -0.009989
v -0.390552 0.919148 -0.009989
v -0.384996 0.919148 -0.066395
v -0.537197 0.836201 -0.096670
v -0.835207 -0.546742 -0.009962
v -0.918179 -0.391512 -0.009962
v -0.902480 -0.391512 -0.169357
v -0.821102 -0.546742 -0.153170
v -0.698371 0.713469 -0.009980
v -0.562340 0.825107 -0.009980
v -0.553481 0.825107 -0.099918
v -0.686899 0.713469 -0.126457
v -0.712481 -0.699362 -0.009971
v -0.824131 -0.563315 -0.009971
v -0.810241 -0.563315 -0.151000
v -0.700736 -0.699362 -0.129218
v -0.824131 0.563315 -0.009971
v -0.712481 0.699362 -0.009971
v -0.700736 0.699362 -0.129218
v -0.810241 0.563315 -0.151000
v -0.562339 -0.825107 -0.009980
v -0.698371 -0.713469 -0.009980
v -0.686899 -0.713469 -0.126457
v -0.553481 -0.825107 -0.099918
v -0.918179 0.391512 -0.009962
v -0.835207 0.546742 -0.009962
v -0.821102 0.546742 -0.153170
v -0.902480 0.391512 -0.169357
v -0.390552 -0.919148 -0.009989
v -0.545734 -0.836201 -0.009989
v -0.537197 -0.836201 -0.096670
v -0.384996 -0.919148 -0.066395
v -0.976900 0.204664 -0.009956
v -0.925803 0.373110 -0.009956
v -0.909956 0.373110 -0.170850
v -0.960072 0.204664 -0.180819
v -0.203718 -0.977870 -0.009996
v -0.372087 -0.926795 -0.009996
v -0.366888 -0.926795 -0.062786
v -0.201753 -0.977870 -0.029939
v -0.998039 0.009952 -0.009952
v -0.980785 0.185138 -0.009952
v -0.963881 0.185138 -0.181580
v -0.980804 0.009952 -0.184947
v -0.184106 0.981770 -0.009999
v -0.101527 0.989903 -0.009999
v -0.182519 0.981770 -0.026110
v -0.101527 -0.989903 -0.009999
v -0.184106 -0.981770 -0.009999
v -0.182519 -0.981770 -0.026110
v -0.549587 -0.825107 -0.119495
v -0.683005 -0.713469 -0.146034
v -0.649030 -0.713469 -0.258034
v -0.523353 -0.825107 -0.205977
v -0.898593 0.391512 -0.188899
v -0.817215 0.546742 -0.172712
v -0.775443 0.546742 -0.310416
v -0.852099 0.391512 -0.342168
v -0.381099 -0.919148 -0.085990
v -0.533299 -0.836201 -0.116264
v -0.508015 -0.836201 -0.199614
v -0.364645 -0.919148 -0.140229
v -0.956187 0.204664 -0.200348
v -0.906072 0.373110 -0.190379
v -0.859140 0.373110 -0.345091
v -0.906348 0.204664 -0.364645
v -0.197853 -0.977870 -0.049547
v -0.362987 -0.926795 -0.082394
v -0.347589 -0.926795 -0.133156
v -0.192036 -0.977870 -0.068724
v -0.976921 0.009952 -0.204469
v -0.959998 0.185138 -0.201103
v -0.909935 0.185138 -0.366135
v -0.925877 0.009952 -0.372738
v -0.178618 0.981770 -0.045724
v -0.097625 0.989903 -0.029614
v -0.173918 0.981770 -0.061216
v -0.097625 -0.989903 -0.029614
v -0.178617 -0.981770 -0.045724
v -0.173918 -0.981770 -0.061216
v -0.959998 -0.185138 -0.201103
v -0.976921 -0.009952 -0.204469
v -0.925877 -0.009952 -0.372738
v -0.909935 -0.185138 -0.366135
v -0.362987 0.926795 -0.082394
v -0.197853 0.977870 -0.049547
v -0.192036 0.977870 -0.068724
v -0.347589 0.926795 -0.133156
v -0.906072 -0.373110 -0.190379
v -0.956187 -0.204663 -0.200348
v -0.906348 -0.204663 -0.364645
v -0.859140 -0.373110 -0.345091
v -0.533299 0.836201 -0.116264
v -0.381099 0.919148 -0.085990
v -0.364646 0.919148 -0.140229
v -0.508015 0.836201 -0.199614
v -0.817215 -0.546742 -0.172712
v -0.898593 -0.391512 -0.188899
v -0.852099 -0.391512 -0.342168
v -0.775443 -0.546742 -0.310416
v -0.683005 0.713469 -0.146034
v -0.549587 0.825107 -0.119495
v -0.523353 0.825107 -0.205977
v -0.649030 0.713469 -0.258034
v -0.696845 -0.699362 -0.148777
v -0.806350 -0.563315 -0.170559
v -0.765213 -0.563315 -0.306169
v -0.662062 -0.699362 -0.263442
v -0.806350 0.563315 -0.170559
v -0.696845 0.699362 -0.148777
v -0.662062 0.699362 -0.263442
v -0.765213 0.563315 -0.306169
v -0.339938 0.926795 -0.151626
v -0.184385 0.977870 -0.087194
v -0.174939 0.977870 -0.104868
v -0.314932 0.926795 -0.198409
v -0.851520 -0.373110 -0.363487
v -0.898728 -0.204663 -0.383041
v -0.817794 -0.204663 -0.534459
v -0.775308 -0.373110 -0.506070
v -0.500370 0.836201 -0.218072
v -0.357000 0.919148 -0.158686
v -0.330282 0.919148 -0.208673
v -0.459311 0.836201 -0.294888
v -0.767818 -0.546742 -0.328824
v -0.844474 -0.391512 -0.360576
v -0.768973 -0.391512 -0.501829
v -0.699984 -0.546742 -0.455732
v -0.641392 0.713469 -0.276476
v -0.515715 0.825107 -0.224419
v -0.473113 0.825107 -0.304120
v -0.586219 0.713469 -0.379696
v -0.654431 -0.699362 -0.281867
v -0.757582 -0.563315 -0.324593
v -0.690779 -0.563315 -0.449572
v -0.597946 -0.699362 -0.387542
v -0.757582 0.563315 -0.324593
v -0.654431 0.699362 -0.281867
v -0.597946 0.699362 -0.387542
v -0.690779 0.563315 -0.449572
v -0.515714 -0.825107 -0.224419
v -0.641392 -0.713469 -0.276476
v -0.586219 -0.713469 -0.379696
v -0.473113 -0.825107 -0.304120
v -0.844474 0.391512 -0.360576
v -0.767818 0.546742 -0.328824
v -0.699984 0.546742 -0.455732
v -0.768973 0.391512 -0.501829
v -0.357000 -0.919148 -0.158686
v -0.500370 -0.836201 -0.218072
v -0.459311 -0.836201 -0.294887
v -0.330282 -0.919148 -0.208673
v -0.898728 0.204664 -0.383041
v -0.851520 0.373110 -0.363487
v -0.775308 0.373110 -0.506070
v -0.817794 0.204664 -0.534459
v -0.184385 -0.977870 -0.087194
v -0.339938 -0.926795 -0.151626
v -0.314932 -0.926795 -0.198409
v -0.174938 -0.977870 -0.104868
v -0.918259 0.009952 -0.391128
v -0.902318 0.185138 -0.384525
v -0.821022 0.185138 -0.536620
v -0.835368 0.009952 -0.546206
v -0.166265 0.981770 -0.079692
v -0.089972 0.989903 -0.048091
v -0.158634 0.981770 -0.093969
v -0.089972 -0.989903 -0.048091
v -0.166265 -0.981770 -0.079692
v -0.158634 -0.981770 -0.093969
v -0.902318 -0.185138 -0.384525
v -0.918259 -0.009952 -0.391128
v -0.835368 -0.009952 -0.546206
v -0.821022 -0.185138 -0.536620
v -0.757903 0.391512 -0.518396
v -0.688914 0.546742 -0.472299
v -0.597625 0.546742 -0.583536
v -0.656295 0.391512 -0.642206
v -0.319182 -0.919148 -0.225284
v -0.448211 -0.836201 -0.311499
v -0.392955 -0.836201 -0.378828
v -0.283225 -0.919148 -0.269098
v -0.806731 0.204664 -0.551015
v -0.764246 0.373110 -0.522626
v -0.661681 0.373110 -0.647601
v -0.697812 0.204664 -0.683733
v -0.163831 -0.977870 -0.121490
v -0.303826 -0.926795 -0.215031
v -0.270173 -0.926795 -0.256037
v -0.151118 -0.977870 -0.136982
v -0.824310 0.009952 -0.562756
v -0.809963 0.185138 -0.553170
v -0.700557 0.185138 -0.686482
v -0.712757 0.009952 -0.698683
v -0.147523 0.981770 -0.110598
v -0.078861 0.989903 -0.064719
v -0.137253 0.981770 -0.123112
v -0.078861 -0.989903 -0.064719
v -0.147523 -0.981770 -0.110598
v -0.137253 -0.981770 -0.123111
v -0.809963 -0.185138 -0.553170
v -0.824310 -0.009952 -0.562756
v -0.712757 -0.009952 -0.698683
v -0.700557 -0.185138 -0.686482
v -0.303826 0.926795 -0.215032
v -0.163832 0.977870 -0.121490
v -0.151118 0.977870 -0.136982
v -0.270173 0.926795 -0.256037
v -0.764246 -0.373110 -0.522626
v -0.806731 -0.204663 -0.551015
v -0.697812 -0.204663 -0.683733
v -0.661681 -0.373110 -0.647601
v -0.448211 0.836201 -0.311499
v -0.319182 0.919148 -0.225284
v -0.283225 0.919148 -0.269098
v -0.392956 0.836201 -0.378828
v -0.688914 -0.546742 -0.472299
v -0.757903 -0.391512 -0.518396
v -0.656295 -0.391512 -0.642206
v -0.597625 -0.546742 -0.583536
v -0.575130 0.713469 -0.396293
v -0.462023 0.825107 -0.320717
v -0.404691 0.825107 -0.390577
v -0.500880 0.713469 -0.486766
v -0.586866 -0.699362 -0.404124
v -0.679700 -0.563315 -0.466153
v -0.589799 -0.563315 -0.575698
v -0.510851 -0.699362 -0.496749
v -0.679700 0.563315 -0.466153
v -0.586866 0.699362 -0.404124
v -0.510851 0.699362 -0.496749
v -0.589799 0.563315 -0.575698
v -0.462023 -0.825107 -0.320717
v -0.575130 -0.713469 -0.396293
v -0.500880 -0.713469 -0.486766
v -0.404691 -0.825107 -0.390576
v -0.647602 -0.373110 -0.661681
v -0.683733 -0.204663 -0.697812
v -0.551014 -0.204663 -0.806731
v -0.522626 -0.373110 -0.764245
v -0.378829 0.836201 -0.392955
v -0.269098 0.919148 -0.283225
v -0.225285 0.919148 -0.319182
v -0.311499 0.836201 -0.448211
v -0.583536 -0.546742 -0.597625
v -0.642206 -0.391512 -0.656295
v -0.518396 -0.391512 -0.757903
v -0.472299 -0.546742 -0.688914
v -0.486766 0.713469 -0.500880
v -0.390577 0.825107 -0.404691
v -0.320718 0.825107 -0.462023
v -0.396293 0.713469 -0.575129
v -0.496749 -0.699362 -0.510850
v -0.575698 -0.563315 -0.589799
v -0.466153 -0.563315 -0.679700
v -0.404124 -0.699362 -0.586866
v -0.575698 0.563315 -0.589799
v -0.496749 0.699362 -0.510850
v -0.404124 0.699362 -0.586866
v -0.466153 0.563315 -0.679700
v -0.390577 -0.825107 -0.404691
v -0.486766 -0.713469 -0.500880
v -0.396293 -0.713469 -0.575129
v -0.320717 -0.825107 -0.462023
v -0.642206 0.391512 -0.656295
v -0.583536 0.546742 -0.597625
v -0.472299 0.546742 -0.688914
v -0.518396 0.391512 -0.757903
v -0.269098 -0.919148 -0.283225
v -0.378829 -0.836201 -0.392955
v -0.311499 -0.836201 -0.448211
v -0.225285 -0.919148 -0.319182
v -0.683733 0.204664 -0.697812
v -0.647602 0.373110 -0.661681
v -0.522626 0.373110 -0.764245
v -0.551014 0.204664 -0.806731
v -0.136982 -0.977870 -0.151118
v -0.256037 -0.926795 -0.270173
v -0.215032 -0.926795 -0.303825
v -0.121491 -0.977870 -0.163831
v -0.698683 0.009952 -0.712758
v -0.686482 0.185138 -0.700557
v -0.553170 0.185138 -0.809963
v -0.562756 0.009952 -0.824310
v -0.123112 0.981770 -0.137253
v -0.064720 0.989903 -0.078861
v -0.110598 0.981770 -0.147523
v -0.064720 -0.989904 -0.078861
v -0.123112 -0.981770 -0.137253
v -0.110598 -0.981770 -0.147523
v -0.686482 -0.185138 -0.700557
v -0.698683 -0.009952 -0.712758
v -0.562756 -0.009952 -0.824310
v -0.553170 -0.185138 -0.809963
v -0.256037 0.926795 -0.270173
v -0.136982 0.977870 -0.151118
v -0.121491 0.977870 -0.163831
v -0.215032 0.926795 -0.303825
v -0.208673 -0.919148 -0.330281
v -0.294888 -0.836201 -0.459311
v -0.218072 -0.836201 -0.500369
v -0.158686 -0.919148 -0.357000
v -0.534458 0.204664 -0.817794
v -0.506070 0.373110 -0.775308
v -0.363487 0.373110 -0.851520
v -0.383041 0.204664 -0.898728
v -0.104868 -0.977870 -0.174938
v -0.198409 -0.926795 -0.314932
v -0.151626 -0.926795 -0.339938
v -0.087194 -0.977870 -0.184385
v -0.546206 0.009952 -0.835368
v -0.536620 0.185138 -0.821022
v -0.384525 0.185138 -0.902318
v -0.391128 0.009952 -0.918259
v -0.093970 0.981770 -0.158634
v -0.048091 0.989903 -0.089972
v -0.079693 0.981770 -0.166265
v -0.048091 -0.989903 -0.089972
v -0.093969 -0.981770 -0.158634
v -0.079693 -0.981770 -0.166265
v -0.536620 -0.185138 -0.821022
v -0.546206 -0.009952 -0.835368
v -0.391128 -0.009952 -0.918259
v -0.384525 -0.185138 -0.902318
v -0.198409 0.926795 -0.314932
v -0.104868 0.977870 -0.174938
v -0.087194 0.977870 -0.184385
v -0.151627 0.926795 -0.339938
v -0.506070 -0.373110 -0.775308
v -0.534458 -0.204663 -0.817794
v -0.383041 -0.204663 -0.898728
v -0.363487 -0.373110 -0.851520
v -0.294888 0.836201 -0.459311
v -0.208673 0.919148 -0.330281
v -0.158687 0.919148 -0.357000
v -0.218072 0.836201 -0.500369
v -0.455732 -0.546742 -0.699984
v -0.501829 -0.391512 -0.768973
v -0.360576 -0.391512 -0.844474
v -0.328824 -0.546742 -0.767818
v -0.379696 0.713469 -0.586219
v -0.304120 0.825107 -0.473113
v -0.224419 0.825107 -0.515714
v -0.276476 0.713469 -0.641391
v -0.387542 -0.699362 -0.597946
v -0.449572 -0.563315 -0.690779
v -0.324593 -0.563315 -0.757582
v -0.281867 -0.699362 -0.654430
v -0.449572 0.563315 -0.690779
v -0.387542 0.699362 -0.597946
v -0.281867 0.699362 -0.654430
v -0.324593 0.563315 -0.757582
v -0.304120 -0.825107 -0.473113
v -0.379696 -0.713469 -0.586219
v -0.276476 -0.713469 -0.641391
v -0.224419 -0.825107 -0.515714
v -0.501829 0.391512 -0.768973
v -0.455732 0.546742 -0.699984
v -0.328824 0.546742 -0.767818
v -0.360576 0.391512 -0.844474
v -0.310415 -0.546742 -0.775443
v -0.342168 -0.391512 -0.852099
v -0.188899 -0.391512 -0.898593
v -0.172712 -0.546742 -0.817215
v -0.258034 0.713469 -0.649030
v -0.205977 0.825107 -0.523353
v -0.119496 0.825107 -0.549587
v -0.146034 0.713469 -0.683005
v -0.263442 -0.699362 -0.662062
v -0.306169 -0.563315 -0.765213
v -0.170559 -0.563315 -0.806350
v -0.148778 -0.699362 -0.696845
v -0.306169 0.563315 -0.765213
v -0.263442 0.699362 -0.662062
v -0.148778 0.699362 -0.696845
v -0.170559 0.563315 -0.806350
v -0.205977 -0.825107 -0.523353
v -0.258034 -0.713469 -0.649030
v -0.146034 -0.713469 -0.683005
v -0.119496 -0.825107 -0.549587
v -0.342168 0.391512 -0.852099
v -0.310415 0.546742 -0.775443
v -0.172712 0.546742 -0.817215
v -0.188899 0.391512 -0.898593
v -0.140229 -0.919148 -0.364645
v -0.199614 -0.836201 -0.508015
v -0.116265 -0.836201 -0.533298
v -0.085990 -0.919148 -0.381098
v -0.364645 0.204664 -0.906348
v -0.345091 0.373110 -0.859140
v -0.190380 0.373110 -0.906071
v -0.200348 0.204664 -0.956187
v -0.068724 -0.977870 -0.192035
v -0.133156 -0.926795 -0.347589
v -0.082394 -0.926795 -0.362987
v -0.049547 -0.977870 -0.197853
v -0.372738 0.009952 -0.925876
v -0.366135 0.185138 -0.909935
v -0.201102 0.185138 -0.959997
v -0.204469 0.009952 -0.976920
v -0.061216 0.981770 -0.173918
v -0.029614 0.989903 -0.097625
v -0.045725 0.981770 -0.178617
v -0.029614 -0.989903 -0.097625
v -0.061216 -0.981770 -0.173918
v -0.045725 -0.981770 -0.178617
v -0.366135 -0.185138 -0.909935
v -0.372738 -0.009952 -0.925876
v -0.204469 -0.009952 -0.976920
v -0.201102 -0.185138 -0.959997
v -0.133156 0.926795 -0.347589
v -0.068724 0.977870 -0.192036
v -0.049547 0.977870 -0.197853
v -0.082394 0.926795 -0.362987
v -0.345091 -0.373110 -0.859140
v -0.364645 -0.204663 -0.906348
v -0.200348 -0.204663 -0.956187
v -0.190380 -0.373110 -0.906071
v -0.199614 0.836201 -0.508015
v -0.140229 0.919148 -0.364645
v -0.085990 0.919148 -0.381098
v -0.116265 0.836201 -0.533299
v -0.029939 -0.977870 -0.201753
v -0.062787 -0.926795 -0.366887
v -0.009996 -0.926795 -0.372087
v -0.009996 -0.977870 -0.203717
v -0.184946 0.009952 -0.980803
v -0.181580 0.185138 -0.963880
v -0.009952 0.185138 -0.980784
v -0.009952 0.009952 -0.998039
v -0.026110 0.981770 -0.182519
v -0.010000 0.989903 -0.101527
v -0.010000 0.981770 -0.184106
v -0.010000 -0.989903 -0.101527
v -0.026110 -0.981770 -0.182519
v -0.010000 -0.981770 -0.184106
v -0.181580 -0.185138 -0.963880
v -0.184946 -0.009952 -0.980803
v -0.009952 -0.009952 -0.998039
v -0.009952 -0.185138 -0.980784
v -0.062787 0.926795 -0.366887
v -0.029939 0.977870 -0.201753
v -0.009996 0.977870 -0.203717
v -0.009996 0.926795 -0.372087
v -0.170851 -0.373110 -0.909956
v -0.180819 -0.204663 -0.960071
v -0.009956 -0.204663 -0.976900
v -0.009956 -0.373110 -0.925802
v -0.096670 0.836201 -0.537196
v -0.066396 0.919148 -0.384996
v -0.009989 0.919148 -0.390551
v -0.009989 0.836201 -0.545734
v -0.153169 -0.546742 -0.821102
v -0.169357 -0.391512 -0.902480
v -0.009962 -0.391512 -0.918179
v -0.009962 -0.546742 -0.835207
v -0.126457 0.713469 -0.686899
v -0.099918 0.825107 -0.553481
v -0.009980 0.825107 -0.562339
v -0.009980 0.713469 -0.698371
v -0.129218 -0.699362 -0.700736
v -0.151000 -0.563315 -0.810240
v -0.009971 -0.563315 -0.824130
v -0.009971 -0.699362 -0.712480
v -0.151000 0.563315 -0.810240
v -0.129218 0.699362 -0.700736
v -0.009971 0.699362 -0.712480
v -0.009971 0.563315 -0.824130
v -0.099918 -0.825107 -0.553481
v -0.126457 -0.713469 -0.686899
v -0.009980 -0.713469 -0.698371
v -0.009980 -0.825107 -0.562339
v -0.169357 0.391512 -0.902480
v -0.153169 0.546742 -0.821102
v -0.009962 0.546742 -0.835207
v -0.009962 0.391512 -0.918179
v -0.066395 -0.919148 -0.384996
v -0.096670 -0.836201 -0.537196
v -0.009989 -0.836201 -0.545733
v -0.009989 -0.919148 -0.390551
v -0.180819 0.204664 -0.960071
v -0.170851 0.373110 -0.909956
v -0.009956 0.373110 -0.925802
v -0.009956 0.204664 -0.976900
vn 0.6712 -0.2152 0.7094
vn 0.7381 0.1959 -0.6457
vn -0.0422 -0.9026 0.4284
vn 0.0886 -0.4267 -0.9000
vn -0.7967 -0.2152 0.5648
vn -0.5979 0.1959 -0.7773
vn -0.0842 0.5126 0.8545
vn 0.0506 0.8562 -0.5141
vn 0.6951 0.6879 0.2087
vn 0.7155 -0.6685 -0.2028
vn -0.0887 0.4256 0.9006
vn -0.0416 -0.9053 0.4228
vn -0.7225 0.6879 0.0690
vn -0.6622 -0.6685 -0.3385
vn 0.0501 0.8594 -0.5088
vn 0.0842 -0.5114 -0.8552
vn 0.6698 -0.0728 0.7390
vn 0.7393 0.0660 -0.6701
vn -0.0586 -0.8014 0.5952
vn 0.0788 -0.5943 -0.8004
vn -0.8011 -0.0728 0.5941
vn -0.5944 0.0660 -0.8015
vn -0.0728 0.6698 0.7390
vn 0.0660 0.7393 -0.6701
vn 0.7018 -0.7089 0.0698
vn 0.7087 0.7021 -0.0692
vn -0.7019 -0.7089 -0.0684
vn -0.6816 0.7021 -0.2061
vn -0.0789 -0.5936 0.8009
vn -0.0582 0.8049 0.5906
vn 0.7018 0.7089 0.0698
vn 0.7087 -0.7021 -0.0692
vn -0.0789 0.5936 0.8009
vn -0.0582 -0.8049 0.5906
vn -0.7019 0.7089 -0.0684
vn -0.6816 -0.7021 -0.2061
vn 0.6698 0.0728 0.7390
vn 0.7393 -0.0660 -0.6701
vn -0.0728 -0.6698 0.7390
vn 0.0660 -0.7393 -0.6701
vn -0.8011 0.0728 0.5941
vn -0.5944 -0.0660 -0.8015
vn -0.0586 0.8014 0.5952
vn 0.0788 0.5943 -0.8004
vn 0.6951 -0.6879 0.2087
vn 0.7155 0.6685 -0.2028
vn 0.0501 -0.8594 -0.5088
vn 0.0842 0.5114 -0.8552
vn -0.7225 -0.6879 0.0690
vn -0.6622 0.6685 -0.3385
vn -0.0887 -0.4256 0.9006
vn -0.0416 0.9053 0.4228
vn 0.6712 0.2152 0.7094
vn 0.7381 -0.1959 -0.6457
vn -0.0842 -0.5126 0.8545
vn 0.0506 -0.8562 -0.5141
vn -0.7967 0.2152 0.5648
vn -0.5979 -0.1959 -0.7773
vn -0.0422 0.9026 0.4284
vn 0.0886 0.4267 -0.9000
vn 0.6887 -0.6395 0.3418
vn 0.7217 0.6104 -0.3263
vn 0.0327 -0.9427 -0.3321
vn 0.0924 0.3344 -0.9379
vn -0.7421 -0.6395 0.2009
vn -0.6442 0.6104 -0.4608
vn -0.0951 -0.2415 0.9657
vn -0.0235 0.9708 0.2388
vn 0.6739 0.3483 0.6516
vn 0.7356 -0.3193 -0.5975
vn -0.0923 -0.3360 0.9373
vn 0.0333 -0.9405 -0.3383
vn -0.7881 0.3483 0.5076
vn -0.6049 -0.3193 -0.7295
vn -0.0241 0.9692 0.2451
vn 0.0951 0.2430 -0.9653
vn 0.6828 -0.5648 0.4635
vn 0.7273 0.5305 -0.4354
vn 0.0140 -0.9897 -0.1426
vn 0.0970 0.1448 -0.9847
vn -0.7601 -0.5648 0.3213
vn -0.6284 0.5305 -0.5689
vn -0.0979 -0.0483 0.9940
vn -0.0045 0.9989 0.0456
vn 0.6778 0.4664 0.5683
vn 0.7319 -0.4322 -0.5267
vn -0.0970 -0.1466 0.9844
vn 0.0147 -0.9887 -0.1493
vn -0.7757 0.4664 0.4252
vn -0.6151 -0.4322 -0.6594
vn -0.0052 0.9986 0.0523
vn 0.0979 0.0501 -0.9939
vn 0.6778 -0.4664 0.5683
vn 0.7319 0.4322 -0.5267
vn -0.0052 -0.9986 0.0523
vn 0.0979 -0.0501 -0.9939
vn -0.7757 -0.4664 0.4252
vn -0.6151 0.4322 -0.6594
vn -0.0970 0.1466 0.9844
vn 0.0147 0.9887 -0.1493
vn 0.6828 0.5648 0.4635
vn 0.7273 -0.5305 -0.4354
vn -0.0979 0.0483 0.9940
vn -0.0045 -0.9989 0.0456
vn -0.7601 0.5648 0.3213
vn -0.6284 -0.5305 -0.5689
vn 0.0140 0.9897 -0.1426
vn 0.0970 -0.1448 -0.9847
vn 0.6739 -0.3483 0.6516
vn 0.7356 0.3193 -0.5975
vn -0.0241 -0.9692 0.2451
vn 0.0951 -0.2430 -0.9653
vn -0.7881 -0.3483 0.5076
vn -0.6049 0.3193 -0.7295
vn -0.0923 0.3360 0.9373
vn 0.0333 0.9405 -0.3383
vn 0.6887 0.6395 0.3418
vn 0.7217 -0.6104 -0.3263
vn -0.0951 0.2415 0.9657
vn -0.0235 -0.9708 0.2388
vn -0.7421 0.6395 0.2009
vn -0.6442 -0.6104 -0.4608
vn 0.0327 0.9427 -0.3321
vn 0.0924 -0.3344 -0.9379
vn 0.5793 0.5647 0.5878
vn 0.7982 -0.5306 -0.2852
vn -0.2899 0.0483 0.9558
vn -0.0133 -0.9989 0.0438
vn -0.8082 0.5648 0.1669
vn -0.5053 -0.5305 -0.6806
vn 0.0416 0.9897 -0.1372
vn 0.2872 -0.1449 -0.9468
vn 0.5338 -0.3483 0.7705
vn 0.8380 0.3193 -0.4425
vn -0.0715 -0.9692 0.2357
vn 0.2816 -0.2430 -0.9282
vn -0.8719 -0.3483 0.3441
vn -0.4510 0.3193 -0.8335
vn -0.2734 0.3360 0.9013
vn 0.0987 0.9405 -0.3253
vn 0.6088 0.6395 0.4696
vn 0.7715 -0.6104 -0.1792
vn -0.2817 0.2415 0.9286
vn -0.0697 -0.9708 0.2296
vn -0.7670 0.6395 0.0522
vn -0.5419 -0.6104 -0.5777
vn 0.0969 0.9427 -0.3193
vn 0.2736 -0.3344 -0.9018
vn 0.5199 -0.2152 0.8267
vn 0.8499 0.1959 -0.4893
vn -0.1250 -0.9026 0.4120
vn 0.2625 -0.4267 -0.8654
vn -0.8915 -0.2152 0.3985
vn -0.4348 0.1959 -0.8790
vn -0.2492 0.5126 0.8217
vn 0.1500 0.8562 -0.4944
vn 0.6411 0.6879 0.3403
vn 0.7413 -0.6685 -0.0593
vn -0.2627 0.4256 0.8660
vn -0.1233 -0.9052 0.4066
vn -0.7221 0.6879 -0.0732
vn -0.5834 -0.6685 -0.4612
vn 0.1484 0.8594 -0.4893
vn 0.2494 -0.5115 -0.8223
vn 0.5127 -0.0728 0.8555
vn 0.8559 0.0660 -0.5130
vn -0.1736 -0.8015 0.5723
vn 0.2335 -0.5943 -0.7696
vn -0.9016 -0.0728 0.4264
vn -0.4266 0.0660 -0.9020
vn -0.2156 0.6697 0.7106
vn 0.1955 0.7393 -0.6444
vn 0.6747 -0.7089 0.2054
vn 0.7086 0.7021 0.0704
vn -0.6751 -0.7089 -0.2041
vn -0.6283 0.7021 -0.3351
vn -0.2336 -0.5936 0.7701
vn -0.1723 0.8049 0.5679
vn 0.6747 0.7089 0.2054
vn 0.7086 -0.7021 0.0704
vn -0.2336 0.5936 0.7701
vn -0.1723 -0.8049 0.5679
vn -0.6751 0.7089 -0.2041
vn -0.6283 -0.7021 -0.3351
vn 0.5127 0.0728 0.8555
vn 0.8559 -0.0660 -0.5130
vn -0.2156 -0.6697 0.7106
vn 0.1955 -0.7393 -0.6444
vn -0.9016 0.0728 0.4264
vn -0.4266 -0.0660 -0.9020
vn -0.1736 0.8015 0.5723
vn 0.2335 0.5943 -0.7696
vn 0.6411 -0.6879 0.3403
vn 0.7413 0.6685 -0.0593
vn 0.1484 -0.8594 -0.4893
vn 0.2494 0.5115 -0.8223
vn -0.7221 -0.6879 -0.0732
vn -0.5834 0.6685 -0.4612
vn -0.2627 -0.4256 0.8660
vn -0.1233 0.9053 0.4066
vn 0.5199 0.2152 0.8267
vn 0.8499 -0.1959 -0.4893
vn -0.2492 -0.5126 0.8217
vn 0.1500 -0.8562 -0.4944
vn -0.8915 0.2152 0.3985
vn -0.4348 -0.1959 -0.8790
vn -0.1250 0.9026 0.4120
vn 0.2625 0.4267 -0.8654
vn 0.6088 -0.6395 0.4696
vn 0.7715 0.6104 -0.1792
vn 0.0969 -0.9427 -0.3194
vn 0.2736 0.3344 -0.9018
vn -0.7670 -0.6395 0.0522
vn -0.5419 0.6104 -0.5777
vn -0.2817 -0.2415 0.9286
vn -0.0697 0.9708 0.2296
vn 0.5338 0.3483 0.7705
vn 0.8380 -0.3193 -0.4425
vn -0.2734 -0.3360 0.9013
vn 0.0987 -0.9405 -0.3253
vn -0.8719 0.3483 0.3441
vn -0.4509 -0.3193 -0.8335
vn -0.0715 0.9692 0.2357
vn 0.2816 0.2430 -0.9282
vn 0.5793 -0.5648 0.5878
vn 0.7982 0.5306 -0.2852
vn 0.0416 -0.9897 -0.1372
vn 0.2872 0.1449 -0.9468
vn -0.8082 -0.5648 0.1669
vn -0.5053 0.5305 -0.6806
vn -0.2899 -0.0483 0.9558
vn -0.0133 0.9989 0.0438
vn 0.5539 0.4664 0.6896
vn 0.8206 -0.4322 -0.3738
vn -0.2871 -0.1466 0.9466
vn 0.0435 -0.9887 -0.1435
vn -0.8437 0.4664 0.2657
vn -0.4747 -0.4322 -0.7667
vn -0.0153 0.9986 0.0503
vn 0.2899 0.0501 -0.9557
vn 0.5539 -0.4664 0.6896
vn 0.8206 0.4322 -0.3738
vn -0.0153 -0.9986 0.0503
vn 0.2899 -0.0501 -0.9557
vn -0.8437 -0.4664 0.2657
vn -0.4747 0.4322 -0.7667
vn -0.2871 0.1466 0.9466
vn 0.0435 0.9887 -0.1435
vn 0.3486 0.2152 0.9122
vn 0.9290 -0.1959 -0.3141
vn -0.4048 -0.5126 0.7572
vn 0.2435 -0.8562 -0.4556
vn -0.9522 0.2152 0.2170
vn -0.2550 -0.1959 -0.9469
vn -0.2029 0.9026 0.3797
vn 0.4263 0.4267 -0.7976
vn 0.5055 -0.6395 0.5793
vn 0.7917 0.6104 -0.0253
vn 0.1573 -0.9427 -0.2943
vn 0.4443 0.3344 -0.8311
vn -0.7625 -0.6395 -0.0984
vn -0.4188 0.6104 -0.6723
vn -0.4574 -0.2415 0.8558
vn -0.1131 0.9708 0.2116
vn 0.3732 0.3483 0.8599
vn 0.9082 -0.3193 -0.2705
vn -0.4440 -0.3360 0.8307
vn 0.1602 -0.9405 -0.2998
vn -0.9223 0.3483 0.1674
vn -0.2797 -0.3193 -0.9054
vn -0.1161 0.9692 0.2172
vn 0.4573 0.2430 -0.8555
vn 0.4535 -0.5648 0.6895
vn 0.8385 0.5305 -0.1240
vn 0.0676 -0.9897 -0.1264
vn 0.4664 0.1449 -0.8726
vn -0.8252 -0.5648 0.0060
vn -0.3628 0.5305 -0.7661
vn -0.4708 -0.0483 0.8809
vn -0.0216 0.9989 0.0404
vn 0.4087 0.4664 0.7845
vn 0.8778 -0.4323 -0.2065
vn -0.4663 -0.1466 0.8724
vn 0.0707 -0.9887 -0.1323
vn -0.8793 0.4664 0.0960
vn -0.3160 -0.4322 -0.8446
vn -0.0248 0.9986 0.0463
vn 0.4708 0.0501 -0.8808
vn 0.4087 -0.4664 0.7845
vn 0.8778 0.4323 -0.2065
vn -0.0248 -0.9986 0.0463
vn 0.4708 -0.0501 -0.8808
vn -0.8793 -0.4664 0.0960
vn -0.3160 0.4322 -0.8446
vn -0.4663 0.1466 0.8724
vn 0.0707 0.9887 -0.1323
vn 0.4535 0.5648 0.6895
vn 0.8385 -0.5305 -0.1240
vn -0.4708 0.0483 0.8809
vn -0.0216 -0.9989 0.0404
vn -0.8252 0.5648 0.0060
vn -0.3628 -0.5305 -0.7661
vn 0.0676 0.9897 -0.1264
vn 0.4664 -0.1449 -0.8726
vn 0.3732 -0.3483 0.8599
vn 0.9082 0.3193 -0.2705
vn -0.1161 -0.9692 0.2172
vn 0.4573 -0.2430 -0.8555
vn -0.9223 -0.3483 0.1674
vn -0.2797 0.3193 -0.9054
vn -0.4440 0.3360 0.8307
vn 0.1602 0.9405 -0.2998
vn 0.5055 0.6395 0.5793
vn 0.7917 -0.6104 -0.0253
vn -0.4575 0.2415 0.8558
vn -0.1131 -0.9708 0.2116
vn -0.7625 0.6395 -0.0984
vn -0.4188 -0.6104 -0.6723
vn 0.1573 0.9427 -0.2943
vn 0.4443 -0.3344 -0.8311
vn 0.3486 -0.2152 0.9122
vn 0.9290 0.1959 -0.3141
vn -0.2029 -0.9026 0.3797
vn 0.4263 -0.4267 -0.7976
vn -0.9522 -0.2152 0.2170
vn -0.2550 0.1959 -0.9469
vn -0.4048 0.5126 0.7572
vn 0.2435 0.8562 -0.4556
vn 0.5624 0.6879 0.4588
vn 0.7386 -0.6685 0.0864
vn -0.4266 0.4256 0.7981
vn -0.2003 -0.9052 0.3747
vn -0.6939 0.6879 -0.2127
vn -0.4822 -0.6685 -0.5661
vn 0.2410 0.8594 -0.4509
vn 0.4051 -0.5114 -0.7578
vn 0.3360 -0.0728 0.9390
vn 0.9395 0.0660 -0.3362
vn -0.2819 -0.8015 0.5274
vn 0.3791 -0.5943 -0.7093
vn -0.9675 -0.0728 0.2423
vn -0.2424 0.0660 -0.9679
vn -0.3501 0.6697 0.6549
vn 0.3174 0.7393 -0.5939
vn 0.6217 -0.7089 0.3331
vn 0.6812 0.7021 0.2073
vn -0.6223 -0.7089 -0.3319
vn -0.5508 0.7021 -0.4512
vn -0.3794 -0.5936 0.7097
vn -0.2797 0.8049 0.5233
vn 0.6217 0.7089 0.3331
vn 0.6812 -0.7021 0.2073
vn -0.3794 0.5936 0.7097
vn -0.2797 -0.8049 0.5233
vn -0.6223 0.7089 -0.3319
vn -0.5508 -0.7021 -0.4512
vn 0.3360 0.0728 0.9390
vn 0.9395 -0.0660 -0.3362
vn -0.3501 -0.6697 0.6549
vn 0.3174 -0.7393 -0.5939
vn -0.9675 0.0728 0.2423
vn -0.2424 -0.0660 -0.9679
vn -0.2819 0.8015 0.5274
vn 0.3791 0.5943 -0.7093
vn 0.5624 -0.6879 0.4588
vn 0.7386 0.6685 0.0864
vn 0.2410 -0.8594 -0.4509
vn 0.4051 0.5114 -0.7578
vn -0.6939 -0.6879 -0.2127
vn -0.4822 0.6685 -0.5661
vn -0.4266 -0.4256 0.7981
vn -0.2003 0.9053 0.3747
vn 0.3827 0.6395 0.6668
vn 0.7814 -0.6104 0.1297
vn -0.6156 0.2415 0.7501
vn -0.1522 -0.9708 0.1855
vn -0.7286 0.6395 -0.2453
vn -0.2796 -0.6104 -0.7411
vn 0.2117 0.9427 -0.2580
vn 0.5979 -0.3344 -0.7285
vn 0.1639 -0.2152 0.9627
vn 0.9724 0.1959 -0.1268
vn -0.2731 -0.9026 0.3328
vn 0.5737 -0.4267 -0.6991
vn -0.9762 -0.2152 0.0270
vn -0.0653 0.1959 -0.9785
vn -0.5447 0.5126 0.6637
vn 0.3277 0.8562 -0.3993
vn 0.4621 0.6879 0.5597
vn 0.7076 -0.6685 0.2289
vn -0.5741 0.4256 0.6995
vn -0.2695 -0.9053 0.3284
vn -0.6391 0.6879 -0.3440
vn -0.3625 -0.6685 -0.6494
vn 0.3243 0.8594 -0.3952
vn 0.5451 -0.5114 -0.6643
vn 0.1463 -0.0728 0.9866
vn 0.9870 0.0660 -0.1464
vn -0.3794 -0.8014 0.4623
vn 0.5102 -0.5943 -0.6217
vn -0.9961 -0.0728 0.0490
vn -0.0490 0.0660 -0.9966
vn -0.4711 0.6697 0.5740
vn 0.4272 0.7393 -0.5205
vn 0.5447 -0.7089 0.4479
vn 0.6277 0.7021 0.3362
vn -0.5456 -0.7089 -0.4469
vn -0.4522 0.7021 -0.5500
vn -0.5105 -0.5936 0.6221
vn -0.3765 0.8049 0.4587
vn 0.5447 0.7089 0.4479
vn 0.6277 -0.7021 0.3362
vn -0.5105 0.5936 0.6221
vn -0.3765 -0.8049 0.4587
vn -0.5456 0.7089 -0.4469
vn -0.4522 -0.7021 -0.5500
vn 0.1463 0.0728 0.9866
vn 0.9870 -0.0660 -0.1464
vn -0.4711 -0.6697 0.5740
vn 0.4272 -0.7393 -0.5205
vn -0.9961 0.0728 0.0490
vn -0.0490 -0.0660 -0.9966
vn -0.3794 0.8014 0.4623
vn 0.5102 0.5943 -0.6217
vn 0.4621 -0.6879 0.5597
vn 0.7076 0.6685 0.2289
vn 0.3243 -0.8594 -0.3952
vn 0.5451 0.5114 -0.6643
vn -0.6391 -0.6879 -0.3440
vn -0.3625 0.6685 -0.6493
vn -0.5741 -0.4256 0.6995
vn -0.2695 0.9053 0.3284
vn 0.1639 0.2152 0.9627
vn 0.9724 -0.1959 -0.1268
vn -0.5447 -0.5126 0.6637
vn 0.3277 -0.8562 -0.3993
vn -0.9762 0.2152 0.0270
vn -0.0653 -0.1959 -0.9785
vn -0.2731 0.9026 0.3328
vn 0.5737 0.4267 -0.6991
vn 0.3827 -0.6395 0.6668
vn 0.7814 0.6104 0.1297
vn 0.2117 -0.9427 -0.2580
vn 0.5979 0.3344 -0.7285
vn -0.7286 -0.6395 -0.2453
vn -0.2796 0.6104 -0.7411
vn -0.6156 -0.2415 0.7501
vn -0.1522 0.9708 0.1855
vn 0.1983 0.3483 0.9162
vn 0.9435 -0.3193 -0.0881
vn -0.5975 -0.3360 0.7281
vn 0.2156 -0.9405 -0.2627
vn -0.9373 0.3483 -0.0158
vn -0.0977 -0.3193 -0.9426
vn -0.1563 0.9692 0.1904
vn 0.6154 0.2430 -0.7498
vn 0.3103 -0.5648 0.7647
vn 0.8466 0.5305 0.0420
vn 0.0909 -0.9897 -0.1108
vn 0.6277 0.1449 -0.7649
vn -0.8105 -0.5648 -0.1551
vn -0.2064 0.5306 -0.8222
vn -0.6337 -0.0483 0.7721
vn -0.0291 0.9989 0.0354
vn 0.2479 0.4664 0.8491
vn 0.9012 -0.4322 -0.0313
vn -0.6275 -0.1466 0.7647
vn 0.0951 -0.9887 -0.1159
vn -0.8812 0.4664 -0.0774
vn -0.1451 -0.4322 -0.8900
vn -0.0333 0.9986 0.0406
vn 0.6336 0.0501 -0.7720
vn 0.2479 -0.4664 0.8491
vn 0.9012 0.4322 -0.0313
vn -0.0333 -0.9986 0.0406
vn 0.6336 -0.0501 -0.7720
vn -0.8812 -0.4664 -0.0774
vn -0.1451 0.4322 -0.8900
vn -0.6275 0.1466 0.7647
vn 0.0951 0.9887 -0.1159
vn 0.3103 0.5648 0.7647
vn 0.8466 -0.5305 0.0420
vn -0.6337 0.0483 0.7721
vn -0.0291 -0.9989 0.0354
vn -0.8105 0.5648 -0.1551
vn -0.2064 -0.5306 -0.8222
vn 0.0909 0.9897 -0.1108
vn 0.6277 -0.1449 -0.7649
vn 0.1983 -0.3483 0.9162
vn 0.9435 0.3193 -0.0881
vn -0.1563 -0.9692 0.1904
vn 0.6154 -0.2430 -0.7498
vn -0.9373 -0.3483 -0.0158
vn -0.0977 0.3193 -0.9426
vn -0.5975 0.3360 0.7281
vn 0.2156 0.9405 -0.2627
vn 0.2453 -0.6395 0.7286
vn 0.7411 0.6104 0.2796
vn 0.2580 -0.9427 -0.2117
vn 0.7285 0.3344 -0.5979
vn -0.6668 -0.6395 -0.3827
vn -0.1297 0.6104 -0.7814
vn -0.7501 -0.2415 0.6156
vn -0.1855 0.9708 0.1522
vn 0.0158 0.3483 0.9373
vn 0.9426 -0.3193 0.0977
vn -0.7281 -0.3360 0.5975
vn 0.2627 -0.9405 -0.2156
vn -0.9162 0.3483 -0.1983
vn 0.0881 -0.3193 -0.9435
vn -0.1904 0.9692 0.1563
vn 0.7498 0.2430 -0.6154
vn 0.1551 -0.5648 0.8105
vn 0.8222 0.5306 0.2064
vn 0.1108 -0.9897 -0.0909
vn 0.7649 0.1449 -0.6277
vn -0.7647 -0.5648 -0.3103
vn -0.0420 0.5305 -0.8466
vn -0.7721 -0.0483 0.6337
vn -0.0354 0.9989 0.0291
vn 0.0774 0.4664 0.8812
vn 0.8900 -0.4322 0.1451
vn -0.7647 -0.1466 0.6275
vn 0.1159 -0.9887 -0.0951
vn -0.8491 0.4664 -0.2479
vn 0.0313 -0.4322 -0.9012
vn -0.0406 0.9986 0.0333
vn 0.7720 0.0501 -0.6336
vn 0.0774 -0.4664 0.8812
vn 0.8900 0.4322 0.1451
vn -0.0406 -0.9986 0.0333
vn 0.7720 -0.0501 -0.6336
vn -0.8491 -0.4664 -0.2479
vn 0.0313 0.4322 -0.9012
vn -0.7647 0.1466 0.6275
vn 0.1159 0.9887 -0.0951
vn 0.1551 0.5648 0.8105
vn 0.8222 -0.5306 0.2064
vn -0.7721 0.0483 0.6337
vn -0.0354 -0.9989 0.0291
vn -0.7647 0.5648 -0.3103
vn -0.0420 -0.5306 -0.8466
vn 0.1108 0.9897 -0.0909
vn 0.7649 -0.1449 -0.6277
vn 0.0158 -0.3483 0.9373
vn 0.9426 0.3193 0.0977
vn -0.1904 -0.9692 0.1563
vn 0.7498 -0.2430 -0.6154
vn -0.9162 -0.3483 -0.1983
vn 0.0881 0.3193 -0.9435
vn -0.7281 0.3360 0.5975
vn 0.2627 0.9405 -0.2156
vn 0.2453 0.6395 0.7286
vn 0.7411 -0.6104 0.2796
vn -0.7501 0.2415 0.6156
vn -0.1855 -0.9708 0.1522
vn -0.6668 0.6395 -0.3827
vn -0.1297 -0.6104 -0.7814
vn 0.2580 0.9427 -0.2117
vn 0.7285 -0.3344 -0.5979
vn -0.0270 -0.2152 0.9762
vn 0.9785 0.1959 0.0653
vn -0.3328 -0.9026 0.2731
vn 0.6991 -0.4267 -0.5737
vn -0.9627 -0.2152 -0.1639
vn 0.1268 0.1959 -0.9724
vn -0.6637 0.5126 0.5447
vn 0.3993 0.8562 -0.3277
vn 0.3440 0.6879 0.6391
vn 0.6493 -0.6685 0.3625
vn -0.6995 0.4256 0.5741
vn -0.3284 -0.9053 0.2695
vn -0.5597 0.6879 -0.4621
vn -0.2289 -0.6685 -0.7076
vn 0.3952 0.8594 -0.3243
vn 0.6643 -0.5114 -0.5451
vn -0.0489 -0.0728 0.9961
vn 0.9966 0.0660 0.0489
vn -0.4623 -0.8014 0.3794
vn 0.6217 -0.5943 -0.5102
vn -0.9866 -0.0728 -0.1463
vn 0.1464 0.0660 -0.9870
vn -0.5740 0.6697 0.4711
vn 0.5205 0.7393 -0.4272
vn 0.4469 -0.7089 0.5456
vn 0.5500 0.7021 0.4522
vn -0.4479 -0.7089 -0.5447
vn -0.3362 0.7021 -0.6277
vn -0.6221 -0.5936 0.5105
vn -0.4587 0.8049 0.3765
vn 0.4469 0.7089 0.5456
vn 0.5500 -0.7021 0.4522
vn -0.6221 0.5936 0.5105
vn -0.4587 -0.8049 0.3765
vn -0.4479 0.7089 -0.5447
vn -0.3362 -0.7021 -0.6277
vn -0.0489 0.0728 0.9961
vn 0.9966 -0.0660 0.0489
vn -0.5740 -0.6697 0.4711
vn 0.5205 -0.7393 -0.4272
vn -0.9866 0.0728 -0.1463
vn 0.1464 -0.0660 -0.9870
vn -0.4623 0.8014 0.3794
vn 0.6217 0.5943 -0.5102
vn 0.3440 -0.6879 0.6391
vn 0.6493 0.6685 0.3625
vn 0.3952 -0.8594 -0.3243
vn 0.6643 0.5114 -0.5451
vn -0.5597 -0.6879 -0.4621
vn -0.2289 0.6685 -0.7076
vn -0.6995 -0.4256 0.5741
vn -0.3284 0.9053 0.2695
vn -0.0270 0.2152 0.9762
vn 0.9785 -0.1959 0.0653
vn -0.6637 -0.5126 0.5447
vn 0.3993 -0.8562 -0.3277
vn -0.9627 0.2152 -0.1639
vn 0.1268 -0.1959 -0.9724
vn -0.3328 0.9026 0.2731
vn 0.6991 0.4267 -0.5737
vn -0.2170 -0.2152 0.9522
vn 0.9469 0.1959 0.2550
vn -0.3797 -0.9026 0.2029
vn 0.7976 -0.4267 -0.4263
vn -0.9122 -0.2152 -0.3486
vn 0.3141 0.1959 -0.9290
vn -0.7572 0.5126 0.4048
vn 0.4556 0.8562 -0.2435
vn 0.2127 0.6879 0.6939
vn 0.5661 -0.6685 0.4822
vn -0.7981 0.4256 0.4266
vn -0.3747 -0.9052 0.2003
vn -0.4588 0.6879 -0.5624
vn -0.0864 -0.6685 -0.7386
vn 0.4509 0.8594 -0.2410
vn 0.7578 -0.5114 -0.4051
vn -0.2423 -0.0728 0.9675
vn 0.9679 0.0660 0.2424
vn -0.5274 -0.8015 0.2819
vn 0.7093 -0.5943 -0.3791
vn -0.9390 -0.0728 -0.3360
vn 0.3362 0.0660 -0.9395
vn -0.6549 0.6698 0.3501
vn 0.5939 0.7393 -0.3174
vn 0.3319 -0.7089 0.6223
vn 0.4512 0.7021 0.5508
vn -0.3331 -0.7090 -0.6217
vn -0.2073 0.7021 -0.6812
vn -0.7097 -0.5936 0.3794
vn -0.5233 0.8049 0.2797
vn 0.3319 0.7089 0.6223
vn 0.4512 -0.7021 0.5508
vn -0.7097 0.5936 0.3794
vn -0.5233 -0.8049 0.2797
vn -0.3331 0.7089 -0.6217
vn -0.2073 -0.7021 -0.6812
vn -0.2423 0.0728 0.9675
vn 0.9679 -0.0660 0.2424
vn -0.6549 -0.6698 0.3501
vn 0.5939 -0.7393 -0.3174
vn -0.9390 0.0728 -0.3360
vn 0.3362 -0.0660 -0.9395
vn -0.5274 0.8015 0.2819
vn 0.7093 0.5943 -0.3791
vn 0.2127 -0.6879 0.6939
vn 0.5661 0.6685 0.4822
vn 0.4509 -0.8594 -0.2410
vn 0.7578 0.5114 -0.4051
vn -0.4588 -0.6879 -0.5624
vn -0.0864 0.6685 -0.7386
vn -0.7981 -0.4256 0.4266
vn -0.3747 0.9053 0.2003
vn -0.2170 0.2152 0.9522
vn 0.9469 -0.1959 0.2550
vn -0.7573 -0.5126 0.4048
vn 0.4556 -0.8562 -0.2435
vn -0.9122 0.2152 -0.3486
vn 0.3141 -0.1959 -0.9290
vn -0.3797 0.9026 0.2029
vn 0.7976 0.4267 -0.4263
vn 0.0984 -0.6395 0.7625
vn 0.6723 0.6104 0.4188
vn 0.2943 -0.9427 -0.1573
vn 0.8311 0.3344 -0.4443
vn -0.5793 -0.6395 -0.5055
vn 0.0253 0.6104 -0.7917
vn -0.8558 -0.2415 0.4574
vn -0.2116 0.9708 0.1131
vn -0.1674 0.3483 0.9223
vn 0.9054 -0.3193 0.2797
vn -0.8307 -0.3360 0.4440
vn 0.2998 -0.9405 -0.1602
vn -0.8599 0.3483 -0.3732
vn 0.2705 -0.3193 -0.9082
vn -0.2172 0.9692 0.1161
vn 0.8555 0.2430 -0.4573
vn -0.0060 -0.5648 0.8252
vn 0.7661 0.5305 0.3628
vn 0.1264 -0.9897 -0.0676
vn 0.8726 0.1449 -0.4664
vn -0.6895 -0.5648 -0.4535
vn 0.1240 0.5305 -0.8385
vn -0.8809 -0.0483 0.4708
vn -0.0404 0.9989 0.0216
vn -0.0960 0.4664 0.8793
vn 0.8446 -0.4322 0.3160
vn -0.8724 -0.1466 0.4663
vn 0.1323 -0.9887 -0.0707
vn -0.7845 0.4664 -0.4087
vn 0.2065 -0.4323 -0.8778
vn -0.0463 0.9986 0.0248
vn 0.8808 0.0501 -0.4708
vn -0.0960 -0.4664 0.8793
vn 0.8446 0.4322 0.3160
vn -0.0463 -0.9986 0.0248
vn 0.8808 -0.0501 -0.4708
vn -0.7845 -0.4664 -0.4087
vn 0.2065 0.4323 -0.8778
vn -0.8724 0.1466 0.4663
vn 0.1323 0.9887 -0.0707
vn -0.0060 0.5648 0.8252
vn 0.7661 -0.5305 0.3628
vn -0.8809 0.0483 0.4708
vn -0.0404 -0.9989 0.0216
vn -0.6895 0.5648 -0.4535
vn 0.1240 -0.5306 -0.8385
vn 0.1264 0.9897 -0.0676
vn 0.8726 -0.1449 -0.4664
vn -0.1674 -0.3483 0.9223
vn 0.9054 0.3193 0.2797
vn -0.2172 -0.9692 0.1161
vn 0.8555 -0.2430 -0.4573
vn -0.8599 -0.3483 -0.3732
vn 0.2705 0.3193 -0.9082
vn -0.8307 0.3360 0.4440
vn 0.2998 0.9405 -0.1602
vn 0.0984 0.6395 0.7625
vn 0.6723 -0.6104 0.4188
vn -0.8558 0.2415 0.4575
vn -0.2116 -0.9708 0.1131
vn -0.5793 0.6395 -0.5055
vn 0.0253 -0.6104 -0.7917
vn 0.2943 0.9427 -0.1573
vn 0.8311 -0.3344 -0.4443
vn -0.3441 0.3483 0.8719
vn 0.8335 -0.3193 0.4510
vn -0.9013 -0.3360 0.2734
vn 0.3253 -0.9405 -0.0987
vn -0.7705 0.3483 -0.5338
vn 0.4425 -0.3193 -0.8380
vn -0.2357 0.9692 0.0715
vn 0.9283 0.2430 -0.2816
vn -0.1669 -0.5648 0.8082
vn 0.6806 0.5305 0.5053
vn 0.1372 -0.9897 -0.0416
vn 0.9468 0.1449 -0.2872
vn -0.5878 -0.5647 -0.5793
vn 0.2852 0.5306 -0.7982
vn -0.9558 -0.0483 0.2899
vn -0.0439 0.9989 0.0133
vn -0.2657 0.4664 0.8437
vn 0.7667 -0.4322 0.4747
vn -0.9466 -0.1466 0.2871
vn 0.1435 -0.9887 -0.0435
vn -0.6896 0.4664 -0.5539
vn 0.3738 -0.4322 -0.8206
vn -0.0503 0.9986 0.0153
vn 0.9557 0.0501 -0.2899
vn -0.2657 -0.4664 0.8437
vn 0.7667 0.4322 0.4747
vn -0.0503 -0.9986 0.0153
vn 0.9557 -0.0501 -0.2899
vn -0.6896 -0.4664 -0.5539
vn 0.3738 0.4322 -0.8206
vn -0.9466 0.1466 0.2871
vn 0.1435 0.9887 -0.0435
vn -0.1669 0.5648 0.8082
vn 0.6806 -0.5305 0.5053
vn -0.9558 0.0483 0.2899
vn -0.0439 -0.9989 0.0133
vn -0.5878 0.5648 -0.5793
vn 0.2852 -0.5306 -0.7982
vn 0.1372 0.9897 -0.0416
vn 0.9468 -0.1449 -0.2872
vn -0.3441 -0.3483 0.8719
vn 0.8335 0.3193 0.4510
vn -0.2357 -0.9692 0.0715
vn 0.9283 -0.2430 -0.2816
vn -0.7705 -0.3483 -0.5338
vn 0.4425 0.3193 -0.8380
vn -0.9013 0.3360 0.2734
vn 0.3253 0.9405 -0.0987
vn -0.0522 0.6395 0.7670
vn 0.5777 -0.6104 0.5419
vn -0.9286 0.2415 0.2817
vn -0.2296 -0.9708 0.0697
vn -0.4696 0.6395 -0.6088
vn 0.1792 -0.6104 -0.7715
vn 0.3194 0.9427 -0.0969
vn 0.9018 -0.3344 -0.2736
vn -0.3985 -0.2152 0.8915
vn 0.8790 0.1959 0.4348
vn -0.4120 -0.9026 0.1250
vn 0.8654 -0.4267 -0.2625
vn -0.8267 -0.2152 -0.5199
vn 0.4893 0.1959 -0.8499
vn -0.8217 0.5126 0.2492
vn 0.4944 0.8562 -0.1500
vn 0.0732 0.6879 0.7221
vn 0.4612 -0.6685 0.5834
vn -0.8660 0.4256 0.2627
vn -0.4066 -0.9053 0.1233
vn -0.3403 0.6879 -0.6411
vn 0.0593 -0.6685 -0.7413
vn 0.4893 0.8594 -0.1484
vn 0.8223 -0.5115 -0.2494
vn -0.4264 -0.0728 0.9016
vn 0.9020 0.0660 0.4266
vn -0.5723 -0.8015 0.1736
vn 0.7696 -0.5943 -0.2335
vn -0.8555 -0.0728 -0.5127
vn 0.5130 0.0660 -0.8559
vn -0.7106 0.6697 0.2156
vn 0.6444 0.7393 -0.1955
vn 0.2041 -0.7089 0.6751
vn 0.3351 0.7021 0.6283
vn -0.2054 -0.7089 -0.6747
vn -0.0704 0.7021 -0.7086
vn -0.7701 -0.5936 0.2336
vn -0.5679 0.8049 0.1723
vn 0.2041 0.7089 0.6751
vn 0.3351 -0.7021 0.6283
vn -0.7701 0.5936 0.2336
vn -0.5679 -0.8049 0.1723
vn -0.2054 0.7089 -0.6747
vn -0.0704 -0.7021 -0.7086
vn -0.4264 0.0728 0.9016
vn 0.9020 -0.0660 0.4266
vn -0.7106 -0.6697 0.2156
vn 0.6444 -0.7393 -0.1955
vn -0.8555 0.0728 -0.5127
vn 0.5130 -0.0660 -0.8559
vn -0.5723 0.8015 0.1736
vn 0.7696 0.5943 -0.2335
vn 0.0732 -0.6879 0.7221
vn 0.4612 0.6685 0.5834
vn 0.4893 -0.8594 -0.1484
vn 0.8223 0.5115 -0.2494
vn -0.3403 -0.6879 -0.6411
vn 0.0593 0.6685 -0.7413
vn -0.8660 -0.4256 0.2627
vn -0.4066 0.9053 0.1233
vn -0.3986 0.2152 0.8915
vn 0.8790 -0.1959 0.4348
vn -0.8217 -0.5126 0.2492
vn 0.4944 -0.8562 -0.1500
vn -0.8267 0.2152 -0.5199
vn 0.4893 -0.1959 -0.8499
vn -0.4120 0.9026 0.1250
vn 0.8654 0.4267 -0.2625
vn -0.0522 -0.6395 0.7670
vn 0.5777 0.6104 0.5419
vn 0.3193 -0.9427 -0.0969
vn 0.9018 0.3344 -0.2736
vn -0.4696 -0.6395 -0.6088
vn 0.1792 0.6104 -0.7715
vn -0.9286 -0.2415 0.2817
vn -0.2296 0.9708 0.0697
vn -0.0690 0.6879 0.7225
vn 0.3385 -0.6685 0.6622
vn -0.9006 0.4256 0.0887
vn -0.4228 -0.9052 0.0416
vn -0.2087 0.6879 -0.6951
vn 0.2028 -0.6685 -0.7155
vn 0.5088 0.8594 -0.0501
vn 0.8552 -0.5114 -0.0842
vn -0.5941 -0.0728 0.8011
vn 0.8015 0.0660 0.5944
vn -0.5952 -0.8015 0.0586
vn 0.8004 -0.5943 -0.0788
vn -0.7390 -0.0728 -0.6698
vn 0.6701 0.0660 -0.7393
vn -0.7390 0.6698 0.0728
vn 0.6701 0.7393 -0.0660
vn 0.0684 -0.7090 0.7019
vn 0.2061 0.7021 0.6816
vn -0.0698 -0.7089 -0.7018
vn 0.0692 0.7021 -0.7087
vn -0.8009 -0.5936 0.0789
vn -0.5906 0.8049 0.0582
vn 0.0684 0.7090 0.7019
vn 0.2061 -0.7021 0.6816
vn -0.8009 0.5936 0.0789
vn -0.5906 -0.8049 0.0582
vn -0.0698 0.7089 -0.7018
vn 0.0692 -0.7021 -0.7087
vn -0.5941 0.0728 0.8011
vn 0.8015 -0.0660 0.5944
vn -0.7390 -0.6698 0.0728
vn 0.6701 -0.7393 -0.0660
vn -0.7390 0.0728 -0.6698
vn 0.6701 -0.0660 -0.7393
vn -0.5952 0.8014 0.0586
vn 0.8004 0.5943 -0.0788
vn -0.0690 -0.6879 0.7225
vn 0.3385 0.6685 0.6622
vn 0.5088 -0.8594 -0.0501
vn 0.8552 0.5114 -0.0842
vn -0.2087 -0.6879 -0.6951
vn 0.2028 0.6685 -0.7155
vn -0.9006 -0.4256 0.0887
vn -0.4228 0.9053 0.0416
vn -0.5648 0.2152 0.7967
vn 0.7773 -0.1959 0.5979
vn -0.8545 -0.5126 0.0842
vn 0.5141 -0.8562 -0.0506
vn -0.7094 0.2152 -0.6712
vn 0.6457 -0.1959 -0.7381
vn -0.4284 0.9026 0.0422
vn 0.9000 0.4267 -0.0886
vn -0.2009 -0.6395 0.7421
vn 0.4608 0.6104 0.6442
vn 0.3321 -0.9427 -0.0327
vn 0.9379 0.3344 -0.0924
vn -0.3418 -0.6395 -0.6887
vn 0.3263 0.6104 -0.7217
vn -0.9657 -0.2414 0.0951
vn -0.2388 0.9708 0.0235
vn -0.5076 0.3483 0.7881
vn 0.7295 -0.3193 0.6049
vn -0.9373 -0.3360 0.0923
vn 0.3383 -0.9405 -0.0333
vn -0.6516 0.3483 -0.6739
vn 0.5975 -0.3193 -0.7356
vn -0.2451 0.9692 0.0241
vn 0.9653 0.2430 -0.0951
vn -0.3213 -0.5648 0.7601
vn 0.5689 0.5305 0.6283
vn 0.1426 -0.9897 -0.0140
vn 0.9847 0.1448 -0.0970
vn -0.4635 -0.5648 -0.6828
vn 0.4354 0.5305 -0.7273
vn -0.9940 -0.0483 0.0979
vn -0.0456 0.9989 0.0045
vn -0.4252 0.4664 0.7757
vn 0.6594 -0.4322 0.6151
vn -0.9844 -0.1466 0.0970
vn 0.1493 -0.9887 -0.0147
vn -0.5683 0.4664 -0.6778
vn 0.5267 -0.4322 -0.7319
vn -0.0523 0.9986 0.0052
vn 0.9939 0.0501 -0.0979
vn -0.4252 -0.4664 0.7757
vn 0.6594 0.4322 0.6151
vn -0.0523 -0.9986 0.0052
vn 0.9939 -0.0501 -0.0979
vn -0.5683 -0.4664 -0.6778
vn 0.5267 0.4322 -0.7319
vn -0.9844 0.1466 0.0970
vn 0.1493 0.9887 -0.0147
vn -0.3213 0.5648 0.7601
vn 0.5689 -0.5305 0.6283
vn -0.9940 0.0483 0.0979
vn -0.0456 -0.9989 0.0045
vn -0.4635 0.5648 -0.6828
vn 0.4354 -0.5305 -0.7273
vn 0.1426 0.9897 -0.0140
vn 0.9847 -0.1448 -0.0970
vn -0.5076 -0.3483 0.7881
vn 0.7295 0.3193 0.6049
vn -0.2451 -0.9692 0.0241
vn 0.9653 -0.2430 -0.0951
vn -0.6516 -0.3483 -0.6739
vn 0.5975 0.3193 -0.7356
vn -0.9373 0.3360 0.0923
vn 0.3383 0.9405 -0.0333
vn -0.2009 0.6395 0.7421
vn 0.4608 -0.6104 0.6442
vn -0.9657 0.2415 0.0951
vn -0.2388 -0.9708 0.0235
vn -0.3418 0.6395 -0.6887
vn 0.3263 -0.6104 -0.7217
vn 0.3321 0.9427 -0.0327
vn 0.9379 -0.3344 -0.0924
vn -0.5648 -0.2152 0.7967
vn 0.7773 0.1959 0.5979
vn -0.4284 -0.9026 0.0422
vn 0.9000 -0.4267 -0.0886
vn -0.7094 -0.2152 -0.6712
vn 0.6457 0.1959 -0.7381
vn -0.8545 0.5126 0.0842
vn 0.5141 0.8562 -0.0506
vn -0.4635 -0.5648 0.6828
vn 0.4354 0.5305 0.7273
vn 0.1426 -0.9897 0.0140
vn 0.9847 0.1448 0.0970
vn -0.3213 -0.5648 -0.7601
vn 0.5689 0.5305 -0.6284
vn -0.9940 -0.0483 -0.0979
vn -0.0456 0.9989 -0.0045
vn -0.5683 0.4664 0.6778
vn 0.5267 -0.4322 0.7319
vn -0.9844 -0.1466 -0.0970
vn 0.1493 -0.9887 0.0147
vn -0.4252 0.4664 -0.7757
vn 0.6594 -0.4322 -0.6151
vn -0.0523 0.9986 -0.0052
vn 0.9939 0.0501 0.0979
vn -0.5683 -0.4664 0.6778
vn 0.5267 0.4322 0.7319
vn -0.0523 -0.9986 -0.0052
vn 0.9939 -0.0501 0.0979
vn -0.4252 -0.4664 -0.7757
vn 0.6594 0.4322 -0.6151
vn -0.9844 0.1466 -0.0970
vn 0.1493 0.9887 0.0147
vn -0.4635 0.5648 0.6828
vn 0.4354 -0.5305 0.7273
vn -0.9940 0.0483 -0.0979
vn -0.0456 -0.9989 -0.0045
vn -0.3213 0.5648 -0.7601
vn 0.5689 -0.5305 -0.6283
vn 0.1426 0.9897 0.0141
vn 0.9847 -0.1448 0.0970
vn -0.6516 -0.3483 0.6739
vn 0.5975 0.3193 0.7356
vn -0.2451 -0.9692 -0.0241
vn 0.9653 -0.2430 0.0951
vn -0.5076 -0.3483 -0.7881
vn 0.7295 0.3193 -0.6049
vn -0.9373 0.3360 -0.0923
vn 0.3383 0.9405 0.0333
vn -0.3418 0.6395 0.6887
vn 0.3263 -0.6104 0.7217
vn -0.9657 0.2415 -0.0951
vn -0.2388 -0.9708 -0.0235
vn -0.2009 0.6395 -0.7421
vn 0.4608 -0.6104 -0.6442
vn 0.3321 0.9427 0.0327
vn 0.9379 -0.3344 0.0924
vn -0.7094 -0.2152 0.6712
vn 0.6457 0.1959 0.7381
vn -0.4284 -0.9026 -0.0422
vn 0.9000 -0.4267 0.0886
vn -0.5648 -0.2152 -0.7967
vn 0.7773 0.1959 -0.5979
vn -0.8545 0.5126 -0.0842
vn 0.5141 0.8562 0.0506
vn -0.2087 0.6879 0.6951
vn 0.2028 -0.6685 0.7155
vn -0.9006 0.4256 -0.0887
vn -0.4228 -0.9053 -0.0416
vn -0.0690 0.6879 -0.7225
vn 0.3385 -0.6685 -0.6622
vn 0.5088 0.8594 0.0501
vn 0.8552 -0.5114 0.0842
vn -0.7390 -0.0728 0.6698
vn 0.6701 0.0660 0.7393
vn -0.5952 -0.8014 -0.0586
vn 0.8004 -0.5943 0.0788
vn -0.5941 -0.0728 -0.8011
vn 0.8015 0.0660 -0.5944
vn -0.7390 0.6698 -0.0728
vn 0.6701 0.7393 0.0660
vn -0.0698 -0.7089 0.7018
vn 0.0692 0.7021 0.7087
vn 0.0684 -0.7089 -0.7019
vn 0.2061 0.7021 -0.6816
vn -0.8009 -0.5936 -0.0789
vn -0.5906 0.8049 -0.0582
vn -0.0698 0.7089 0.7018
vn 0.0692 -0.7021 0.7087
vn -0.8009 0.5936 -0.0789
vn -0.5906 -0.8049 -0.0582
vn 0.0684 0.7089 -0.7019
vn 0.2061 -0.7021 -0.6816
vn -0.7390 0.0728 0.6698
vn 0.6701 -0.0660 0.7393
vn -0.7390 -0.6698 -0.0728
vn 0.6701 -0.7393 0.0660
vn -0.5941 0.0728 -0.8011
vn 0.8015 -0.0660 -0.5944
vn -0.5952 0.8014 -0.0586
vn 0.8004 0.5943 0.0788
vn -0.2087 -0.6879 0.6951
vn 0.2028 0.6685 0.7155
vn 0.5088 -0.8594 0.0501
vn 0.8552 0.5114 0.0842
vn -0.0690 -0.6879 -0.7225
vn 0.3385 0.6685 -0.6622
vn -0.9006 -0.4256 -0.0887
vn -0.4228 0.9053 -0.0416
vn -0.7094 0.2152 0.6712
vn 0.6457 -0.1959 0.7381
vn -0.8545 -0.5126 -0.0842
vn 0.5141 -0.8562 0.0506
vn -0.5648 0.2152 -0.7967
vn 0.7773 -0.1959 -0.5979
vn -0.4284 0.9026 -0.0422
vn 0.9000 0.4267 0.0886
vn -0.3418 -0.6395 0.6887
vn 0.3263 0.6104 0.7217
vn 0.3321 -0.9427 0.0327
vn 0.9379 0.3344 0.0924
vn -0.2009 -0.6395 -0.7421
vn 0.4608 0.6104 -0.6442
vn -0.9657 -0.2414 -0.0951
vn -0.2388 0.9708 -0.0235
vn -0.6516 0.3483 0.6739
vn 0.5975 -0.3193 0.7356
vn -0.9373 -0.3360 -0.0923
vn 0.3383 -0.9405 0.0333
vn -0.5076 0.3483 -0.7881
vn 0.7295 -0.3193 -0.6049
vn -0.2451 0.9692 -0.0241
vn 0.9653 0.2430 0.0951
vn -0.8555 -0.0728 0.5127
vn 0.5130 0.0660 0.8559
vn -0.5723 -0.8015 -0.1736
vn 0.7696 -0.5943 0.2335
vn -0.4264 -0.0728 -0.9016
vn 0.9020 0.0660 -0.4266
vn -0.7106 0.6697 -0.2156
vn 0.6444 0.7393 0.1955
vn -0.2054 -0.7089 0.6747
vn -0.0704 0.7021 0.7086
vn 0.2041 -0.7089 -0.6751
vn 0.3351 0.7021 -0.6283
vn -0.7701 -0.5936 -0.2336
vn -0.5679 0.8049 -0.1723
vn -0.2054 0.7089 0.6747
vn -0.0704 -0.7021 0.7086
vn -0.7701 0.5936 -0.2336
vn -0.5679 -0.8049 -0.1723
vn 0.2041 0.7089 -0.6751
vn 0.3351 -0.7021 -0.6283
vn -0.8555 0.0728 0.5127
vn 0.5130 -0.0660 0.8559
vn -0.7106 -0.6697 -0.2156
vn 0.6444 -0.7393 0.1955
vn -0.4264 0.0728 -0.9016
vn 0.9020 -0.0660 -0.4266
vn -0.5723 0.8015 -0.1736
vn 0.7696 0.5943 0.2335
vn -0.3403 -0.6879 0.6411
vn 0.0593 0.6685 0.7413
vn 0.4893 -0.8594 0.1484
vn 0.8223 0.5115 0.2494
vn 0.0732 -0.6879 -0.7221
vn 0.4612 0.6685 -0.5834
vn -0.8660 -0.4256 -0.2627
vn -0.4066 0.9053 -0.1233
vn -0.8267 0.2152 0.5199
vn 0.4893 -0.1959 0.8498
vn -0.8217 -0.5126 -0.2492
vn 0.4944 -0.8562 0.1500
vn -0.3985 0.2152 -0.8915
vn 0.8790 -0.1959 -0.4348
vn -0.4120 0.9026 -0.1250
vn 0.8654 0.4267 0.2625
vn -0.4696 -0.6395 0.6088
vn 0.1792 0.6104 0.7715
vn 0.3193 -0.9427 0.0969
vn 0.9018 0.3344 0.2736
vn -0.0522 -0.6395 -0.7670
vn 0.5777 0.6104 -0.5419
vn -0.9286 -0.2415 -0.2817
vn -0.2296 0.9708 -0.0697
vn -0.7705 0.3483 0.5338
vn 0.4425 -0.3193 0.8380
vn -0.9013 -0.3360 -0.2734
vn 0.3253 -0.9405 0.0987
vn -0.3441 0.3483 -0.8719
vn 0.8335 -0.3193 -0.4510
vn -0.2357 0.9692 -0.0715
vn 0.9282 0.2430 0.2816
vn -0.5878 -0.5648 0.5793
vn 0.2852 0.5305 0.7982
vn 0.1372 -0.9897 0.0416
vn 0.9468 0.1449 0.2872
vn -0.1669 -0.5648 -0.8082
vn 0.6806 0.5305 -0.5053
vn -0.9558 -0.0483 -0.2899
vn -0.0439 0.9989 -0.0133
vn -0.6896 0.4664 0.5539
vn 0.3738 -0.4322 0.8206
vn -0.9466 -0.1466 -0.2871
vn 0.1435 -0.9887 0.0435
vn -0.2657 0.4664 -0.8437
vn 0.7667 -0.4322 -0.4747
vn -0.0503 0.9986 -0.0153
vn 0.9557 0.0501 0.2899
vn -0.6896 -0.4664 0.5539
vn 0.3738 0.4322 0.8206
vn -0.0503 -0.9986 -0.0153
vn 0.9557 -0.0501 0.2899
vn -0.2657 -0.4664 -0.8437
vn 0.7667 0.4322 -0.4747
vn -0.9466 0.1466 -0.2871
vn 0.1435 0.9887 0.0435
vn -0.5878 0.5648 0.5793
vn 0.2852 -0.5306 0.7982
vn -0.9558 0.0483 -0.2899
vn -0.0439 -0.9989 -0.0133
vn -0.1669 0.5648 -0.8082
vn 0.6806 -0.5305 -0.5053
vn 0.1372 0.9897 0.0416
vn 0.9468 -0.1449 0.2872
vn -0.7705 -0.3483 0.5338
vn 0.4425 0.3193 0.8380
vn -0.2357 -0.9692 -0.0715
vn 0.9282 -0.2430 0.2816
vn -0.3441 -0.3483 -0.8719
vn 0.8335 0.3193 -0.4510
vn -0.9013 0.3360 -0.2734
vn 0.3253 0.9405 0.0987
vn -0.4696 0.6395 0.6088
vn 0.1792 -0.6104 0.7715
vn -0.9286 0.2415 -0.2817
vn -0.2296 -0.9708 -0.0697
vn -0.0522 0.6395 -0.7671
vn 0.5777 -0.6104 -0.5419
vn 0.3193 0.9427 0.0969
vn 0.9018 -0.3344 0.2736
vn -0.8267 -0.2152 0.5199
vn 0.4893 0.1959 0.8498
vn -0.4120 -0.9026 -0.1250
vn 0.8654 -0.4267 0.2625
vn -0.3985 -0.2152 -0.8915
vn 0.8790 0.1959 -0.4348
vn -0.8217 0.5126 -0.2492
vn 0.4944 0.8562 0.1500
vn -0.3403 0.6879 0.6411
vn 0.0593 -0.6685 0.7413
vn -0.8660 0.4256 -0.2627
vn -0.4066 -0.9053 -0.1233
vn 0.0732 0.6879 -0.7221
vn 0.4612 -0.6685 -0.5834
vn 0.4893 0.8594 0.1484
vn 0.8223 -0.5115 0.2494
vn -0.7845 0.4664 0.4087
vn 0.2065 -0.4323 0.8778
vn -0.8724 -0.1466 -0.4663
vn 0.1323 -0.9887 0.0707
vn -0.0960 0.4664 -0.8793
vn 0.8446 -0.4322 -0.3160
vn -0.0463 0.9986 -0.0248
vn 0.8808 0.0501 0.4708
vn -0.7845 -0.4664 0.4087
vn 0.2065 0.4323 0.8778
vn -0.0463 -0.9986 -0.0248
vn 0.8808 -0.0501 0.4708
vn -0.0960 -0.4664 -0.8793
vn 0.8446 0.4322 -0.3160
vn -0.8724 0.1466 -0.4663
vn 0.1323 0.9887 0.0707
vn -0.6895 0.5648 0.4535
vn 0.1240 -0.5305 0.8385
vn -0.8809 0.0483 -0.4708
vn -0.0404 -0.9989 -0.0216
vn -0.0060 0.5648 -0.8252
vn 0.7661 -0.5305 -0.3628
vn 0.1264 0.9897 0.0676
vn 0.8726 -0.1449 0.4664
vn -0.8599 -0.3483 0.3732
vn 0.2705 0.3193 0.9082
vn -0.2172 -0.9692 -0.1161
vn 0.8555 -0.2430 0.4573
vn -0.1674 -0.3483 -0.9223
vn 0.9054 0.3193 -0.2797
vn -0.8307 0.3360 -0.4440
vn 0.2998 0.9405 0.1602
vn -0.5793 0.6395 0.5055
vn 0.0253 -0.6104 0.7917
vn -0.8558 0.2415 -0.4575
vn -0.2116 -0.9708 -0.1131
vn 0.0984 0.6395 -0.7625
vn 0.6723 -0.6104 -0.4188
vn 0.2943 0.9427 0.1573
vn 0.8311 -0.3344 0.4443
vn -0.9122 -0.2152 0.3486
vn 0.3141 0.1959 0.9290
vn -0.3797 -0.9026 -0.2029
vn 0.7976 -0.4267 0.4263
vn -0.2170 -0.2152 -0.9522
vn 0.9469 0.1959 -0.2550
vn -0.7572 0.5126 -0.4048
vn 0.4556 0.8562 0.2435
vn -0.4588 0.6879 0.5624
vn -0.0864 -0.6685 0.7386
vn -0.7981 0.4256 -0.4266
vn -0.3747 -0.9053 -0.2003
vn 0.2127 0.6879 -0.6939
vn 0.5661 -0.6685 -0.4822
vn 0.4509 0.8594 0.2410
vn 0.7578 -0.5114 0.4051
vn -0.9390 -0.0728 0.3360
vn 0.3362 0.0660 0.9395
vn -0.5274 -0.8014 -0.2819
vn 0.7093 -0.5943 0.3791
vn -0.2423 -0.0728 -0.9675
vn 0.9679 0.0660 -0.2424
vn -0.6549 0.6697 -0.3501
vn 0.5939 0.7393 0.3174
vn -0.3331 -0.7089 0.6217
vn -0.2073 0.7021 0.6812
vn 0.3319 -0.7089 -0.6223
vn 0.4512 0.7021 -0.5508
vn -0.7097 -0.5936 -0.3794
vn -0.5233 0.8049 -0.2797
vn -0.3331 0.7089 0.6217
vn -0.2073 -0.7021 0.6812
vn -0.7097 0.5936 -0.3794
vn -0.5233 -0.8049 -0.2797
vn 0.3319 0.7089 -0.6223
vn 0.4512 -0.7021 -0.5508
vn -0.9390 0.0728 0.3360
vn 0.3362 -0.0660 0.9395
vn -0.6549 -0.6698 -0.3501
vn 0.5939 -0.7393 0.3174
vn -0.2423 0.0728 -0.9675
vn 0.9679 -0.0660 -0.2424
vn -0.5274 0.8014 -0.2819
vn 0.7093 0.5943 0.3791
vn -0.4588 -0.6879 0.5624
vn -0.0864 0.6685 0.7386
vn 0.4509 -0.8594 0.2410
vn 0.7578 0.5114 0.4051
vn 0.2127 -0.6879 -0.6939
vn 0.5661 0.6685 -0.4822
vn -0.7981 -0.4256 -0.4266
vn -0.3747 0.9053 -0.2003
vn -0.9122 0.2152 0.3486
vn 0.3141 -0.1959 0.9290
vn -0.7572 -0.5126 -0.4048
vn 0.4556 -0.8562 0.2435
vn -0.2170 0.2152 -0.9522
vn 0.9469 -0.1959 -0.2550
vn -0.3797 0.9026 -0.2029
vn 0.7976 0.4267 0.4263
vn -0.5793 -0.6395 0.5055
vn 0.0253 0.6104 0.7917
vn 0.2943 -0.9427 0.1573
vn 0.8311 0.3344 0.4443
vn 0.0984 -0.6395 -0.7625
vn 0.6723 0.6104 -0.4188
vn -0.8558 -0.2415 -0.4574
vn -0.2116 0.9708 -0.1131
vn -0.8599 0.3483 0.3732
vn 0.2705 -0.3193 0.9082
vn -0.8307 -0.3360 -0.4440
vn 0.2998 -0.9405 0.1602
vn -0.1674 0.3483 -0.9223
vn 0.9054 -0.3193 -0.2797
vn -0.2172 0.9692 -0.1161
vn 0.8555 0.2430 0.4573
vn -0.6895 -0.5648 0.4535
vn 0.1240 0.5306 0.8385
vn 0.1264 -0.9897 0.0676
vn 0.8726 0.1449 0.4664
vn -0.0060 -0.5648 -0.8252
vn 0.7661 0.5305 -0.3628
vn -0.8809 -0.0483 -0.4708
vn -0.0404 0.9989 -0.0216
vn -0.4479 0.7089 0.5447
vn -0.3362 -0.7021 0.6277
vn -0.6221 0.5936 -0.5105
vn -0.4587 -0.8049 -0.3765
vn 0.4469 0.7089 -0.5456
vn 0.5500 -0.7021 -0.4522
vn -0.9866 0.0728 0.1463
vn 0.1464 -0.0660 0.9870
vn -0.5740 -0.6697 -0.4711
vn 0.5205 -0.7393 0.4272
vn -0.0490 0.0728 -0.9961
vn 0.9966 -0.0660 -0.0489
vn -0.4623 0.8014 -0.3794
vn 0.6217 0.5943 0.5102
vn -0.5597 -0.6879 0.4621
vn -0.2289 0.6685 0.7076
vn 0.3952 -0.8594 0.3243
vn 0.6643 0.5114 0.5451
vn 0.3440 -0.6879 -0.6391
vn 0.6493 0.6685 -0.3625
vn -0.6995 -0.4256 -0.5741
vn -0.3284 0.9053 -0.2695
vn -0.9627 0.2152 0.1639
vn 0.1268 -0.1959 0.9724
vn -0.6637 -0.5126 -0.5447
vn 0.3993 -0.8562 0.3277
vn -0.0270 0.2152 -0.9762
vn 0.9785 -0.1959 -0.0653
vn -0.3328 0.9026 -0.2731
vn 0.6991 0.4267 0.5737
vn -0.6668 -0.6395 0.3827
vn -0.1297 0.6104 0.7814
vn 0.2580 -0.9427 0.2117
vn 0.7285 0.3344 0.5979
vn 0.2453 -0.6395 -0.7286
vn 0.7411 0.6104 -0.2796
vn -0.7501 -0.2415 -0.6156
vn -0.1855 0.9708 -0.1522
vn -0.9162 0.3483 0.1983
vn 0.0881 -0.3193 0.9435
vn -0.7281 -0.3360 -0.5975
vn 0.2627 -0.9405 0.2156
vn 0.0158 0.3483 -0.9373
vn 0.9426 -0.3193 -0.0977
vn -0.1904 0.9692 -0.1563
vn 0.7498 0.2430 0.6154
vn -0.7647 -0.5648 0.3103
vn -0.0420 0.5305 0.8466
vn 0.1108 -0.9897 0.0909
vn 0.7649 0.1449 0.6277
vn 0.1551 -0.5648 -0.8105
vn 0.8222 0.5306 -0.2064
vn -0.7721 -0.0483 -0.6337
vn -0.0354 0.9989 -0.0291
vn -0.8491 0.4664 0.2479
vn 0.0313 -0.4322 0.9012
vn -0.7647 -0.1466 -0.6275
vn 0.1159 -0.9887 0.0951
vn 0.0774 0.4664 -0.8812
vn 0.8900 -0.4322 -0.1451
vn -0.0406 0.9986 -0.0333
vn 0.7720 0.0501 0.6336
vn -0.8491 -0.4664 0.2479
vn 0.0313 0.4322 0.9012
vn -0.0406 -0.9986 -0.0333
vn 0.7720 -0.0501 0.6336
vn 0.0774 -0.4664 -0.8812
vn 0.8900 0.4322 -0.1451
vn -0.7647 0.1466 -0.6275
vn 0.1159 0.9887 0.0951
vn -0.7647 0.5648 0.3103
vn -0.0420 -0.5305 0.8466
vn -0.7721 0.0483 -0.6337
vn -0.0354 -0.9989 -0.0291
vn 0.1551 0.5648 -0.8105
vn 0.8222 -0.5306 -0.2064
vn 0.1108 0.9897 0.0909
vn 0.7649 -0.1449 0.6277
vn -0.9162 -0.3483 0.1983
vn 0.0881 0.3193 0.9435
vn -0.1904 -0.9692 -0.1563
vn 0.7498 -0.2430 0.6154
vn 0.0158 -0.3483 -0.9373
vn 0.9426 0.3193 -0.0977
vn -0.7281 0.3360 -0.5975
vn 0.2627 0.9405 0.2156
vn -0.6668 0.6395 0.3827
vn -0.1297 -0.6104 0.7814
vn -0.7501 0.2415 -0.6156
vn -0.1855 -0.9708 -0.1522
vn 0.2453 0.6395 -0.7286
vn 0.7411 -0.6104 -0.2796
vn 0.2580 0.9427 0.2117
vn 0.7285 -0.3344 0.5979
vn -0.9627 -0.2152 0.1639
vn 0.1268 0.1959 0.9724
vn -0.3328 -0.9026 -0.2731
vn 0.6991 -0.4267 0.5737
vn -0.0270 -0.2152 -0.9762
vn 0.9785 0.1959 -0.0653
vn -0.6637 0.5126 -0.5447
vn 0.3993 0.8562 0.3277
vn -0.5597 0.6879 0.4621
vn -0.2289 -0.6685 0.7076
vn -0.6995 0.4256 -0.5741
vn -0.3284 -0.9053 -0.2695
vn 0.3440 0.6879 -0.6391
vn 0.6493 -0.6685 -0.3625
vn 0.3952 0.8594 0.3243
vn 0.6643 -0.5114 0.5451
vn -0.9866 -0.0728 0.1463
vn 0.1464 0.0660 0.9870
vn -0.4623 -0.8014 -0.3794
vn 0.6217 -0.5943 0.5102
vn -0.0490 -0.0728 -0.9961
vn 0.9966 0.0660 -0.0489
vn -0.5740 0.6697 -0.4711
vn 0.5205 0.7393 0.4272
vn -0.4479 -0.7089 0.5447
vn -0.3362 0.7021 0.6277
vn 0.4469 -0.7089 -0.5456
vn 0.5500 0.7021 -0.4522
vn -0.6221 -0.5936 -0.5105
vn -0.4587 0.8049 -0.3765
vn -0.8105 0.5648 0.1551
vn -0.2064 -0.5306 0.8222
vn -0.6337 0.0483 -0.7721
vn -0.0291 -0.9989 -0.0354
vn 0.3103 0.5648 -0.7647
vn 0.8466 -0.5305 -0.0420
vn 0.0909 0.9897 0.1108
vn 0.6277 -0.1449 0.7649
vn -0.9373 -0.3483 0.0158
vn -0.0977 0.3193 0.9426
vn -0.1563 -0.9692 -0.1904
vn 0.6154 -0.2430 0.7498
vn 0.1983 -0.3483 -0.9162
vn 0.9435 0.3193 0.0881
vn -0.5975 0.3360 -0.7281
vn 0.2156 0.9405 0.2627
vn -0.7286 0.6395 0.2453
vn -0.2796 -0.6104 0.7411
vn -0.6156 0.2415 -0.7501
vn -0.1522 -0.9708 -0.1855
vn 0.3827 0.6395 -0.6668
vn 0.7814 -0.6104 -0.1297
vn 0.2117 0.9427 0.2580
vn 0.5979 -0.3344 0.7285
vn -0.9762 -0.2152 -0.0270
vn -0.0653 0.1959 0.9785
vn -0.2731 -0.9026 -0.3328
vn 0.5737 -0.4267 0.6991
vn 0.1639 -0.2152 -0.9627
vn 0.9724 0.1959 0.1268
vn -0.5447 0.5126 -0.6637
vn 0.3277 0.8562 0.3993
vn -0.6391 0.6879 0.3440
vn -0.3625 -0.6685 0.6493
vn -0.5741 0.4256 -0.6995
vn -0.2695 -0.9053 -0.3284
vn 0.4621 0.6879 -0.5597
vn 0.7076 -0.6685 -0.2289
vn 0.3243 0.8594 0.3952
vn 0.5451 -0.5114 0.6643
vn -0.9961 -0.0728 -0.0490
vn -0.0490 0.0660 0.9966
vn -0.3794 -0.8014 -0.4623
vn 0.5102 -0.5943 0.6217
vn 0.1463 -0.0728 -0.9866
vn 0.9870 0.0660 0.1464
vn -0.4711 0.6697 -0.5740
vn 0.4272 0.7393 0.5205
vn -0.5456 -0.7089 0.4469
vn -0.4522 0.7021 0.5500
vn 0.5447 -0.7089 -0.4479
vn 0.6277 0.7021 -0.3362
vn -0.5105 -0.5936 -0.6221
vn -0.3765 0.8049 -0.4587
vn -0.5456 0.7089 0.4469
vn -0.4522 -0.7021 0.5500
vn -0.5105 0.5936 -0.6221
vn -0.3765 -0.8049 -0.4587
vn 0.5447 0.7089 -0.4479
vn 0.6277 -0.7021 -0.3362
vn -0.9961 0.0728 -0.0490
vn -0.0490 -0.0660 0.9966
vn -0.4711 -0.6697 -0.5740
vn 0.4272 -0.7393 0.5205
vn 0.1463 0.0728 -0.9866
vn 0.9870 -0.0660 0.1464
vn -0.3794 0.8014 -0.4623
vn 0.5102 0.5943 0.6217
vn -0.6391 -0.6879 0.3440
vn -0.3625 0.6685 0.6493
vn 0.3243 -0.8594 0.3952
vn 0.5451 0.5114 0.6643
vn 0.4621 -0.6879 -0.5597
vn 0.7076 0.6685 -0.2289
vn -0.5741 -0.4256 -0.6995
vn -0.2695 0.9053 -0.3284
vn -0.9762 0.2152 -0.0270
vn -0.0653 -0.1959 0.9785
vn -0.5447 -0.5126 -0.6637
vn 0.3277 -0.8562 0.3993
vn 0.1639 0.2152 -0.9627
vn 0.9724 -0.1959 0.1268
vn -0.2731 0.9026 -0.3328
vn 0.5737 0.4267 0.6991
vn -0.7286 -0.6395 0.2453
vn -0.2796 0.6104 0.7411
vn 0.2117 -0.9427 0.2580
vn 0.5979 0.3344 0.7285
vn 0.3827 -0.6395 -0.6668
vn 0.7814 0.6104 -0.1297
vn -0.6156 -0.2415 -0.7501
vn -0.1522 0.9708 -0.1855
vn -0.9373 0.3483 0.0158
vn -0.0977 -0.3193 0.9426
vn -0.5975 -0.3360 -0.7281
vn 0.2156 -0.9405 0.2627
vn 0.1983 0.3483 -0.9162
vn 0.9435 -0.3193 0.0881
vn -0.1563 0.9692 -0.1904
vn 0.6154 0.2430 0.7498
vn -0.8105 -0.5648 0.1551
vn -0.2064 0.5306 0.8222
vn 0.0909 -0.9897 0.1108
vn 0.6277 0.1449 0.7649
vn 0.3103 -0.5648 -0.7647
vn 0.8466 0.5306 -0.0420
vn -0.6337 -0.0483 -0.7721
vn -0.0291 0.9989 -0.0354
vn -0.8812 0.4664 0.0774
vn -0.1451 -0.4322 0.8900
vn -0.6275 -0.1466 -0.7647
vn 0.0951 -0.9887 0.1159
vn 0.2479 0.4664 -0.8491
vn 0.9012 -0.4322 0.0313
vn -0.0333 0.9986 -0.0406
vn 0.6336 0.0501 0.7720
vn -0.8812 -0.4664 0.0774
vn -0.1451 0.4322 0.8900
vn -0.0333 -0.9986 -0.0406
vn 0.6336 -0.0501 0.7720
vn 0.2479 -0.4664 -0.8491
vn 0.9012 0.4322 0.0313
vn -0.6275 0.1466 -0.7647
vn 0.0951 0.9887 0.1159
vn -0.6939 -0.6879 0.2127
vn -0.4822 0.6685 0.5661
vn 0.2410 -0.8594 0.4509
vn 0.4051 0.5114 0.7578
vn 0.5624 -0.6879 -0.4588
vn 0.7386 0.6685 -0.0864
vn -0.4266 -0.4256 -0.7981
vn -0.2003 0.9052 -0.3747
vn -0.9522 0.2152 -0.2170
vn -0.2550 -0.1959 0.9469
vn -0.4048 -0.5126 -0.7572
vn 0.2435 -0.8562 0.4556
vn 0.3486 0.2152 -0.9122
vn 0.9290 -0.1959 0.3141
vn -0.2029 0.9026 -0.3797
vn 0.4263 0.4267 0.7976
vn -0.7625 -0.6395 0.0984
vn -0.4188 0.6104 0.6723
vn 0.1573 -0.9427 0.2943
vn 0.4443 0.3344 0.8311
vn 0.5055 -0.6395 -0.5793
vn 0.7917 0.6104 0.0253
vn -0.4575 -0.2415 -0.8558
vn -0.1131 0.9708 -0.2116
vn -0.9223 0.3483 -0.1674
vn -0.2797 -0.3193 0.9054
vn -0.4440 -0.3360 -0.8307
vn 0.1602 -0.9405 0.2998
vn 0.3732 0.3483 -0.8599
vn 0.9082 -0.3193 0.2705
vn -0.1161 0.9692 -0.2172
vn 0.4573 0.2430 0.8555
vn -0.8252 -0.5648 -0.0060
vn -0.3628 0.5306 0.7661
vn 0.0676 -0.9897 0.1264
vn 0.4664 0.1449 0.8726
vn 0.4535 -0.5648 -0.6895
vn 0.8385 0.5305 0.1240
vn -0.4708 -0.0483 -0.8809
vn -0.0216 0.9989 -0.0404
vn -0.8793 0.4664 -0.0960
vn -0.3160 -0.4322 0.8446
vn -0.4663 -0.1466 -0.8724
vn 0.0707 -0.9887 0.1323
vn 0.4087 0.4664 -0.7845
vn 0.8778 -0.4323 0.2065
vn -0.0248 0.9986 -0.0463
vn 0.4708 0.0501 0.8808
vn -0.8793 -0.4664 -0.0960
vn -0.3160 0.4322 0.8446
vn -0.0248 -0.9986 -0.0463
vn 0.4708 -0.0501 0.8808
vn 0.4087 -0.4664 -0.7845
vn 0.8778 0.4323 0.2065
vn -0.4663 0.1466 -0.8724
vn 0.0707 0.9887 0.1323
vn -0.8252 0.5648 -0.0060
vn -0.3628 -0.5305 0.7661
vn -0.4708 0.0483 -0.8809
vn -0.0216 -0.9989 -0.0404
vn 0.4535 0.5648 -0.6895
vn 0.8385 -0.5305 0.1240
vn 0.0676 0.9897 0.1264
vn 0.4664 -0.1449 0.8726
vn -0.9223 -0.3483 -0.1674
vn -0.2797 0.3193 0.9054
vn -0.1161 -0.9692 -0.2172
vn 0.4573 -0.2430 0.8555
vn 0.3733 -0.3483 -0.8599
vn 0.9082 0.3193 0.2705
vn -0.4440 0.3360 -0.8307
vn 0.1602 0.9405 0.2998
vn -0.7625 0.6395 0.0984
vn -0.4188 -0.6104 0.6723
vn -0.4574 0.2415 -0.8558
vn -0.1131 -0.9708 -0.2116
vn 0.5055 0.6395 -0.5793
vn 0.7917 -0.6104 0.0253
vn 0.1573 0.9427 0.2943
vn 0.4443 -0.3344 0.8311
vn -0.9522 -0.2152 -0.2170
vn -0.2550 0.1959 0.9469
vn -0.2029 -0.9026 -0.3797
vn 0.4263 -0.4267 0.7976
vn 0.3486 -0.2152 -0.9122
vn 0.9290 0.1959 0.3141
vn -0.4048 0.5126 -0.7572
vn 0.2435 0.8562 0.4556
vn -0.6939 0.6879 0.2127
vn -0.4822 -0.6685 0.5661
vn -0.4266 0.4256 -0.7981
vn -0.2003 -0.9053 -0.3747
vn 0.5624 0.6879 -0.4588
vn 0.7386 -0.6685 -0.0864
vn 0.2410 0.8594 0.4509
vn 0.4051 -0.5115 0.7578
vn -0.9675 -0.0728 -0.2423
vn -0.2424 0.0660 0.9679
vn -0.2819 -0.8015 -0.5274
vn 0.3791 -0.5943 0.7093
vn 0.3360 -0.0728 -0.9390
vn 0.9395 0.0660 0.3362
vn -0.3501 0.6697 -0.6549
vn 0.3174 0.7393 0.5939
vn -0.6223 -0.7089 0.3319
vn -0.5508 0.7021 0.4512
vn 0.6217 -0.7089 -0.3331
vn 0.6812 0.7021 -0.2073
vn -0.3794 -0.5936 -0.7097
vn -0.2797 0.8049 -0.5233
vn -0.6223 0.7089 0.3319
vn -0.5508 -0.7021 0.4512
vn -0.3794 0.5936 -0.7097
vn -0.2797 -0.8049 -0.5233
vn 0.6217 0.7089 -0.3331
vn 0.6812 -0.7021 -0.2073
vn -0.9675 0.0728 -0.2423
vn -0.2424 -0.0660 0.9679
vn -0.3501 -0.6697 -0.6549
vn 0.3174 -0.7393 0.5939
vn 0.3360 0.0728 -0.9390
vn 0.9395 -0.0660 0.3362
vn -0.2819 0.8015 -0.5274
vn 0.3791 0.5943 0.7093
vn -0.8719 -0.3483 -0.3441
vn -0.4510 0.3193 0.8335
vn -0.0715 -0.9692 -0.2357
vn 0.2816 -0.2430 0.9282
vn 0.5338 -0.3483 -0.7705
vn 0.8380 0.3193 0.4425
vn -0.2734 0.3360 -0.9013
vn 0.0987 0.9405 0.3253
vn -0.7670 0.6395 -0.0522
vn -0.5419 -0.6104 0.5777
vn -0.2817 0.2415 -0.9286
vn -0.0697 -0.9708 -0.2296
vn 0.6088 0.6395 -0.4696
vn 0.7715 -0.6104 0.1792
vn 0.0969 0.9427 0.3193
vn 0.2736 -0.3344 0.9018
vn -0.8915 -0.2152 -0.3985
vn -0.4348 0.1959 0.8790
vn -0.1250 -0.9026 -0.4120
vn 0.2625 -0.4267 0.8654
vn 0.5199 -0.2152 -0.8267
vn 0.8499 0.1959 0.4893
vn -0.2492 0.5126 -0.8217
vn 0.1500 0.8562 0.4944
vn -0.7221 0.6879 0.0732
vn -0.5834 -0.6685 0.4612
vn -0.2627 0.4256 -0.8660
vn -0.1233 -0.9052 -0.4066
vn 0.6411 0.6879 -0.3403
vn 0.7413 -0.6685 0.0593
vn 0.1484 0.8594 0.4893
vn 0.2494 -0.5114 0.8223
vn -0.9016 -0.0728 -0.4264
vn -0.4266 0.0660 0.9020
vn -0.1736 -0.8015 -0.5723
vn 0.2335 -0.5943 0.7696
vn 0.5127 -0.0728 -0.8555
vn 0.8559 0.0660 0.5130
vn -0.2156 0.6697 -0.7106
vn 0.1955 0.7393 0.6444
vn -0.6751 -0.7089 0.2041
vn -0.6283 0.7021 0.3351
vn 0.6747 -0.7089 -0.2054
vn 0.7086 0.7021 -0.0704
vn -0.2336 -0.5936 -0.7701
vn -0.1723 0.8049 -0.5679
vn -0.6751 0.7089 0.2041
vn -0.6283 -0.7021 0.3351
vn -0.2336 0.5936 -0.7701
vn -0.1723 -0.8049 -0.5679
vn 0.6747 0.7089 -0.2054
vn 0.7086 -0.7021 -0.0704
vn -0.9016 0.0728 -0.4264
vn -0.4266 -0.0660 0.9020
vn -0.2156 -0.6697 -0.7106
vn 0.1955 -0.7393 0.6444
vn 0.5127 0.0728 -0.8555
vn 0.8559 -0.0660 0.5130
vn -0.1736 0.8015 -0.5723
vn 0.2335 0.5943 0.7696
vn -0.7221 -0.6879 0.0732
vn -0.5834 0.6685 0.4612
vn 0.1484 -0.8594 0.4893
vn 0.2494 0.5115 0.8223
vn 0.6411 -0.6879 -0.3403
vn 0.7413 0.6685 0.0593
vn -0.2627 -0.4256 -0.8660
vn -0.1233 0.9052 -0.4066
vn -0.8915 0.2152 -0.3985
vn -0.4348 -0.1959 0.8790
vn -0.2492 -0.5126 -0.8217
vn 0.1500 -0.8562 0.4944
vn 0.5199 0.2152 -0.8267
vn 0.8499 -0.1959 0.4893
vn -0.1250 0.9026 -0.4120
vn 0.2625 0.4267 0.8654
vn -0.7670 -0.6395 -0.0522
vn -0.5419 0.6104 0.5777
vn 0.0969 -0.9427 0.3193
vn 0.2736 0.3344 0.9018
vn 0.6088 -0.6395 -0.4696
vn 0.7715 0.6104 0.1792
vn -0.2817 -0.2415 -0.9286
vn -0.0697 0.9708 -0.2296
vn -0.8719 0.3483 -0.3441
vn -0.4510 -0.3193 0.8335
vn -0.2734 -0.3360 -0.9013
vn 0.0987 -0.9405 0.3253
vn 0.5338 0.3483 -0.7705
vn 0.8380 -0.3193 0.4425
vn -0.0715 0.9692 -0.2357
vn 0.2816 0.2430 0.9282
vn -0.8082 -0.5648 -0.1669
vn -0.5053 0.5306 0.6806
vn 0.0416 -0.9897 0.1372
vn 0.2872 0.1449 0.9468
vn 0.5793 -0.5648 -0.5878
vn 0.7982 0.5305 0.2852
vn -0.2899 -0.0483 -0.9558
vn -0.0133 0.9989 -0.0438
vn -0.8437 0.4664 -0.2657
vn -0.4747 -0.4322 0.7667
vn -0.2871 -0.1466 -0.9466
vn 0.0435 -0.9887 0.1435
vn 0.5539 0.4664 -0.6896
vn 0.8206 -0.4322 0.3738
vn -0.0153 0.9986 -0.0503
vn 0.2899 0.0501 0.9557
vn -0.8437 -0.4664 -0.2657
vn -0.4747 0.4322 0.7667
vn -0.0153 -0.9986 -0.0503
vn 0.2899 -0.0501 0.9557
vn 0.5539 -0.4664 -0.6896
vn 0.8206 0.4322 0.3738
vn -0.2871 0.1466 -0.9466
vn 0.0435 0.9887 0.1435
vn -0.8082 0.5648 -0.1669
vn -0.5053 -0.5305 0.6806
vn -0.2899 0.0483 -0.9558
vn -0.0133 -0.9989 -0.0438
vn 0.5793 0.5648 -0.5878
vn 0.7982 -0.5306 0.2852
vn 0.0416 0.9897 0.1372
vn 0.2872 -0.1449 0.9468
vn -0.7967 0.2152 -0.5648
vn -0.5979 -0.1959 0.7773
vn -0.0842 -0.5126 -0.8545
vn 0.0506 -0.8562 0.5141
vn 0.6712 0.2152 -0.7094
vn 0.7381 -0.1959 0.6457
vn -0.0422 0.9026 -0.4284
vn 0.0886 0.4267 0.9000
vn -0.7421 -0.6395 -0.2009
vn -0.6442 0.6104 0.4608
vn 0.0327 -0.9427 0.3321
vn 0.0924 0.3344 0.9379
vn 0.6887 -0.6395 -0.3418
vn 0.7217 0.6104 0.3263
vn -0.0951 -0.2415 -0.9657
vn -0.0235 0.9708 -0.2388
vn -0.7881 0.3483 -0.5076
vn -0.6049 -0.3193 0.7295
vn -0.0923 -0.3360 -0.9373
vn 0.0333 -0.9405 0.3383
vn 0.6739 0.3483 -0.6516
vn 0.7356 -0.3193 0.5975
vn -0.0241 0.9692 -0.2451
vn 0.0951 0.2430 0.9653
vn -0.7601 -0.5648 -0.3213
vn -0.6284 0.5305 0.5689
vn 0.0140 -0.9897 0.1426
vn 0.0970 0.1448 0.9847
vn 0.6828 -0.5648 -0.4635
vn 0.7273 0.5305 0.4354
vn -0.0979 -0.0483 -0.9940
vn -0.0045 0.9989 -0.0456
vn -0.7757 0.4664 -0.4252
vn -0.6151 -0.4322 0.6594
vn -0.0970 -0.1466 -0.9844
vn 0.0147 -0.9887 0.1493
vn 0.6778 0.4664 -0.5683
vn 0.7319 -0.4322 0.5267
vn -0.0052 0.9986 -0.0523
vn 0.0979 0.0501 0.9939
vn -0.7757 -0.4664 -0.4252
vn -0.6151 0.4322 0.6594
vn -0.0052 -0.9986 -0.0523
vn 0.0979 -0.0501 0.9939
vn 0.6778 -0.4664 -0.5683
vn 0.7319 0.4322 0.5267
vn -0.0970 0.1466 -0.9844
vn 0.0147 0.9887 0.1493
vn -0.7601 0.5648 -0.3213
vn -0.6284 -0.5305 0.5689
vn -0.0979 0.0483 -0.9940
vn -0.0045 -0.9989 -0.0456
vn 0.6828 0.5648 -0.4635
vn 0.7273 -0.5305 0.4354
vn 0.0140 0.9897 0.1426
vn 0.0970 -0.1448 0.9847
vn -0.7881 -0.3483 -0.5076
vn -0.6049 0.3193 0.7295
vn -0.0241 -0.9692 -0.2451
vn 0.0951 -0.2430 0.9653
vn 0.6739 -0.3483 -0.6516
vn 0.7356 0.3193 0.5975
vn -0.0923 0.3360 -0.9373
vn 0.0333 0.9405 0.3383
vn -0.7421 0.6395 -0.2009
vn -0.6442 -0.6104 0.4608
vn -0.0951 0.2415 -0.9657
vn -0.0235 -0.9708 -0.2388
vn 0.6887 0.6395 -0.3418
vn 0.7217 -0.6104 0.3263
vn 0.0327 0.9427 0.3321
vn 0.0924 -0.3344 0.9379
vn -0.7967 -0.2152 -0.5648
vn -0.5979 0.1959 0.7773
vn -0.0422 -0.9026 -0.4284
vn 0.0886 -0.4267 0.9000
vn 0.6712 -0.2152 -0.7094
vn 0.7381 0.1959 0.6457
vn -0.0842 0.5126 -0.8545
vn 0.0506 0.8562 0.5141
vn -0.7225 0.6879 -0.0690
vn -0.6622 -0.6685 0.3385
vn -0.0887 0.4256 -0.9006
vn -0.0416 -0.9052 -0.4228
vn 0.6951 0.6879 -0.2087
vn 0.7155 -0.6685 0.2028
vn 0.0501 0.8594 0.5088
vn 0.0842 -0.5114 0.8552
vn -0.8011 -0.0728 -0.5941
vn -0.5944 0.0660 0.8015
vn -0.0586 -0.8014 -0.5952
vn 0.0788 -0.5943 0.8004
vn 0.6698 -0.0728 -0.7390
vn 0.7393 0.0660 0.6701
vn -0.0728 0.6698 -0.7390
vn 0.0660 0.7393 0.6701
vn -0.7019 -0.7089 0.0684
vn -0.6816 0.7021 0.2061
vn 0.7018 -0.7089 -0.0698
vn 0.7087 0.7021 0.0692
vn -0.0789 -0.5936 -0.8009
vn -0.0582 0.8049 -0.5905
vn -0.7019 0.7089 0.0684
vn -0.6816 -0.7021 0.2061
vn -0.0789 0.5936 -0.8009
vn -0.0582 -0.8049 -0.5906
vn 0.7018 0.7089 -0.0698
vn 0.7087 -0.7021 0.0692
vn -0.8011 0.0728 -0.5941
vn -0.5944 -0.0660 0.8015
vn -0.0728 -0.6698 -0.7390
vn 0.0660 -0.7393 0.6701
vn 0.6698 0.0728 -0.7390
vn 0.7393 -0.0660 0.6701
vn -0.0586 0.8014 -0.5952
vn 0.0788 0.5943 0.8004
vn -0.7225 -0.6879 -0.0690
vn -0.6622 0.6685 0.3385
vn 0.0501 -0.8594 0.5088
vn 0.0842 0.5114 0.8552
vn 0.6951 -0.6879 -0.2087
vn 0.7155 0.6685 0.2028
vn -0.0887 -0.4256 -0.9006
vn -0.0416 0.9053 -0.4228
vn -0.6887 0.6395 -0.3418
vn -0.7217 -0.6104 0.3263
vn 0.0951 0.2415 -0.9657
vn 0.0235 -0.9708 -0.2388
vn 0.7421 0.6395 -0.2009
vn 0.6442 -0.6104 0.4608
vn -0.0327 0.9427 0.3321
vn -0.0924 -0.3344 0.9379
vn -0.6712 -0.2152 -0.7094
vn -0.7381 0.1959 0.6457
vn 0.0422 -0.9026 -0.4284
vn -0.0886 -0.4267 0.9000
vn 0.7967 -0.2152 -0.5648
vn 0.5979 0.1959 0.7773
vn 0.0842 0.5126 -0.8545
vn -0.0506 0.8562 0.5141
vn -0.6951 0.6879 -0.2087
vn -0.7155 -0.6685 0.2028
vn 0.0887 0.4256 -0.9006
vn 0.0416 -0.9052 -0.4228
vn 0.7225 0.6879 -0.0690
vn 0.6622 -0.6685 0.3385
vn -0.0501 0.8594 0.5088
vn -0.0842 -0.5114 0.8552
vn -0.6698 -0.0728 -0.7390
vn -0.7393 0.0660 0.6701
vn 0.0586 -0.8014 -0.5952
vn -0.0788 -0.5943 0.8004
vn 0.8011 -0.0728 -0.5941
vn 0.5944 0.0660 0.8015
vn 0.0728 0.6698 -0.7390
vn -0.0660 0.7393 0.6701
vn -0.7018 -0.7089 -0.0698
vn -0.7087 0.7021 0.0692
vn 0.7019 -0.7089 0.0684
vn 0.6816 0.7021 0.2061
vn 0.0789 -0.5936 -0.8009
vn 0.0582 0.8049 -0.5906
vn -0.7018 0.7089 -0.0698
vn -0.7087 -0.7021 0.0692
vn 0.0789 0.5936 -0.8009
vn 0.0582 -0.8049 -0.5906
vn 0.7019 0.7089 0.0684
vn 0.6816 -0.7021 0.2061
vn -0.6698 0.0728 -0.7390
vn -0.7393 -0.0660 0.6701
vn 0.0728 -0.6698 -0.7390
vn -0.0660 -0.7393 0.6701
vn 0.8011 0.0728 -0.5941
vn 0.5944 -0.0660 0.8015
vn 0.0586 0.8014 -0.5952
vn -0.0788 0.5943 0.8004
vn -0.6951 -0.6879 -0.2087
vn -0.7155 0.6685 0.2028
vn -0.0501 -0.8594 0.5088
vn -0.0842 0.5114 0.8552
vn 0.7225 -0.6879 -0.0690
vn 0.6622 0.6685 0.3385
vn 0.0887 -0.4256 -0.9006
vn 0.0416 0.9052 -0.4228
vn -0.6712 0.2152 -0.7094
vn -0.7381 -0.1959 0.6457
vn 0.0842 -0.5126 -0.8545
vn -0.0506 -0.8562 0.5141
vn 0.7967 0.2152 -0.5648
vn 0.5979 -0.1959 0.7773
vn 0.0422 0.9026 -0.4284
vn -0.0886 0.4267 0.9000
vn -0.6887 -0.6395 -0.3418
vn -0.7217 0.6104 0.3263
vn -0.0327 -0.9427 0.3321
vn -0.0924 0.3344 0.9379
vn 0.7421 -0.6395 -0.2009
vn 0.6442 0.6104 0.4608
vn 0.0951 -0.2415 -0.9657
vn 0.0235 0.9708 -0.2388
vn -0.6739 0.3483 -0.6516
vn -0.7356 -0.3193 0.5975
vn 0.0923 -0.3360 -0.9373
vn -0.0333 -0.9405 0.3383
vn 0.7881 0.3483 -0.5076
vn 0.6049 -0.3193 0.7295
vn 0.0241 0.9692 -0.2451
vn -0.0951 0.2430 0.9653
vn -0.6828 -0.5648 -0.4635
vn -0.7273 0.5305 0.4354
vn -0.0140 -0.9897 0.1426
vn -0.0970 0.1448 0.9847
vn 0.7601 -0.5648 -0.3213
vn 0.6283 0.5305 0.5689
vn 0.0979 -0.0483 -0.9940
vn 0.0045 0.9989 -0.0456
vn -0.6778 0.4664 -0.5683
vn -0.7319 -0.4322 0.5267
vn 0.0970 -0.1466 -0.9844
vn -0.0147 -0.9887 0.1493
vn 0.7757 0.4664 -0.4252
vn 0.6151 -0.4322 0.6594
vn 0.0052 0.9986 -0.0523
vn -0.0979 0.0501 0.9939
vn -0.6778 -0.4664 -0.5683
vn -0.7319 0.4322 0.5267
vn 0.0052 -0.9986 -0.0523
vn -0.0979 -0.0501 0.9939
vn 0.7757 -0.4664 -0.4252
vn 0.6151 0.4322 0.6594
vn 0.0970 0.1466 -0.9844
vn -0.0147 0.9887 0.1493
vn -0.6828 0.5648 -0.4635
vn -0.7273 -0.5305 0.4354
vn 0.0979 0.0483 -0.9940
vn 0.0045 -0.9989 -0.0456
vn 0.7601 0.5648 -0.3213
vn 0.6284 -0.5305 0.5689
vn -0.0140 0.9897 0.1426
vn -0.0970 -0.1448 0.9847
vn -0.6739 -0.3483 -0.6516
vn -0.7356 0.3193 0.5975
vn 0.0241 -0.9692 -0.2451
vn -0.0951 -0.2430 0.9653
vn 0.7881 -0.3483 -0.5076
vn 0.6049 0.3193 0.7295
vn 0.0923 0.3360 -0.9373
vn -0.0333 0.9405 0.3383
vn -0.6088 -0.6395 -0.4696
vn -0.7715 0.6104 0.1792
vn -0.0969 -0.9427 0.3194
vn -0.2736 0.3344 0.9018
vn 0.7670 -0.6395 -0.0522
vn 0.5419 0.6104 0.5777
vn 0.2817 -0.2415 -0.9286
vn 0.0697 0.9708 -0.2296
vn -0.5338 0.3483 -0.7705
vn -0.8380 -0.3193 0.4425
vn 0.2734 -0.3360 -0.9013
vn -0.0987 -0.9405 0.3253
vn 0.8719 0.3483 -0.3441
vn 0.4510 -0.3193 0.8335
vn 0.0715 0.9692 -0.2357
vn -0.2816 0.2430 0.9283
vn -0.5793 -0.5648 -0.5878
vn -0.7982 0.5305 0.2852
vn -0.0416 -0.9897 0.1372
vn -0.2872 0.1449 0.9468
vn 0.8082 -0.5648 -0.1669
vn 0.5053 0.5305 0.6806
vn 0.2899 -0.0483 -0.9558
vn 0.0133 0.9989 -0.0439
vn -0.5539 0.4664 -0.6896
vn -0.8206 -0.4322 0.3738
vn 0.2871 -0.1466 -0.9466
vn -0.0435 -0.9887 0.1435
vn 0.8437 0.4664 -0.2657
vn 0.4747 -0.4322 0.7667
vn 0.0153 0.9986 -0.0503
vn -0.2899 0.0501 0.9557
vn -0.5539 -0.4664 -0.6896
vn -0.8206 0.4322 0.3738
vn 0.0153 -0.9986 -0.0503
vn -0.2899 -0.0501 0.9557
vn 0.8437 -0.4664 -0.2657
vn 0.4747 0.4322 0.7667
vn 0.2871 0.1466 -0.9466
vn -0.0435 0.9887 0.1435
vn -0.5793 0.5648 -0.5878
vn -0.7982 -0.5305 0.2852
vn 0.2899 0.0483 -0.9558
vn 0.0133 -0.9989 -0.0439
vn 0.8082 0.5648 -0.1669
vn 0.5053 -0.5305 0.6806
vn -0.0416 0.9897 0.1372
vn -0.2872 -0.1449 0.9468
vn -0.5338 -0.3483 -0.7705
vn -0.8380 0.3193 0.4425
vn 0.0715 -0.9692 -0.2357
vn -0.2816 -0.2430 0.9283
vn 0.8719 -0.3483 -0.3441
vn 0.4510 0.3193 0.8335
vn 0.2734 0.3360 -0.9013
vn -0.0987 0.9405 0.3253
vn -0.6088 0.6395 -0.4696
vn -0.7715 -0.6104 0.1792
vn 0.2817 0.2415 -0.9286
vn 0.0697 -0.9708 -0.2296
vn 0.7670 0.6395 -0.0522
vn 0.5419 -0.6104 0.5777
vn -0.0969 0.9427 0.3193
vn -0.2736 -0.3344 0.9018
vn -0.5199 -0.2152 -0.8267
vn -0.8499 0.1959 0.4893
vn 0.1250 -0.9026 -0.4120
vn -0.2625 -0.4267 0.8654
vn 0.8915 -0.2152 -0.3985
vn 0.4348 0.1959 0.8790
vn 0.2492 0.5126 -0.8217
vn -0.1500 0.8562 0.4944
vn -0.6411 0.6879 -0.3403
vn -0.7413 -0.6685 0.0593
vn 0.2627 0.4256 -0.8660
vn 0.1233 -0.9053 -0.4066
vn 0.7221 0.6879 0.0732
vn 0.5834 -0.6685 0.4612
vn -0.1484 0.8594 0.4893
vn -0.2494 -0.5114 0.8223
vn -0.5127 -0.0728 -0.8555
vn -0.8559 0.0660 0.5130
vn 0.1736 -0.8015 -0.5723
vn -0.2335 -0.5943 0.7696
vn 0.9016 -0.0728 -0.4264
vn 0.4266 0.0660 0.9020
vn 0.2156 0.6697 -0.7106
vn -0.1955 0.7393 0.6444
vn -0.6747 -0.7089 -0.2054
vn -0.7086 0.7021 -0.0704
vn 0.6751 -0.7089 0.2041
vn 0.6283 0.7021 0.3351
vn 0.2336 -0.5936 -0.7701
vn 0.1723 0.8049 -0.5679
vn -0.6747 0.7089 -0.2054
vn -0.7086 -0.7021 -0.0704
vn 0.2336 0.5936 -0.7701
vn 0.1723 -0.8049 -0.5679
vn 0.6751 0.7089 0.2041
vn 0.6283 -0.7021 0.3351
vn -0.5127 0.0728 -0.8555
vn -0.8559 -0.0660 0.5130
vn 0.2156 -0.6697 -0.7106
vn -0.1955 -0.7393 0.6444
vn 0.9016 0.0728 -0.4264
vn 0.4266 -0.0660 0.9020
vn 0.1736 0.8015 -0.5723
vn -0.2335 0.5943 0.7696
vn -0.6411 -0.6879 -0.3403
vn -0.7413 0.6685 0.0593
vn -0.1484 -0.8594 0.4893
vn -0.2494 0.5115 0.8223
vn 0.7221 -0.6879 0.0732
vn 0.5834 0.6685 0.4612
vn 0.2627 -0.4256 -0.8660
vn 0.1233 0.9052 -0.4066
vn -0.5199 0.2152 -0.8267
vn -0.8499 -0.1959 0.4893
vn 0.2492 -0.5126 -0.8217
vn -0.1500 -0.8562 0.4944
vn 0.8915 0.2152 -0.3985
vn 0.4348 -0.1959 0.8790
vn 0.1250 0.9026 -0.4120
vn -0.2625 0.4267 0.8654
vn -0.3486 -0.2152 -0.9122
vn -0.9290 0.1959 0.3141
vn 0.2029 -0.9026 -0.3797
vn -0.4263 -0.4267 0.7976
vn 0.9522 -0.2152 -0.2170
vn 0.2550 0.1959 0.9469
vn 0.4048 0.5126 -0.7572
vn -0.2435 0.8562 0.4556
vn -0.5624 0.6879 -0.4588
vn -0.7386 -0.6685 -0.0864
vn 0.4266 0.4256 -0.7981
vn 0.2003 -0.9053 -0.3747
vn 0.6939 0.6879 0.2127
vn 0.4822 -0.6685 0.5661
vn -0.2410 0.8594 0.4509
vn -0.4051 -0.5115 0.7578
vn -0.3360 -0.0728 -0.9390
vn -0.9395 0.0660 0.3362
vn 0.2819 -0.8014 -0.5274
vn -0.3791 -0.5943 0.7093
vn 0.9675 -0.0728 -0.2423
vn 0.2424 0.0660 0.9679
vn 0.3501 0.6697 -0.6549
vn -0.3174 0.7393 0.5939
vn -0.6217 -0.7089 -0.3331
vn -0.6812 0.7021 -0.2073
vn 0.6223 -0.7089 0.3319
vn 0.5508 0.7021 0.4512
vn 0.3794 -0.5936 -0.7097
vn 0.2797 0.8049 -0.5233
vn -0.6217 0.7089 -0.3331
vn -0.6812 -0.7021 -0.2073
vn 0.3794 0.5936 -0.7097
vn 0.2797 -0.8049 -0.5233
vn 0.6223 0.7089 0.3319
vn 0.5508 -0.7021 0.4512
vn -0.3360 0.0728 -0.9390
vn -0.9395 -0.0660 0.3362
vn 0.3501 -0.6697 -0.6549
vn -0.3174 -0.7393 0.5939
vn 0.9675 0.0728 -0.2423
vn 0.2424 -0.0660 0.9679
vn 0.2819 0.8014 -0.5274
vn -0.3791 0.5943 0.7093
vn -0.5624 -0.6879 -0.4588
vn -0.7386 0.6685 -0.0864
vn -0.2410 -0.8594 0.4509
vn -0.4051 0.5115 0.7578
vn 0.6939 -0.6879 0.2127
vn 0.4822 0.6685 0.5661
vn 0.4266 -0.4256 -0.7981
vn 0.2003 0.9053 -0.3747
vn -0.3486 0.2152 -0.9122
vn -0.9290 -0.1959 0.3141
vn 0.4048 -0.5126 -0.7572
vn -0.2435 -0.8562 0.4556
vn 0.9522 0.2152 -0.2170
vn 0.2550 -0.1959 0.9469
vn 0.2029 0.9026 -0.3797
vn -0.4263 0.4267 0.7976
vn -0.5055 -0.6395 -0.5793
vn -0.7917 0.6104 0.0253
vn -0.1573 -0.9427 0.2943
vn -0.4443 0.3344 0.8311
vn 0.7625 -0.6395 0.0984
vn 0.4188 0.6104 0.6723
vn 0.4575 -0.2415 -0.8558
vn 0.1131 0.9708 -0.2116
vn -0.3733 0.3483 -0.8599
vn -0.9082 -0.3193 0.2705
vn 0.4440 -0.3360 -0.8307
vn -0.1602 -0.9405 0.2998
vn 0.9223 0.3483 -0.1674
vn 0.2797 -0.3193 0.9054
vn 0.1161 0.9692 -0.2172
vn -0.4573 0.2430 0.8555
vn -0.4535 -0.5648 -0.6895
vn -0.8385 0.5306 0.1240
vn -0.0676 -0.9897 0.1264
vn -0.4664 0.1449 0.8726
vn 0.8252 -0.5648 -0.0060
vn 0.3628 0.5305 0.7661
vn 0.4708 -0.0483 -0.8809
vn 0.0216 0.9989 -0.0404
vn -0.4087 0.4664 -0.7845
vn -0.8778 -0.4322 0.2065
vn 0.4663 -0.1466 -0.8724
vn -0.0707 -0.9887 0.1323
vn 0.8793 0.4664 -0.0960
vn 0.3160 -0.4322 0.8446
vn 0.0248 0.9986 -0.0463
vn -0.4708 0.0501 0.8808
vn -0.4087 -0.4664 -0.7845
vn -0.8778 0.4322 0.2065
vn 0.0248 -0.9986 -0.0463
vn -0.4708 -0.0501 0.8808
vn 0.8793 -0.4664 -0.0960
vn 0.3160 0.4322 0.8446
vn 0.4663 0.1466 -0.8724
vn -0.0707 0.9887 0.1323
vn -0.4535 0.5648 -0.6895
vn -0.8385 -0.5305 0.1240
vn 0.4708 0.0483 -0.8809
vn 0.0216 -0.9989 -0.0404
vn 0.8252 0.5648 -0.0060
vn 0.3628 -0.5305 0.7661
vn -0.0676 0.9897 0.1264
vn -0.4664 -0.1449 0.8726
vn -0.3732 -0.3483 -0.8599
vn -0.9082 0.3193 0.2705
vn 0.1161 -0.9692 -0.2172
vn -0.4573 -0.2430 0.8555
vn 0.9223 -0.3483 -0.1674
vn 0.2797 0.3193 0.9054
vn 0.4440 0.3360 -0.8307
vn -0.1602 0.9405 0.2998
vn -0.5055 0.6395 -0.5793
vn -0.7917 -0.6104 0.0253
vn 0.4574 0.2415 -0.8558
vn 0.1131 -0.9708 -0.2116
vn 0.7625 0.6395 0.0984
vn 0.4188 -0.6104 0.6723
vn -0.1573 0.9427 0.2943
vn -0.4443 -0.3344 0.8311
vn -0.1983 0.3483 -0.9162
vn -0.9435 -0.3193 0.0881
vn 0.5975 -0.3360 -0.7281
vn -0.2156 -0.9405 0.2627
vn 0.9373 0.3483 0.0158
vn 0.0977 -0.3193 0.9426
vn 0.1563 0.9692 -0.1904
vn -0.6154 0.2430 0.7498
vn -0.3103 -0.5648 -0.7647
vn -0.8466 0.5305 -0.0420
vn -0.0909 -0.9897 0.1108
vn -0.6277 0.1449 0.7649
vn 0.8105 -0.5648 0.1551
vn 0.2064 0.5305 0.8222
vn 0.6337 -0.0483 -0.7721
vn 0.0291 0.9989 -0.0354
vn -0.2479 0.4664 -0.8491
vn -0.9012 -0.4322 0.0313
vn 0.6275 -0.1466 -0.7647
vn -0.0951 -0.9887 0.1159
vn 0.8812 0.4664 0.0774
vn 0.1451 -0.4323 0.8900
vn 0.0333 0.9986 -0.0406
vn -0.6336 0.0501 0.7720
vn -0.2479 -0.4664 -0.8491
vn -0.9012 0.4322 0.0313
vn 0.0333 -0.9986 -0.0406
vn -0.6336 -0.0501 0.7720
vn 0.8812 -0.4664 0.0774
vn 0.1451 0.4323 0.8900
vn 0.6275 0.1466 -0.7647
vn -0.0951 0.9887 0.1159
vn -0.3103 0.5648 -0.7647
vn -0.8466 -0.5305 -0.0420
vn 0.6337 0.0483 -0.7721
vn 0.0291 -0.9989 -0.0354
vn 0.8105 0.5648 0.1551
vn 0.2064 -0.5306 0.8222
vn -0.0909 0.9897 0.1108
vn -0.6277 -0.1449 0.7649
vn -0.1983 -0.3483 -0.9162
vn -0.9435 0.3193 0.0881
vn 0.1563 -0.9692 -0.1904
vn -0.6154 -0.2430 0.7498
vn 0.9373 -0.3483 0.0158
vn 0.0977 0.3193 0.9426
vn 0.5975 0.3360 -0.7281
vn -0.2156 0.9405 0.2627
vn -0.3827 0.6395 -0.6668
vn -0.7814 -0.6104 -0.1297
vn 0.6156 0.2415 -0.7501
vn 0.1522 -0.9708 -0.1855
vn 0.7286 0.6395 0.2453
vn 0.2796 -0.6104 0.7411
vn -0.2117 0.9427 0.2580
vn -0.5979 -0.3344 0.7285
vn -0.1639 -0.2152 -0.9627
vn -0.9724 0.1959 0.1268
vn 0.2731 -0.9026 -0.3328
vn -0.5737 -0.4267 0.6991
vn 0.9762 -0.2152 -0.0270
vn 0.0653 0.1959 0.9785
vn 0.5447 0.5126 -0.6637
vn -0.3277 0.8562 0.3993
vn -0.4621 0.6879 -0.5597
vn -0.7076 -0.6685 -0.2289
vn 0.5741 0.4256 -0.6995
vn 0.2695 -0.9053 -0.3284
vn 0.6391 0.6879 0.3440
vn 0.3625 -0.6685 0.6493
vn -0.3243 0.8594 0.3952
vn -0.5451 -0.5114 0.6643
vn -0.1463 -0.0728 -0.9866
vn -0.9870 0.0660 0.1464
vn 0.3794 -0.8014 -0.4623
vn -0.5102 -0.5943 0.6217
vn 0.9961 -0.0728 -0.0490
vn 0.0490 0.0660 0.9966
vn 0.4711 0.6697 -0.5740
vn -0.4272 0.7393 0.5205
vn -0.5447 -0.7089 -0.4479
vn -0.6277 0.7021 -0.3362
vn 0.5456 -0.7089 0.4469
vn 0.4522 0.7021 0.5500
vn 0.5105 -0.5936 -0.6221
vn 0.3765 0.8049 -0.4587
vn -0.5447 0.7089 -0.4479
vn -0.6277 -0.7021 -0.3362
vn 0.5105 0.5936 -0.6221
vn 0.3765 -0.8049 -0.4587
vn 0.5456 0.7089 0.4469
vn 0.4522 -0.7021 0.5500
vn -0.1463 0.0728 -0.9866
vn -0.9870 -0.0660 0.1464
vn 0.4711 -0.6697 -0.5740
vn -0.4272 -0.7393 0.5205
vn 0.9961 0.0728 -0.0490
vn 0.0490 -0.0660 0.9966
vn 0.3794 0.8014 -0.4623
vn -0.5102 0.5943 0.6217
vn -0.4621 -0.6879 -0.5597
vn -0.7076 0.6685 -0.2289
vn -0.3243 -0.8594 0.3952
vn -0.5451 0.5114 0.6643
vn 0.6391 -0.6879 0.3440
vn 0.3625 0.6685 0.6493
vn 0.5741 -0.4256 -0.6995
vn 0.2695 0.9053 -0.3284
vn -0.1639 0.2152 -0.9627
vn -0.9724 -0.1959 0.1268
vn 0.5447 -0.5126 -0.6637
vn -0.3277 -0.8562 0.3993
vn 0.9762 0.2152 -0.0270
vn 0.0653 -0.1959 0.9785
vn 0.2731 0.9026 -0.3328
vn -0.5737 0.4267 0.6991
vn -0.3827 -0.6395 -0.6668
vn -0.7814 0.6104 -0.1297
vn -0.2117 -0.9427 0.2580
vn -0.5979 0.3344 0.7285
vn 0.7286 -0.6395 0.2453
vn 0.2796 0.6104 0.7411
vn 0.6156 -0.2415 -0.7501
vn 0.1522 0.9708 -0.1855
vn -0.3440 0.6879 -0.6391
vn -0.6493 -0.6685 -0.3625
vn 0.6995 0.4256 -0.5741
vn 0.3284 -0.9053 -0.2695
vn 0.5597 0.6879 0.4621
vn 0.2289 -0.6685 0.7076
vn -0.3952 0.8594 0.3243
vn -0.6643 -0.5114 0.5451
vn 0.0490 -0.0728 -0.9961
vn -0.9966 0.0660 -0.0489
vn 0.4623 -0.8014 -0.3794
vn -0.6217 -0.5943 0.5102
vn 0.9866 -0.0728 0.1463
vn -0.1464 0.0660 0.9870
vn 0.5740 0.6697 -0.4711
vn -0.5205 0.7393 0.4272
vn -0.4469 -0.7089 -0.5456
vn -0.5500 0.7021 -0.4522
vn 0.4479 -0.7089 0.5447
vn 0.3362 0.7021 0.6277
vn 0.6221 -0.5936 -0.5105
vn 0.4587 0.8049 -0.3765
vn -0.4469 0.7089 -0.5456
vn -0.5500 -0.7021 -0.4522
vn 0.6221 0.5936 -0.5105
vn 0.4587 -0.8049 -0.3765
vn 0.4479 0.7089 0.5447
vn 0.3362 -0.7021 0.6277
vn 0.0490 0.0728 -0.9961
vn -0.9966 -0.0660 -0.0489
vn 0.5740 -0.6697 -0.4711
vn -0.5205 -0.7393 0.4272
vn 0.9866 0.0728 0.1463
vn -0.1464 -0.0660 0.9870
vn 0.4623 0.8014 -0.3794
vn -0.6217 0.5943 0.5102
vn -0.3440 -0.6879 -0.6391
vn -0.6493 0.6685 -0.3625
vn -0.3952 -0.8594 0.3243
vn -0.6643 0.5114 0.5451
vn 0.5597 -0.6879 0.4621
vn 0.2289 0.6685 0.7076
vn 0.6995 -0.4256 -0.5741
vn 0.3284 0.9053 -0.2695
vn 0.0270 0.2152 -0.9762
vn -0.9785 -0.1959 -0.0653
vn 0.6637 -0.5126 -0.5447
vn -0.3993 -0.8562 0.3277
vn 0.9627 0.2152 0.1639
vn -0.1268 -0.1959 0.9724
vn 0.3328 0.9026 -0.2731
vn -0.6991 0.4267 0.5737
vn -0.2453 -0.6395 -0.7286
vn -0.7411 0.6104 -0.2796
vn -0.2580 -0.9427 0.2117
vn -0.7285 0.3344 0.5979
vn 0.6668 -0.6395 0.3827
vn 0.1297 0.6104 0.7814
vn 0.7501 -0.2415 -0.6156
vn 0.1855 0.9708 -0.1522
vn -0.0158 0.3483 -0.9373
vn -0.9426 -0.3193 -0.0977
vn 0.7281 -0.3360 -0.5975
vn -0.2627 -0.9405 0.2156
vn 0.9162 0.3483 0.1983
vn -0.0881 -0.3193 0.9435
vn 0.1904 0.9692 -0.1563
vn -0.7498 0.2430 0.6154
vn -0.1551 -0.5648 -0.8105
vn -0.8222 0.5306 -0.2064
vn -0.1108 -0.9897 0.0909
vn -0.7649 0.1449 0.6277
vn 0.7647 -0.5648 0.3103
vn 0.0420 0.5305 0.8466
vn 0.7721 -0.0483 -0.6337
vn 0.0354 0.9989 -0.0291
vn -0.0774 0.4664 -0.8812
vn -0.8900 -0.4322 -0.1451
vn 0.7647 -0.1466 -0.6275
vn -0.1159 -0.9887 0.0951
vn 0.8491 0.4664 0.2479
vn -0.0313 -0.4322 0.9012
vn 0.0406 0.9986 -0.0333
vn -0.7720 0.0501 0.6336
vn -0.0774 -0.4664 -0.8812
vn -0.8900 0.4322 -0.1451
vn 0.0406 -0.9986 -0.0333
vn -0.7720 -0.0501 0.6336
vn 0.8491 -0.4664 0.2479
vn -0.0313 0.4322 0.9012
vn 0.7647 0.1466 -0.6275
vn -0.1159 0.9887 0.0951
vn -0.1551 0.5648 -0.8105
vn -0.8222 -0.5306 -0.2064
vn 0.7721 0.0483 -0.6337
vn 0.0354 -0.9989 -0.0291
vn 0.7647 0.5648 0.3103
vn 0.0420 -0.5306 0.8466
vn -0.1108 0.9897 0.0909
vn -0.7649 -0.1449 0.6277
vn -0.0158 -0.3483 -0.9373
vn -0.9426 0.3193 -0.0977
vn 0.1904 -0.9692 -0.1563
vn -0.7498 -0.2430 0.6154
vn 0.9162 -0.3483 0.1983
vn -0.0881 0.3193 0.9435
vn 0.7281 0.3360 -0.5975
vn -0.2627 0.9405 0.2156
vn -0.2453 0.6395 -0.7286
vn -0.7411 -0.6104 -0.2796
vn 0.7501 0.2415 -0.6156
vn 0.1855 -0.9708 -0.1522
vn 0.6668 0.6395 0.3827
vn 0.1297 -0.6104 0.7814
vn -0.2580 0.9427 0.2117
vn -0.7285 -0.3344 0.5979
vn 0.0270 -0.2152 -0.9762
vn -0.9785 0.1959 -0.0653
vn 0.3328 -0.9026 -0.2731
vn -0.6991 -0.4267 0.5737
vn 0.9627 -0.2152 0.1639
vn -0.1268 0.1959 0.9724
vn 0.6637 0.5126 -0.5447
vn -0.3993 0.8562 0.3277
vn 0.0960 0.4664 -0.8793
vn -0.8446 -0.4322 -0.3160
vn 0.8724 -0.1466 -0.4663
vn -0.1323 -0.9887 0.0707
vn 0.7845 0.4664 0.4087
vn -0.2065 -0.4323 0.8778
vn 0.0463 0.9986 -0.0248
vn -0.8808 0.0501 0.4708
vn 0.0960 -0.4664 -0.8793
vn -0.8446 0.4322 -0.3160
vn 0.0463 -0.9986 -0.0248
vn -0.8808 -0.0501 0.4708
vn 0.7845 -0.4664 0.4087
vn -0.2065 0.4322 0.8778
vn 0.8724 0.1466 -0.4663
vn -0.1323 0.9887 0.0707
vn 0.0060 0.5648 -0.8252
vn -0.7661 -0.5305 -0.3628
vn 0.8809 0.0483 -0.4708
vn 0.0404 -0.9989 -0.0216
vn 0.6895 0.5648 0.4535
vn -0.1240 -0.5306 0.8385
vn -0.1264 0.9897 0.0676
vn -0.8726 -0.1449 0.4664
vn 0.1674 -0.3483 -0.9223
vn -0.9054 0.3193 -0.2797
vn 0.2172 -0.9692 -0.1161
vn -0.8555 -0.2430 0.4573
vn 0.8599 -0.3483 0.3733
vn -0.2705 0.3193 0.9082
vn 0.8307 0.3360 -0.4440
vn -0.2998 0.9405 0.1602
vn -0.0984 0.6395 -0.7625
vn -0.6723 -0.6104 -0.4188
vn 0.8558 0.2415 -0.4574
vn 0.2116 -0.9708 -0.1131
vn 0.5793 0.6395 0.5055
vn -0.0253 -0.6104 0.7917
vn -0.2943 0.9427 0.1573
vn -0.8311 -0.3344 0.4443
vn 0.2170 -0.2152 -0.9522
vn -0.9469 0.1959 -0.2550
vn 0.3797 -0.9026 -0.2029
vn -0.7976 -0.4267 0.4263
vn 0.9122 -0.2152 0.3486
vn -0.3141 0.1959 0.9290
vn 0.7572 0.5126 -0.4048
vn -0.4556 0.8562 0.2435
vn -0.2127 0.6879 -0.6939
vn -0.5661 -0.6685 -0.4822
vn 0.7981 0.4256 -0.4266
vn 0.3747 -0.9052 -0.2003
vn 0.4588 0.6879 0.5624
vn 0.0864 -0.6685 0.7386
vn -0.4509 0.8594 0.2410
vn -0.7578 -0.5114 0.4051
vn 0.2424 -0.0728 -0.9675
vn -0.9679 0.0660 -0.2424
vn 0.5274 -0.8015 -0.2819
vn -0.7093 -0.5943 0.3791
vn 0.9390 -0.0728 0.3360
vn -0.3362 0.0660 0.9395
vn 0.6549 0.6697 -0.3501
vn -0.5938 0.7393 0.3174
vn -0.3319 -0.7089 -0.6223
vn -0.4512 0.7021 -0.5508
vn 0.3331 -0.7089 0.6217
vn 0.2073 0.7021 0.6812
vn 0.7097 -0.5936 -0.3794
vn 0.5233 0.8049 -0.2797
vn -0.3319 0.7089 -0.6223
vn -0.4512 -0.7021 -0.5508
vn 0.7097 0.5936 -0.3794
vn 0.5233 -0.8049 -0.2797
vn 0.3331 0.7089 0.6217
vn 0.2073 -0.7021 0.6812
vn 0.2424 0.0728 -0.9675
vn -0.9679 -0.0660 -0.2424
vn 0.6549 -0.6697 -0.3501
vn -0.5938 -0.7393 0.3174
vn 0.9390 0.0728 0.3360
vn -0.3362 -0.0660 0.9395
vn 0.5274 0.8015 -0.2819
vn -0.7093 0.5943 0.3791
vn -0.2127 -0.6879 -0.6939
vn -0.5661 0.6685 -0.4822
vn -0.4509 -0.8594 0.2410
vn -0.7578 0.5114 0.4051
vn 0.4588 -0.6879 0.5624
vn 0.0864 0.6685 0.7386
vn 0.7981 -0.4256 -0.4266
vn 0.3747 0.9053 -0.2003
vn 0.2170 0.2152 -0.9522
vn -0.9469 -0.1959 -0.2550
vn 0.7572 -0.5126 -0.4048
vn -0.4556 -0.8562 0.2435
vn 0.9122 0.2152 0.3486
vn -0.3141 -0.1959 0.9290
vn 0.3797 0.9026 -0.2029
vn -0.7976 0.4267 0.4263
vn -0.0984 -0.6395 -0.7625
vn -0.6723 0.6104 -0.4188
vn -0.2943 -0.9427 0.1573
vn -0.8311 0.3344 0.4443
vn 0.5793 -0.6395 0.5055
vn -0.0253 0.6104 0.7917
vn 0.8558 -0.2415 -0.4574
vn 0.2116 0.9708 -0.1131
vn 0.1674 0.3483 -0.9223
vn -0.9054 -0.3193 -0.2797
vn 0.8307 -0.3360 -0.4440
vn -0.2998 -0.9405 0.1602
vn 0.8599 0.3483 0.3732
vn -0.2705 -0.3193 0.9082
vn 0.2172 0.9692 -0.1161
vn -0.8555 0.2430 0.4573
vn 0.0060 -0.5648 -0.8252
vn -0.7661 0.5305 -0.3628
vn -0.1264 -0.9897 0.0676
vn -0.8726 0.1449 0.4664
vn 0.6895 -0.5648 0.4535
vn -0.1240 0.5305 0.8385
vn 0.8809 -0.0483 -0.4708
vn 0.0404 0.9989 -0.0216
vn -0.2041 -0.7089 -0.6751
vn -0.3351 0.7021 -0.6283
vn 0.2054 -0.7089 0.6747
vn 0.0704 0.7021 0.7086
vn 0.7701 -0.5936 -0.2336
vn 0.5679 0.8049 -0.1723
vn -0.2041 0.7089 -0.6751
vn -0.3351 -0.7021 -0.6283
vn 0.7701 0.5936 -0.2336
vn 0.5679 -0.8049 -0.1723
vn 0.2054 0.7089 0.6747
vn 0.0704 -0.7021 0.7086
vn 0.4264 0.0728 -0.9016
vn -0.9020 -0.0660 -0.4266
vn 0.7106 -0.6698 -0.2156
vn -0.6444 -0.7393 0.1955
vn 0.8555 0.0728 0.5127
vn -0.5130 -0.0660 0.8559
vn 0.5723 0.8015 -0.1736
vn -0.7696 0.5943 0.2335
vn -0.0732 -0.6879 -0.7221
vn -0.4612 0.6685 -0.5834
vn -0.4893 -0.8594 0.1484
vn -0.8223 0.5115 0.2494
vn 0.3403 -0.6879 0.6411
vn -0.0593 0.6685 0.7413
vn 0.8660 -0.4256 -0.2627
vn 0.4066 0.9053 -0.1233
vn 0.3985 0.2152 -0.8915
vn -0.8790 -0.1959 -0.4348
vn 0.8217 -0.5126 -0.2492
vn -0.4944 -0.8562 0.1500
vn 0.8267 0.2152 0.5199
vn -0.4893 -0.1959 0.8498
vn 0.4120 0.9026 -0.1250
vn -0.8654 0.4267 0.2625
vn 0.0522 -0.6395 -0.7670
vn -0.5777 0.6104 -0.5419
vn -0.3193 -0.9427 0.0969
vn -0.9018 0.3344 0.2736
vn 0.4696 -0.6395 0.6088
vn -0.1792 0.6104 0.7715
vn 0.9286 -0.2415 -0.2817
vn 0.2296 0.9708 -0.0697
vn 0.3441 0.3483 -0.8719
vn -0.8335 -0.3193 -0.4510
vn 0.9013 -0.3360 -0.2734
vn -0.3253 -0.9405 0.0987
vn 0.7705 0.3483 0.5338
vn -0.4425 -0.3193 0.8380
vn 0.2357 0.9692 -0.0715
vn -0.9283 0.2430 0.2816
vn 0.1669 -0.5648 -0.8082
vn -0.6806 0.5305 -0.5053
vn -0.1372 -0.9897 0.0416
vn -0.9468 0.1449 0.2872
vn 0.5878 -0.5647 0.5793
vn -0.2852 0.5306 0.7982
vn 0.9558 -0.0483 -0.2899
vn 0.0439 0.9989 -0.0133
vn 0.2657 0.4664 -0.8437
vn -0.7667 -0.4322 -0.4747
vn 0.9466 -0.1466 -0.2871
vn -0.1435 -0.9887 0.0435
vn 0.6896 0.4664 0.5539
vn -0.3738 -0.4322 0.8206
vn 0.0503 0.9986 -0.0153
vn -0.9557 0.0501 0.2899
vn 0.2657 -0.4664 -0.8437
vn -0.7667 0.4322 -0.4747
vn 0.0503 -0.9986 -0.0153
vn -0.9557 -0.0501 0.2899
vn 0.6896 -0.4664 0.5539
vn -0.3738 0.4322 0.8206
vn 0.9466 0.1466 -0.2871
vn -0.1435 0.9887 0.0435
vn 0.1669 0.5648 -0.8082
vn -0.6806 -0.5305 -0.5053
vn 0.9558 0.0483 -0.2899
vn 0.0439 -0.9989 -0.0133
vn 0.5878 0.5648 0.5793
vn -0.2852 -0.5305 0.7982
vn -0.1372 0.9897 0.0416
vn -0.9468 -0.1449 0.2872
vn 0.3441 -0.3483 -0.8719
vn -0.8335 0.3193 -0.4510
vn 0.2357 -0.9692 -0.0715
vn -0.9283 -0.2430 0.2816
vn 0.7705 -0.3483 0.5338
vn -0.4425 0.3193 0.8380
vn 0.9013 0.3360 -0.2734
vn -0.3253 0.9405 0.0987
vn 0.0522 0.6395 -0.7670
vn -0.5777 -0.6104 -0.5419
vn 0.9286 0.2415 -0.2817
vn 0.2296 -0.9708 -0.0697
vn 0.4696 0.6395 0.6088
vn -0.1792 -0.6104 0.7715
vn -0.3193 0.9427 0.0969
vn -0.9018 -0.3344 0.2736
vn 0.3985 -0.2152 -0.8915
vn -0.8790 0.1959 -0.4348
vn 0.4120 -0.9026 -0.1250
vn -0.8654 -0.4267 0.2625
vn 0.8267 -0.2152 0.5199
vn -0.4893 0.1959 0.8498
vn 0.8217 0.5126 -0.2492
vn -0.4944 0.8562 0.1500
vn -0.0732 0.6879 -0.7221
vn -0.4612 -0.6685 -0.5834
vn 0.8660 0.4256 -0.2627
vn 0.4066 -0.9053 -0.1233
vn 0.3403 0.6879 0.6411
vn -0.0593 -0.6685 0.7413
vn -0.4893 0.8594 0.1484
vn -0.8223 -0.5115 0.2494
vn 0.4264 -0.0728 -0.9016
vn -0.9020 0.0660 -0.4266
vn 0.5723 -0.8015 -0.1736
vn -0.7696 -0.5943 0.2335
vn 0.8555 -0.0728 0.5127
vn -0.5130 0.0660 0.8559
vn 0.7106 0.6698 -0.2156
vn -0.6444 0.7393 0.1955
vn 0.4252 -0.4664 -0.7757
vn -0.6594 0.4322 -0.6151
vn 0.0523 -0.9986 -0.0052
vn -0.9939 -0.0501 0.0979
vn 0.5683 -0.4664 0.6778
vn -0.5267 0.4322 0.7319
vn 0.9844 0.1466 -0.0970
vn -0.1493 0.9887 0.0147
vn 0.3213 0.5648 -0.7601
vn -0.5689 -0.5305 -0.6284
vn 0.9940 0.0483 -0.0979
vn 0.0456 -0.9989 -0.0045
vn 0.4635 0.5648 0.6828
vn -0.4354 -0.5305 0.7273
vn -0.1426 0.9897 0.0140
vn -0.9847 -0.1448 0.0970
vn 0.5076 -0.3483 -0.7881
vn -0.7295 0.3193 -0.6049
vn 0.2451 -0.9692 -0.0241
vn -0.9653 -0.2430 0.0951
vn 0.6516 -0.3483 0.6739
vn -0.5975 0.3193 0.7356
vn 0.9373 0.3360 -0.0923
vn -0.3383 0.9405 0.0333
vn 0.2009 0.6395 -0.7421
vn -0.4608 -0.6104 -0.6442
vn 0.9657 0.2415 -0.0951
vn 0.2388 -0.9708 -0.0235
vn 0.3418 0.6395 0.6887
vn -0.3263 -0.6104 0.7217
vn -0.3321 0.9427 0.0327
vn -0.9379 -0.3344 0.0924
vn 0.5648 -0.2152 -0.7967
vn -0.7773 0.1959 -0.5979
vn 0.4284 -0.9026 -0.0422
vn -0.9000 -0.4267 0.0886
vn 0.7094 -0.2152 0.6712
vn -0.6457 0.1959 0.7381
vn 0.8545 0.5126 -0.0842
vn -0.5141 0.8562 0.0506
vn 0.0690 0.6879 -0.7225
vn -0.3385 -0.6685 -0.6622
vn 0.9006 0.4256 -0.0887
vn 0.4228 -0.9052 -0.0416
vn 0.2087 0.6879 0.6951
vn -0.2028 -0.6685 0.7155
vn -0.5088 0.8594 0.0501
vn -0.8552 -0.5114 0.0842
vn 0.5941 -0.0728 -0.8011
vn -0.8015 0.0660 -0.5944
vn 0.5952 -0.8014 -0.0586
vn -0.8004 -0.5943 0.0788
vn 0.7390 -0.0728 0.6698
vn -0.6701 0.0660 0.7393
vn 0.7390 0.6698 -0.0728
vn -0.6701 0.7393 0.0660
vn -0.0684 -0.7090 -0.7019
vn -0.2061 0.7021 -0.6816
vn 0.0698 -0.7089 0.7018
vn -0.0692 0.7021 0.7087
vn 0.8009 -0.5936 -0.0789
vn 0.5906 0.8049 -0.0582
vn -0.0684 0.7089 -0.7019
vn -0.2061 -0.7021 -0.6816
vn 0.8009 0.5936 -0.0789
vn 0.5906 -0.8049 -0.0582
vn 0.0698 0.7089 0.7018
vn -0.0692 -0.7021 0.7087
vn 0.5941 0.0728 -0.8011
vn -0.8015 -0.0660 -0.5944
vn 0.7390 -0.6698 -0.0728
vn -0.6701 -0.7393 0.0660
vn 0.7390 0.0728 0.6698
vn -0.6701 -0.0660 0.7393
vn 0.5952 0.8014 -0.0586
vn -0.8004 0.5943 0.0788
vn 0.0690 -0.6879 -0.7225
vn -0.3385 0.6685 -0.6622
vn -0.5088 -0.8594 0.0501
vn -0.8552 0.5114 0.0842
vn 0.2087 -0.6879 0.6951
vn -0.2028 0.6685 0.7155
vn 0.9006 -0.4256 -0.0887
vn 0.4228 0.9052 -0.0416
vn 0.5648 0.2152 -0.7967
vn -0.7773 -0.1959 -0.5979
vn 0.8545 -0.5126 -0.0842
vn -0.5141 -0.8562 0.0506
vn 0.7094 0.2152 0.6712
vn -0.6457 -0.1959 0.7381
vn 0.4284 0.9026 -0.0422
vn -0.9000 0.4267 0.0886
vn 0.2009 -0.6395 -0.7421
vn -0.4608 0.6104 -0.6442
vn -0.3321 -0.9427 0.0327
vn -0.9379 0.3344 0.0924
vn 0.3418 -0.6395 0.6887
vn -0.3263 0.6104 0.7217
vn 0.9657 -0.2415 -0.0951
vn 0.2388 0.9708 -0.0235
vn 0.5076 0.3483 -0.7881
vn -0.7295 -0.3193 -0.6049
vn 0.9373 -0.3360 -0.0923
vn -0.3383 -0.9405 0.0333
vn 0.6516 0.3483 0.6739
vn -0.5975 -0.3193 0.7356
vn 0.2451 0.9692 -0.0241
vn -0.9653 0.2430 0.0951
vn 0.3213 -0.5648 -0.7601
vn -0.5689 0.5305 -0.6283
vn -0.1426 -0.9897 0.0140
vn -0.9847 0.1448 0.0970
vn 0.4635 -0.5648 0.6828
vn -0.4354 0.5305 0.7273
vn 0.9940 -0.0483 -0.0979
vn 0.0456 0.9989 -0.0045
vn 0.4252 0.4664 -0.7757
vn -0.6594 -0.4322 -0.6151
vn 0.9844 -0.1466 -0.0970
vn -0.1493 -0.9887 0.0147
vn 0.5683 0.4664 0.6778
vn -0.5267 -0.4322 0.7319
vn 0.0523 0.9986 -0.0052
vn -0.9939 0.0501 0.0979
vn 0.7390 0.0728 -0.6698
vn -0.6701 -0.0660 -0.7393
vn 0.7390 -0.6698 0.0728
vn -0.6701 -0.7393 -0.0660
vn 0.5941 0.0728 0.8011
vn -0.8015 -0.0660 0.5944
vn 0.5952 0.8015 0.0586
vn -0.8004 0.5943 -0.0788
vn 0.2087 -0.6879 -0.6951
vn -0.2028 0.6685 -0.7155
vn -0.5088 -0.8594 -0.0501
vn -0.8552 0.5114 -0.0842
vn 0.0690 -0.6879 0.7225
vn -0.3385 0.6685 0.6622
vn 0.9006 -0.4256 0.0887
vn 0.4228 0.9053 0.0416
vn 0.7094 0.2152 -0.6712
vn -0.6457 -0.1959 -0.7381
vn 0.8545 -0.5126 0.0842
vn -0.5141 -0.8562 -0.0506
vn 0.5648 0.2152 0.7967
vn -0.7773 -0.1959 0.5979
vn 0.4284 0.9026 0.0422
vn -0.9000 0.4267 -0.0886
vn 0.3418 -0.6395 -0.6887
vn -0.3263 0.6104 -0.7217
vn -0.3321 -0.9427 -0.0327
vn -0.9379 0.3344 -0.0924
vn 0.2009 -0.6395 0.7421
vn -0.4608 0.6104 0.6442
vn 0.9657 -0.2415 0.0951
vn 0.2388 0.9708 0.0235
vn 0.6516 0.3483 -0.6739
vn -0.5975 -0.3193 -0.7356
vn 0.9373 -0.3360 0.0923
vn -0.3383 -0.9405 -0.0333
vn 0.5076 0.3483 0.7881
vn -0.7295 -0.3193 0.6049
vn 0.2451 0.9692 0.0241
vn -0.9653 0.2430 -0.0951
vn 0.4635 -0.5648 -0.6828
vn -0.4354 0.5305 -0.7273
vn -0.1426 -0.9897 -0.0140
vn -0.9847 0.1448 -0.0970
vn 0.3213 -0.5648 0.7601
vn -0.5689 0.5305 0.6283
vn 0.9940 -0.0483 0.0979
vn 0.0456 0.9989 0.0045
vn 0.5683 0.4664 -0.6778
vn -0.5267 -0.4322 -0.7319
vn 0.9844 -0.1466 0.0970
vn -0.1493 -0.9887 -0.0147
vn 0.4252 0.4664 0.7757
vn -0.6594 -0.4322 0.6151
vn 0.0523 0.9986 0.0052
vn -0.9939 0.0501 -0.0979
vn 0.5683 -0.4664 -0.6778
vn -0.5267 0.4322 -0.7319
vn 0.0523 -0.9986 0.0052
vn -0.9939 -0.0501 -0.0979
vn 0.4252 -0.4664 0.7757
vn -0.6594 0.4322 0.6151
vn 0.9844 0.1466 0.0970
vn -0.1493 0.9887 -0.0147
vn 0.4635 0.5648 -0.6828
vn -0.4354 -0.5305 -0.7273
vn 0.9940 0.0483 0.0979
vn 0.0456 -0.9989 0.0045
vn 0.3213 0.5648 0.7601
vn -0.5689 -0.5305 0.6284
vn -0.1426 0.9897 -0.0141
vn -0.9847 -0.1448 -0.0970
vn 0.6516 -0.3483 -0.6739
vn -0.5975 0.3193 -0.7356
vn 0.2451 -0.9692 0.0241
vn -0.9653 -0.2430 -0.0951
vn 0.5076 -0.3483 0.7881
vn -0.7295 0.3193 0.6049
vn 0.9373 0.3360 0.0923
vn -0.3383 0.9405 -0.0333
vn 0.3418 0.6395 -0.6887
vn -0.3263 -0.6104 -0.7217
vn 0.9657 0.2415 0.0951
vn 0.2388 -0.9708 0.0235
vn 0.2009 0.6395 0.7421
vn -0.4608 -0.6104 0.6442
vn -0.3321 0.9427 -0.0327
vn -0.9379 -0.3344 -0.0924
vn 0.7094 -0.2152 -0.6712
vn -0.6457 0.1959 -0.7381
vn 0.4284 -0.9026 0.0422
vn -0.9000 -0.4267 -0.0886
vn 0.5648 -0.2152 0.7967
vn -0.7773 0.1959 0.5979
vn 0.8545 0.5126 0.0842
vn -0.5141 0.8562 -0.0506
vn 0.2087 0.6879 -0.6951
vn -0.2028 -0.6685 -0.7155
vn 0.9006 0.4256 0.0887
vn 0.4228 -0.9053 0.0416
vn 0.0690 0.6879 0.7225
vn -0.3385 -0.6685 0.6622
vn -0.5088 0.8594 -0.0501
vn -0.8552 -0.5114 -0.0842
vn 0.7390 -0.0728 -0.6698
vn -0.6701 0.0660 -0.7393
vn 0.5952 -0.8015 0.0586
vn -0.8004 -0.5943 -0.0788
vn 0.5941 -0.0728 0.8011
vn -0.8015 0.0660 0.5944
vn 0.7390 0.6698 0.0728
vn -0.6701 0.7393 -0.0660
vn 0.0698 -0.7089 -0.7018
vn -0.0692 0.7021 -0.7087
vn -0.0684 -0.7089 0.7019
vn -0.2061 0.7021 0.6816
vn 0.8009 -0.5936 0.0789
vn 0.5906 0.8049 0.0582
vn 0.0698 0.7089 -0.7018
vn -0.0692 -0.7021 -0.7087
vn 0.8009 0.5936 0.0789
vn 0.5906 -0.8049 0.0582
vn -0.0684 0.7089 0.7019
vn -0.2061 -0.7021 0.6816
vn 0.5878 0.5648 -0.5793
vn -0.2852 -0.5305 -0.7982
vn 0.9558 0.0483 0.2899
vn 0.0439 -0.9989 0.0133
vn 0.1669 0.5648 0.8082
vn -0.6806 -0.5305 0.5053
vn -0.1372 0.9897 -0.0416
vn -0.9468 -0.1449 -0.2872
vn 0.7705 -0.3483 -0.5338
vn -0.4425 0.3193 -0.8380
vn 0.2357 -0.9692 0.0715
vn -0.9282 -0.2430 -0.2816
vn 0.3441 -0.3483 0.8719
vn -0.8335 0.3193 0.4510
vn 0.9013 0.3360 0.2734
vn -0.3253 0.9405 -0.0987
vn 0.4696 0.6395 -0.6088
vn -0.1792 -0.6104 -0.7715
vn 0.9286 0.2415 0.2817
vn 0.2296 -0.9708 0.0697
vn 0.0522 0.6395 0.7670
vn -0.5777 -0.6104 0.5419
vn -0.3193 0.9427 -0.0969
vn -0.9018 -0.3344 -0.2736
vn 0.8267 -0.2152 -0.5199
vn -0.4893 0.1959 -0.8498
vn 0.4120 -0.9026 0.1250
vn -0.8654 -0.4267 -0.2625
vn 0.3985 -0.2152 0.8915
vn -0.8790 0.1959 0.4348
vn 0.8217 0.5126 0.2492
vn -0.4944 0.8562 -0.1500
vn 0.3403 0.6879 -0.6411
vn -0.0593 -0.6685 -0.7413
vn 0.8660 0.4256 0.2627
vn 0.4066 -0.9053 0.1233
vn -0.0732 0.6879 0.7221
vn -0.4612 -0.6685 0.5834
vn -0.4893 0.8594 -0.1484
vn -0.8223 -0.5115 -0.2494
vn 0.8555 -0.0728 -0.5127
vn -0.5130 0.0660 -0.8559
vn 0.5723 -0.8015 0.1736
vn -0.7696 -0.5943 -0.2335
vn 0.4264 -0.0728 0.9016
vn -0.9020 0.0660 0.4266
vn 0.7106 0.6697 0.2156
vn -0.6444 0.7393 -0.1955
vn 0.2054 -0.7089 -0.6747
vn 0.0704 0.7021 -0.7086
vn -0.2041 -0.7089 0.6751
vn -0.3351 0.7021 0.6283
vn 0.7701 -0.5936 0.2336
vn 0.5679 0.8049 0.1723
vn 0.2054 0.7089 -0.6747
vn 0.0704 -0.7021 -0.7086
vn 0.7701 0.5936 0.2336
vn 0.5679 -0.8049 0.1723
vn -0.2041 0.7089 0.6751
vn -0.3351 -0.7021 0.6283
vn 0.8555 0.0728 -0.5127
vn -0.5130 -0.0660 -0.8559
vn 0.7106 -0.6697 0.2156
vn -0.6444 -0.7393 -0.1955
vn 0.4264 0.0728 0.9016
vn -0.9020 -0.0660 0.4266
vn 0.5723 0.8015 0.1736
vn -0.7696 0.5943 -0.2335
vn 0.3403 -0.6879 -0.6411
vn -0.0593 0.6685 -0.7413
vn -0.4893 -0.8594 -0.1484
vn -0.8223 0.5115 -0.2494
vn -0.0732 -0.6879 0.7221
vn -0.4612 0.6685 0.5834
vn 0.8660 -0.4256 0.2627
vn 0.4066 0.9053 0.1233
vn 0.8267 0.2152 -0.5199
vn -0.4893 -0.1959 -0.8498
vn 0.8217 -0.5126 0.2492
vn -0.4944 -0.8562 -0.1500
vn 0.3985 0.2152 0.8915
vn -0.8790 -0.1959 0.4348
vn 0.4120 0.9026 0.1250
vn -0.8654 0.4267 -0.2625
vn 0.4696 -0.6395 -0.6088
vn -0.1792 0.6104 -0.7715
vn -0.3193 -0.9427 -0.0969
vn -0.9018 0.3344 -0.2736
vn 0.0522 -0.6395 0.7670
vn -0.5777 0.6104 0.5419
vn 0.9286 -0.2415 0.2817
vn 0.2296 0.9708 0.0697
vn 0.7705 0.3483 -0.5338
vn -0.4425 -0.3193 -0.8380
vn 0.9013 -0.3360 0.2734
vn -0.3253 -0.9405 -0.0987
vn 0.3441 0.3483 0.8719
vn -0.8335 -0.3193 0.4510
vn 0.2357 0.9692 0.0715
vn -0.9283 0.2430 -0.2816
vn 0.5878 -0.5647 -0.5793
vn -0.2852 0.5306 -0.7982
vn -0.1372 -0.9897 -0.0416
vn -0.9468 0.1449 -0.2872
vn 0.1669 -0.5648 0.8082
vn -0.6806 0.5305 0.5053
vn 0.9558 -0.0483 0.2899
vn 0.0439 0.9989 0.0133
vn 0.6896 0.4664 -0.5539
vn -0.3738 -0.4322 -0.8206
vn 0.9466 -0.1466 0.2871
vn -0.1435 -0.9887 -0.0435
vn 0.2657 0.4664 0.8437
vn -0.7667 -0.4322 0.4747
vn 0.0503 0.9986 0.0153
vn -0.9557 0.0501 -0.2899
vn 0.6896 -0.4664 -0.5539
vn -0.3738 0.4322 -0.8206
vn 0.0503 -0.9986 0.0153
vn -0.9557 -0.0501 -0.2899
vn 0.2657 -0.4664 0.8437
vn -0.7667 0.4322 0.4747
vn 0.9466 0.1466 0.2871
vn -0.1435 0.9887 -0.0435
vn 0.4588 -0.6879 -0.5624
vn 0.0864 0.6685 -0.7386
vn -0.4509 -0.8594 -0.2410
vn -0.7578 0.5114 -0.4051
vn -0.2127 -0.6879 0.6939
vn -0.5661 0.6685 0.4822
vn 0.7981 -0.4256 0.4266
vn 0.3747 0.9053 0.2003
vn 0.9122 0.2152 -0.3486
vn -0.3141 -0.1959 -0.9290
vn 0.7572 -0.5126 0.4048
vn -0.4556 -0.8562 -0.2435
vn 0.2170 0.2152 0.9522
vn -0.9469 -0.1959 0.2550
vn 0.3797 0.9026 0.2029
vn -0.7976 0.4267 -0.4263
vn 0.5793 -0.6395 -0.5055
vn -0.0253 0.6104 -0.7917
vn -0.2943 -0.9427 -0.1573
vn -0.8311 0.3344 -0.4443
vn -0.0984 -0.6395 0.7625
vn -0.6723 0.6104 0.4188
vn 0.8558 -0.2415 0.4574
vn 0.2116 0.9708 0.1131
vn 0.8599 0.3483 -0.3732
vn -0.2705 -0.3193 -0.9082
vn 0.8307 -0.3360 0.4440
vn -0.2998 -0.9405 -0.1602
vn 0.1674 0.3483 0.9223
vn -0.9054 -0.3193 0.2797
vn 0.2172 0.9692 0.1161
vn -0.8555 0.2430 -0.4573
vn 0.6895 -0.5648 -0.4535
vn -0.1240 0.5305 -0.8385
vn -0.1264 -0.9897 -0.0676
vn -0.8726 0.1449 -0.4664
vn 0.0060 -0.5648 0.8252
vn -0.7661 0.5305 0.3628
vn 0.8809 -0.0483 0.4708
vn 0.0404 0.9989 0.0216
vn 0.7845 0.4664 -0.4087
vn -0.2065 -0.4323 -0.8778
vn 0.8724 -0.1466 0.4663
vn -0.1323 -0.9887 -0.0707
vn 0.0960 0.4664 0.8793
vn -0.8446 -0.4322 0.3160
vn 0.0463 0.9986 0.0248
vn -0.8808 0.0501 -0.4708
vn 0.7845 -0.4664 -0.4087
vn -0.2065 0.4323 -0.8778
vn 0.0463 -0.9986 0.0248
vn -0.8808 -0.0501 -0.4708
vn 0.0960 -0.4664 0.8793
vn -0.8446 0.4322 0.3160
vn 0.8724 0.1466 0.4663
vn -0.1323 0.9887 -0.0707
vn 0.6895 0.5648 -0.4535
vn -0.1240 -0.5305 -0.8385
vn 0.8809 0.0483 0.4708
vn 0.0404 -0.9989 0.0216
vn 0.0060 0.5648 0.8252
vn -0.7661 -0.5306 0.3628
vn -0.1264 0.9897 -0.0676
vn -0.8726 -0.1449 -0.4664
vn 0.8599 -0.3483 -0.3732
vn -0.2705 0.3193 -0.9082
vn 0.2172 -0.9692 0.1161
vn -0.8555 -0.2430 -0.4573
vn 0.1674 -0.3483 0.9223
vn -0.9054 0.3193 0.2797
vn 0.8307 0.3360 0.4440
vn -0.2998 0.9405 -0.1602
vn 0.5793 0.6395 -0.5055
vn -0.0253 -0.6104 -0.7917
vn 0.8558 0.2415 0.4575
vn 0.2116 -0.9708 0.1131
vn -0.0984 0.6395 0.7625
vn -0.6723 -0.6104 0.4188
vn -0.2943 0.9427 -0.1573
vn -0.8311 -0.3344 -0.4443
vn 0.9122 -0.2152 -0.3486
vn -0.3141 0.1959 -0.9290
vn 0.3797 -0.9026 0.2029
vn -0.7976 -0.4268 -0.4263
vn 0.2170 -0.2152 0.9522
vn -0.9469 0.1959 0.2550
vn 0.7572 0.5126 0.4048
vn -0.4556 0.8562 -0.2435
vn 0.4588 0.6879 -0.5624
vn 0.0864 -0.6685 -0.7386
vn 0.7981 0.4256 0.4266
vn 0.3747 -0.9053 0.2003
vn -0.2127 0.6879 0.6939
vn -0.5661 -0.6685 0.4822
vn -0.4509 0.8594 -0.2410
vn -0.7578 -0.5114 -0.4051
vn 0.9390 -0.0728 -0.3360
vn -0.3362 0.0660 -0.9395
vn 0.5274 -0.8014 0.2819
vn -0.7093 -0.5943 -0.3791
vn 0.2423 -0.0728 0.9675
vn -0.9679 0.0660 0.2424
vn 0.6549 0.6697 0.3501
vn -0.5938 0.7393 -0.3174
vn 0.3331 -0.7089 -0.6217
vn 0.2073 0.7021 -0.6812
vn -0.3319 -0.7089 0.6223
vn -0.4512 0.7021 0.5508
vn 0.7097 -0.5936 0.3794
vn 0.5233 0.8049 0.2797
vn 0.3331 0.7089 -0.6217
vn 0.2073 -0.7021 -0.6812
vn 0.7097 0.5936 0.3794
vn 0.5233 -0.8049 0.2797
vn -0.3319 0.7089 0.6223
vn -0.4512 -0.7021 0.5508
vn 0.9390 0.0728 -0.3360
vn -0.3362 -0.0660 -0.9395
vn 0.6549 -0.6697 0.3501
vn -0.5938 -0.7393 -0.3174
vn 0.2423 0.0728 0.9675
vn -0.9679 -0.0660 0.2424
vn 0.5274 0.8014 0.2819
vn -0.7093 0.5943 -0.3791
vn 0.9162 -0.3483 -0.1983
vn -0.0881 0.3193 -0.9435
vn 0.1904 -0.9692 0.1563
vn -0.7498 -0.2430 -0.6154
vn -0.0158 -0.3483 0.9373
vn -0.9426 0.3193 0.0977
vn 0.7281 0.3360 0.5975
vn -0.2627 0.9405 -0.2156
vn 0.6668 0.6395 -0.3827
vn 0.1297 -0.6104 -0.7814
vn 0.7501 0.2415 0.6156
vn 0.1855 -0.9708 0.1522
vn -0.2453 0.6395 0.7286
vn -0.7411 -0.6104 0.2796
vn -0.2580 0.9427 -0.2117
vn -0.7285 -0.3344 -0.5979
vn 0.9627 -0.2152 -0.1639
vn -0.1268 0.1959 -0.9724
vn 0.3328 -0.9026 0.2731
vn -0.6991 -0.4267 -0.5737
vn 0.0270 -0.2152 0.9762
vn -0.9785 0.1959 0.0653
vn 0.6637 0.5126 0.5447
vn -0.3993 0.8562 -0.3277
vn 0.5597 0.6879 -0.4621
vn 0.2289 -0.6685 -0.7076
vn 0.6995 0.4256 0.5741
vn 0.3284 -0.9053 0.2695
vn -0.3440 0.6879 0.6391
vn -0.6493 -0.6685 0.3625
vn -0.3952 0.8594 -0.3243
vn -0.6643 -0.5114 -0.5451
vn 0.9866 -0.0728 -0.1463
vn -0.1464 0.0660 -0.9870
vn 0.4623 -0.8014 0.3794
vn -0.6217 -0.5943 -0.5102
vn 0.0489 -0.0728 0.9961
vn -0.9966 0.0660 0.0489
vn 0.5740 0.6697 0.4711
vn -0.5205 0.7393 -0.4272
vn 0.4479 -0.7089 -0.5447
vn 0.3362 0.7021 -0.6277
vn -0.4469 -0.7089 0.5456
vn -0.5500 0.7021 0.4522
vn 0.6221 -0.5936 0.5105
vn 0.4587 0.8049 0.3765
vn 0.4479 0.7089 -0.5447
vn 0.3362 -0.7021 -0.6277
vn 0.6221 0.5936 0.5105
vn 0.4587 -0.8049 0.3765
vn -0.4469 0.7089 0.5456
vn -0.5500 -0.7021 0.4522
vn 0.9866 0.0728 -0.1463
vn -0.1464 -0.0660 -0.9870
vn 0.5740 -0.6697 0.4711
vn -0.5205 -0.7393 -0.4272
vn 0.0489 0.0728 0.9961
vn -0.9966 -0.0660 0.0489
vn 0.4623 0.8014 0.3794
vn -0.6217 0.5943 -0.5102
vn 0.5597 -0.6879 -0.4621
vn 0.2289 0.6685 -0.7076
vn -0.3952 -0.8594 -0.3243
vn -0.6643 0.5114 -0.5451
vn -0.3440 -0.6879 0.6391
vn -0.6493 0.6685 0.3625
vn 0.6995 -0.4256 0.5741
vn 0.3284 0.9053 0.2695
vn 0.9627 0.2152 -0.1639
vn -0.1268 -0.1959 -0.9724
vn 0.6637 -0.5126 0.5447
vn -0.3993 -0.8562 -0.3277
vn 0.0270 0.2152 0.9762
vn -0.9785 -0.1959 0.0653
vn 0.3328 0.9026 0.2731
vn -0.6991 0.4267 -0.5737
vn 0.6668 -0.6395 -0.3827
vn 0.1297 0.6104 -0.7814
vn -0.2580 -0.9427 -0.2117
vn -0.7285 0.3344 -0.5979
vn -0.2453 -0.6395 0.7286
vn -0.7411 0.6104 0.2796
vn 0.7501 -0.2415 0.6156
vn 0.1855 0.9708 0.1522
vn 0.9162 0.3483 -0.1983
vn -0.0881 -0.3193 -0.9435
vn 0.7281 -0.3360 0.5975
vn -0.2627 -0.9405 -0.2156
vn -0.0158 0.3483 0.9373
vn -0.9426 -0.3193 0.0977
vn 0.1904 0.9692 0.1563
vn -0.7498 0.2430 -0.6154
vn 0.7647 -0.5648 -0.3103
vn 0.0420 0.5305 -0.8466
vn -0.1108 -0.9897 -0.0909
vn -0.7649 0.1449 -0.6277
vn -0.1551 -0.5648 0.8105
vn -0.8222 0.5306 0.2064
vn 0.7721 -0.0483 0.6337
vn 0.0354 0.9989 0.0291
vn 0.8491 0.4664 -0.2479
vn -0.0313 -0.4322 -0.9012
vn 0.7647 -0.1466 0.6275
vn -0.1159 -0.9887 -0.0951
vn -0.0774 0.4664 0.8812
vn -0.8900 -0.4322 0.1451
vn 0.0406 0.9986 0.0333
vn -0.7720 0.0501 -0.6336
vn 0.8491 -0.4664 -0.2479
vn -0.0313 0.4322 -0.9012
vn 0.0406 -0.9986 0.0333
vn -0.7720 -0.0501 -0.6336
vn -0.0774 -0.4664 0.8812
vn -0.8900 0.4322 0.1451
vn 0.7647 0.1466 0.6275
vn -0.1159 0.9887 -0.0951
vn 0.7647 0.5648 -0.3103
vn 0.0420 -0.5305 -0.8466
vn 0.7721 0.0483 0.6337
vn 0.0354 -0.9989 0.0291
vn -0.1551 0.5648 0.8105
vn -0.8222 -0.5306 0.2064
vn -0.1108 0.9897 -0.0909
vn -0.7649 -0.1449 -0.6277
vn 0.9762 0.2152 0.0270
vn 0.0653 -0.1959 -0.9785
vn 0.5447 -0.5126 0.6637
vn -0.3277 -0.8562 -0.3993
vn -0.1639 0.2152 0.9627
vn -0.9724 -0.1959 -0.1268
vn 0.2731 0.9026 0.3328
vn -0.5737 0.4267 -0.6991
vn 0.7286 -0.6395 -0.2453
vn 0.2796 0.6104 -0.7411
vn -0.2117 -0.9427 -0.2580
vn -0.5979 0.3344 -0.7285
vn -0.3827 -0.6395 0.6668
vn -0.7814 0.6104 0.1297
vn 0.6156 -0.2415 0.7501
vn 0.1522 0.9708 0.1855
vn 0.9373 0.3483 -0.0158
vn 0.0977 -0.3193 -0.9426
vn 0.5975 -0.3360 0.7281
vn -0.2156 -0.9405 -0.2627
vn -0.1983 0.3483 0.9162
vn -0.9435 -0.3193 -0.0881
vn 0.1563 0.9692 0.1904
vn -0.6154 0.2430 -0.7498
vn 0.8105 -0.5648 -0.1551
vn 0.2064 0.5306 -0.8222
vn -0.0909 -0.9897 -0.1108
vn -0.6277 0.1449 -0.7649
vn -0.3103 -0.5648 0.7647
vn -0.8466 0.5305 0.0420
vn 0.6337 -0.0483 0.7721
vn 0.0291 0.9989 0.0354
vn 0.8812 0.4664 -0.0774
vn 0.1451 -0.4322 -0.8900
vn 0.6275 -0.1466 0.7647
vn -0.0951 -0.9887 -0.1159
vn -0.2479 0.4664 0.8491
vn -0.9012 -0.4322 -0.0313
vn 0.0333 0.9986 0.0406
vn -0.6336 0.0501 -0.7720
vn 0.8812 -0.4664 -0.0774
vn 0.1451 0.4322 -0.8900
vn 0.0333 -0.9986 0.0406
vn -0.6336 -0.0501 -0.7720
vn -0.2479 -0.4664 0.8491
vn -0.9012 0.4322 -0.0313
vn 0.6275 0.1466 0.7647
vn -0.0951 0.9887 -0.1159
vn 0.8105 0.5648 -0.1551
vn 0.2064 -0.5306 -0.8222
vn 0.6337 0.0483 0.7721
vn 0.0291 -0.9989 0.0354
vn -0.3103 0.5648 0.7647
vn -0.8466 -0.5305 0.0420
vn -0.0909 0.9897 -0.1108
vn -0.6277 -0.1449 -0.7649
vn 0.9373 -0.3483 -0.0158
vn 0.0977 0.3193 -0.9426
vn 0.1563 -0.9692 0.1904
vn -0.6154 -0.2430 -0.7498
vn -0.1983 -0.3483 0.9162
vn -0.9435 0.3193 -0.0881
vn 0.5975 0.3360 0.7281
vn -0.2156 0.9405 -0.2627
vn 0.7286 0.6395 -0.2453
vn 0.2796 -0.6104 -0.7411
vn 0.6156 0.2415 0.7501
vn 0.1522 -0.9708 0.1855
vn -0.3827 0.6395 0.6668
vn -0.7814 -0.6104 0.1297
vn -0.2117 0.9427 -0.2580
vn -0.5979 -0.3344 -0.7285
vn 0.9762 -0.2152 0.0270
vn 0.0653 0.1959 -0.9785
vn 0.2731 -0.9026 0.3328
vn -0.5737 -0.4267 -0.6991
vn -0.1639 -0.2152 0.9627
vn -0.9724 0.1959 -0.1268
vn 0.5447 0.5126 0.6637
vn -0.3277 0.8562 -0.3993
vn 0.6391 0.6879 -0.3440
vn 0.3625 -0.6685 -0.6493
vn 0.5741 0.4256 0.6995
vn 0.2695 -0.9053 0.3284
vn -0.4621 0.6879 0.5597
vn -0.7076 -0.6685 0.2289
vn -0.3243 0.8594 -0.3952
vn -0.5451 -0.5114 -0.6643
vn 0.9961 -0.0728 0.0490
vn 0.0490 0.0660 -0.9966
vn 0.3794 -0.8014 0.4623
vn -0.5102 -0.5943 -0.6217
vn -0.1463 -0.0728 0.9866
vn -0.9870 0.0660 -0.1464
vn 0.4711 0.6697 0.5740
vn -0.4272 0.7393 -0.5205
vn 0.5456 -0.7089 -0.4469
vn 0.4522 0.7021 -0.5500
vn -0.5447 -0.7089 0.4479
vn -0.6277 0.7021 0.3362
vn 0.5105 -0.5936 0.6221
vn 0.3765 0.8049 0.4587
vn 0.5456 0.7089 -0.4469
vn 0.4522 -0.7021 -0.5500
vn 0.5105 0.5936 0.6221
vn 0.3765 -0.8049 0.4587
vn -0.5447 0.7089 0.4479
vn -0.6277 -0.7021 0.3362
vn 0.9961 0.0728 0.0490
vn 0.0490 -0.0660 -0.9966
vn 0.4711 -0.6697 0.5740
vn -0.4272 -0.7393 -0.5205
vn -0.1463 0.0728 0.9866
vn -0.9870 -0.0660 -0.1464
vn 0.3794 0.8014 0.4623
vn -0.5102 0.5943 -0.6217
vn 0.6391 -0.6879 -0.3440
vn 0.3625 0.6685 -0.6493
vn -0.3243 -0.8594 -0.3952
vn -0.5451 0.5114 -0.6643
vn -0.4621 -0.6879 0.5597
vn -0.7076 0.6685 0.2289
vn 0.5741 -0.4256 0.6995
vn 0.2695 0.9053 0.3284
vn 0.7625 0.6395 -0.0984
vn 0.4188 -0.6104 -0.6723
vn 0.4574 0.2415 0.8558
vn 0.1131 -0.9708 0.2116
vn -0.5055 0.6395 0.5793
vn -0.7917 -0.6104 -0.0253
vn -0.1573 0.9427 -0.2943
vn -0.4443 -0.3344 -0.8311
vn 0.9522 -0.2152 0.2170
vn 0.2550 0.1959 -0.9469
vn 0.2029 -0.9026 0.3797
vn -0.4263 -0.4267 -0.7976
vn -0.3486 -0.2152 0.9122
vn -0.9290 0.1959 -0.3141
vn 0.4048 0.5126 0.7572
vn -0.2435 0.8562 -0.4556
vn 0.6939 0.6879 -0.2127
vn 0.4822 -0.6685 -0.5661
vn 0.4266 0.4256 0.7981
vn 0.2003 -0.9053 0.3747
vn -0.5624 0.6879 0.4588
vn -0.7386 -0.6685 0.0864
vn -0.2410 0.8594 -0.4509
vn -0.4051 -0.5115 -0.7578
vn 0.9675 -0.0728 0.2423
vn 0.2424 0.0660 -0.9679
vn 0.2819 -0.8014 0.5274
vn -0.3791 -0.5943 -0.7093
vn -0.3360 -0.0728 0.9390
vn -0.9395 0.0660 -0.3362
vn 0.3501 0.6697 0.6549
vn -0.3174 0.7393 -0.5939
vn 0.6223 -0.7089 -0.3318
vn 0.5508 0.7021 -0.4512
vn -0.6217 -0.7089 0.3331
vn -0.6812 0.7021 0.2073
vn 0.3794 -0.5936 0.7097
vn 0.2797 0.8049 0.5233
vn 0.6223 0.7089 -0.3319
vn 0.5508 -0.7021 -0.4512
vn 0.3794 0.5936 0.7097
vn 0.2797 -0.8049 0.5233
vn -0.6217 0.7089 0.3331
vn -0.6812 -0.7021 0.2073
vn 0.9675 0.0728 0.2423
vn 0.2424 -0.0660 -0.9679
vn 0.3501 -0.6697 0.6549
vn -0.3174 -0.7393 -0.5939
vn -0.3360 0.0728 0.9390
vn -0.9395 -0.0660 -0.3362
vn 0.2819 0.8014 0.5274
vn -0.3791 0.5943 -0.7093
vn 0.6939 -0.6879 -0.2127
vn 0.4822 0.6685 -0.5661
vn -0.2410 -0.8594 -0.4509
vn -0.4051 0.5114 -0.7578
vn -0.5624 -0.6879 0.4588
vn -0.7386 0.6685 0.0864
vn 0.4266 -0.4256 0.7981
vn 0.2003 0.9053 0.3747
vn 0.9522 0.2152 0.2170
vn 0.2550 -0.1959 -0.9469
vn 0.4048 -0.5126 0.7572
vn -0.2435 -0.8562 -0.4556
vn -0.3486 0.2152 0.9122
vn -0.9290 -0.1959 -0.3141
vn 0.2029 0.9026 0.3797
vn -0.4263 0.4267 -0.7976
vn 0.7625 -0.6395 -0.0984
vn 0.4188 0.6104 -0.6723
vn -0.1573 -0.9427 -0.2943
vn -0.4443 0.3344 -0.8311
vn -0.5055 -0.6395 0.5793
vn -0.7917 0.6104 -0.0253
vn 0.4574 -0.2415 0.8558
vn 0.1131 0.9708 0.2116
vn 0.9223 0.3483 0.1674
vn 0.2797 -0.3193 -0.9054
vn 0.4440 -0.3360 0.8307
vn -0.1602 -0.9405 -0.2998
vn -0.3732 0.3483 0.8599
vn -0.9082 -0.3193 -0.2705
vn 0.1161 0.9692 0.2172
vn -0.4573 0.2430 -0.8555
vn 0.8252 -0.5648 0.0060
vn 0.3628 0.5306 -0.7661
vn -0.0676 -0.9897 -0.1264
vn -0.4664 0.1449 -0.8726
vn -0.4535 -0.5648 0.6895
vn -0.8385 0.5305 -0.1240
vn 0.4708 -0.0483 0.8809
vn 0.0216 0.9989 0.0404
vn 0.8793 0.4664 0.0960
vn 0.3160 -0.4322 -0.8446
vn 0.4663 -0.1466 0.8724
vn -0.0707 -0.9887 -0.1323
vn -0.4087 0.4664 0.7845
vn -0.8778 -0.4323 -0.2065
vn 0.0248 0.9986 0.0463
vn -0.4708 0.0501 -0.8808
vn 0.8793 -0.4664 0.0960
vn 0.3160 0.4322 -0.8446
vn 0.0248 -0.9986 0.0463
vn -0.4708 -0.0501 -0.8808
vn -0.4087 -0.4664 0.7845
vn -0.8778 0.4323 -0.2065
vn 0.4663 0.1466 0.8724
vn -0.0707 0.9887 -0.1323
vn 0.8252 0.5648 0.0060
vn 0.3628 -0.5305 -0.7661
vn 0.4708 0.0483 0.8809
vn 0.0216 -0.9989 0.0404
vn -0.4535 0.5648 0.6895
vn -0.8385 -0.5305 -0.1240
vn -0.0676 0.9897 -0.1264
vn -0.4664 -0.1449 -0.8726
vn 0.9223 -0.3483 0.1674
vn 0.2797 0.3193 -0.9054
vn 0.1161 -0.9692 0.2172
vn -0.4573 -0.2430 -0.8555
vn -0.3732 -0.3483 0.8599
vn -0.9082 0.3193 -0.2705
vn 0.4440 0.3360 0.8307
vn -0.1602 0.9405 -0.2998
vn 0.8719 0.3483 0.3441
vn 0.4510 -0.3193 -0.8335
vn 0.2734 -0.3360 0.9013
vn -0.0987 -0.9405 -0.3253
vn -0.5338 0.3483 0.7705
vn -0.8380 -0.3193 -0.4425
vn 0.0715 0.9692 0.2357
vn -0.2816 0.2430 -0.9283
vn 0.8082 -0.5648 0.1669
vn 0.5053 0.5305 -0.6806
vn -0.0416 -0.9897 -0.1372
vn -0.2872 0.1449 -0.9468
vn -0.5793 -0.5648 0.5878
vn -0.7982 0.5306 -0.2852
vn 0.2899 -0.0483 0.9558
vn 0.0133 0.9989 0.0438
vn 0.8437 0.4664 0.2657
vn 0.4747 -0.4322 -0.7667
vn 0.2871 -0.1466 0.9466
vn -0.0435 -0.9887 -0.1435
vn -0.5539 0.4664 0.6896
vn -0.8206 -0.4322 -0.3738
vn 0.0153 0.9986 0.0503
vn -0.2899 0.0501 -0.9557
vn 0.8437 -0.4664 0.2657
vn 0.4747 0.4322 -0.7667
vn 0.0153 -0.9986 0.0503
vn -0.2899 -0.0501 -0.9557
vn -0.5539 -0.4664 0.6896
vn -0.8206 0.4322 -0.3738
vn 0.2871 0.1466 0.9466
vn -0.0435 0.9887 -0.1435
vn 0.8082 0.5648 0.1669
vn 0.5053 -0.5306 -0.6806
vn 0.2899 0.0483 0.9558
vn 0.0133 -0.9989 0.0438
vn -0.5793 0.5648 0.5878
vn -0.7982 -0.5306 -0.2852
vn -0.0416 0.9897 -0.1372
vn -0.2872 -0.1449 -0.9468
vn 0.8719 -0.3483 0.3441
vn 0.4510 0.3193 -0.8335
vn 0.0715 -0.9692 0.2357
vn -0.2816 -0.2430 -0.9283
vn -0.5338 -0.3483 0.7705
vn -0.8380 0.3193 -0.4425
vn 0.2734 0.3360 0.9013
vn -0.0987 0.9405 -0.3253
vn 0.7670 0.6395 0.0522
vn 0.5419 -0.6104 -0.5777
vn 0.2817 0.2415 0.9286
vn 0.0697 -0.9708 0.2296
vn -0.6088 0.6395 0.4696
vn -0.7715 -0.6104 -0.1792
vn -0.0969 0.9427 -0.3193
vn -0.2736 -0.3344 -0.9018
vn 0.8915 -0.2152 0.3985
vn 0.4348 0.1959 -0.8790
vn 0.1250 -0.9026 0.4120
vn -0.2625 -0.4267 -0.8654
vn -0.5199 -0.2152 0.8267
vn -0.8498 0.1959 -0.4893
vn 0.2492 0.5126 0.8217
vn -0.1500 0.8562 -0.4944
vn 0.7221 0.6879 -0.0732
vn 0.5834 -0.6685 -0.4612
vn 0.2627 0.4256 0.8660
vn 0.1233 -0.9052 0.4066
vn -0.6411 0.6879 0.3403
vn -0.7413 -0.6685 -0.0593
vn -0.1484 0.8594 -0.4893
vn -0.2494 -0.5114 -0.8223
vn 0.9016 -0.0728 0.4264
vn 0.4266 0.0660 -0.9020
vn 0.1736 -0.8015 0.5723
vn -0.2335 -0.5943 -0.7696
vn -0.5127 -0.0728 0.8555
vn -0.8559 0.0660 -0.5130
vn 0.2156 0.6697 0.7106
vn -0.1955 0.7393 -0.6444
vn 0.6751 -0.7089 -0.2041
vn 0.6283 0.7021 -0.3351
vn -0.6747 -0.7089 0.2054
vn -0.7086 0.7021 0.0704
vn 0.2336 -0.5936 0.7701
vn 0.1723 0.8049 0.5679
vn 0.6751 0.7089 -0.2041
vn 0.6283 -0.7021 -0.3351
vn 0.2336 0.5936 0.7701
vn 0.1723 -0.8049 0.5679
vn -0.6747 0.7089 0.2054
vn -0.7086 -0.7021 0.0704
vn 0.9016 0.0728 0.4264
vn 0.4266 -0.0660 -0.9020
vn 0.2156 -0.6697 0.7106
vn -0.1955 -0.7393 -0.6444
vn -0.5127 0.0728 0.8555
vn -0.8559 -0.0660 -0.5130
vn 0.1736 0.8015 0.5723
vn -0.2335 0.5943 -0.7696
vn 0.7221 -0.6879 -0.0732
vn 0.5834 0.6685 -0.4612
vn -0.1484 -0.8594 -0.4893
vn -0.2494 0.5114 -0.8223
vn -0.6411 -0.6879 0.3403
vn -0.7413 0.6685 -0.0593
vn 0.2627 -0.4256 0.8660
vn 0.1233 0.9053 0.4066
vn 0.8915 0.2152 0.3985
vn 0.4348 -0.1959 -0.8790
vn 0.2492 -0.5126 0.8217
vn -0.1500 -0.8562 -0.4944
vn -0.5199 0.2152 0.8267
vn -0.8498 -0.1959 -0.4893
vn 0.1250 0.9026 0.4120
vn -0.2625 0.4267 -0.8654
vn 0.7670 -0.6395 0.0522
vn 0.5419 0.6104 -0.5777
vn -0.0969 -0.9427 -0.3193
vn -0.2736 0.3344 -0.9018
vn -0.6088 -0.6395 0.4696
vn -0.7715 0.6104 -0.1792
vn 0.2817 -0.2415 0.9286
vn 0.0697 0.9708 0.2296
vn 0.7225 0.6879 0.0690
vn 0.6622 -0.6685 -0.3385
vn 0.0887 0.4256 0.9006
vn 0.0416 -0.9052 0.4228
vn -0.6951 0.6879 0.2087
vn -0.7155 -0.6685 -0.2028
vn -0.0501 0.8594 -0.5088
vn -0.0842 -0.5114 -0.8552
vn 0.8011 -0.0728 0.5941
vn 0.5944 0.0660 -0.8015
vn 0.0586 -0.8014 0.5952
vn -0.0788 -0.5943 -0.8004
vn -0.6698 -0.0728 0.7390
vn -0.7393 0.0660 -0.6701
vn 0.0728 0.6698 0.7390
vn -0.0660 0.7393 -0.6701
vn 0.7019 -0.7089 -0.0684
vn 0.6816 0.7021 -0.2061
vn -0.7018 -0.7089 0.0698
vn -0.7087 0.7021 -0.0692
vn 0.0789 -0.5936 0.8009
vn 0.0582 0.8049 0.5905
vn 0.7019 0.7089 -0.0684
vn 0.6816 -0.7021 -0.2061
vn 0.0789 0.5936 0.8009
vn 0.0582 -0.8049 0.5906
vn -0.7018 0.7089 0.0698
vn -0.7087 -0.7021 -0.0692
vn 0.8011 0.0728 0.5941
vn 0.5944 -0.0660 -0.8015
vn 0.0728 -0.6698 0.7390
vn -0.0660 -0.7393 -0.6701
vn -0.6698 0.0728 0.7390
vn -0.7393 -0.0660 -0.6701
vn 0.0586 0.8014 0.5952
vn -0.0788 0.5943 -0.8004
vn 0.7225 -0.6879 0.0690
vn 0.6622 0.6685 -0.3385
vn -0.0501 -0.8594 -0.5088
vn -0.0842 0.5114 -0.8552
vn -0.6951 -0.6879 0.2087
vn -0.7155 0.6685 -0.2028
vn 0.0887 -0.4256 0.9006
vn 0.0416 0.9052 0.4228
vn 0.7967 0.2152 0.5648
vn 0.5979 -0.1959 -0.7773
vn 0.0842 -0.5126 0.8545
vn -0.0506 -0.8562 -0.5141
vn -0.6712 0.2152 0.7094
vn -0.7381 -0.1959 -0.6457
vn 0.0422 0.9026 0.4284
vn -0.0886 0.4267 -0.9000
vn 0.7421 -0.6395 0.2009
vn 0.6442 0.6104 -0.4608
vn -0.0327 -0.9427 -0.3321
vn -0.0924 0.3344 -0.9379
vn -0.6887 -0.6395 0.3418
vn -0.7217 0.6104 -0.3263
vn 0.0951 -0.2415 0.9657
vn 0.0235 0.9708 0.2388
vn 0.7881 0.3483 0.5076
vn 0.6049 -0.3193 -0.7295
vn 0.0923 -0.3360 0.9373
vn -0.0333 -0.9405 -0.3383
vn -0.6739 0.3483 0.6516
vn -0.7356 -0.3193 -0.5974
vn 0.0241 0.9692 0.2451
vn -0.0951 0.2430 -0.9653
vn 0.7601 -0.5648 0.3213
vn 0.6284 0.5305 -0.5689
vn -0.0140 -0.9897 -0.1426
vn -0.0970 0.1448 -0.9847
vn -0.6828 -0.5648 0.4635
vn -0.7273 0.5305 -0.4354
vn 0.0979 -0.0483 0.9940
vn 0.0045 0.9989 0.0456
vn 0.7757 0.4664 0.4252
vn 0.6151 -0.4322 -0.6594
vn 0.0970 -0.1466 0.9844
vn -0.0147 -0.9887 -0.1493
vn -0.6778 0.4664 0.5683
vn -0.7319 -0.4322 -0.5267
vn 0.0052 0.9986 0.0523
vn -0.0979 0.0501 -0.9939
vn 0.7757 -0.4664 0.4252
vn 0.6151 0.4322 -0.6594
vn 0.0052 -0.9986 0.0523
vn -0.0979 -0.0501 -0.9939
vn -0.6778 -0.4664 0.5683
vn -0.7319 0.4322 -0.5267
vn 0.0970 0.1466 0.9844
vn -0.0147 0.9887 -0.1493
vn 0.7601 0.5648 0.3213
vn 0.6283 -0.5305 -0.5689
vn 0.0979 0.0483 0.9940
vn 0.0045 -0.9989 0.0456
vn -0.6828 0.5648 0.4635
vn -0.7273 -0.5305 -0.4354
vn -0.0140 0.9897 -0.1426
vn -0.0970 -0.1448 -0.9847
vn 0.7881 -0.3483 0.5076
vn 0.6049 0.3193 -0.7295
vn 0.0241 -0.9692 0.2451
vn -0.0951 -0.2430 -0.9653
vn -0.6739 -0.3483 0.6516
vn -0.7356 0.3193 -0.5975
vn 0.0923 0.3360 0.9373
vn -0.0333 0.9405 -0.3383
vn 0.7421 0.6395 0.2009
vn 0.6442 -0.6104 -0.4608
vn 0.0951 0.2415 0.9657
vn 0.0235 -0.9708 0.2388
vn -0.6887 0.6395 0.3418
vn -0.7217 -0.6104 -0.3263
vn -0.0327 0.9427 -0.3321
vn -0.0924 -0.3344 -0.9379
vn 0.7967 -0.2152 0.5648
vn 0.5979 0.1959 -0.7773
vn 0.0422 -0.9026 0.4284
vn -0.0886 -0.4267 -0.9000
vn -0.6712 -0.2152 0.7094
vn -0.7381 0.1959 -0.6457
vn 0.0842 0.5126 0.8545
vn -0.0506 0.8562 -0.5141
usemtl None
s off
f 965//1 966//1 945//1 947//1
f 966//2 965//2 948//2 946//2
f 966//3 967//3 11//3 945//3
f 967//4 966//4 946//4 12//4
f 967//5 968//5 13//5 11//5
f 968//6 967//6 12//6 14//6
f 968//7 965//7 947//7 13//7
f 965//8 968//8 14//8 948//8
f 969//9 970//9 961//9 963//9
f 970//10 969//10 964//10 962//10
f 970//11 971//11 27//11 961//11
f 971//12 970//12 962//12 28//12
f 971//13 972//13 29//13 27//13
f 972//14 971//14 28//14 30//14
f 972//15 969//15 963//15 29//15
f 969//16 972//16 30//16 964//16
f 973//17 974//17 947//17 949//17
f 974//18 973//18 950//18 948//18
f 974//19 975//19 13//19 947//19
f 975//20 974//20 948//20 14//20
f 975//21 976//21 15//21 13//21
f 976//22 975//22 14//22 16//22
f 976//23 973//23 949//23 15//23
f 973//24 976//24 16//24 950//24
f 977//25 978//25 543//25 935//25
f 978//26 977//26 936//26 544//26
f 978//27 979//27 1//27 543//27
f 979//28 978//28 544//28 2//28
f 979//29 977//29 935//29 1//29
f 977//30 979//30 2//30 936//30
f 980//31 981//31 963//31 151//31
f 981//32 980//32 152//32 964//32
f 981//33 982//33 29//33 963//33
f 982//34 981//34 964//34 30//34
f 982//35 980//35 151//35 29//35
f 980//36 982//36 30//36 152//36
f 983//37 984//37 949//37 951//37
f 984//38 983//38 952//38 950//38
f 984//39 985//39 15//39 949//39
f 985//40 984//40 950//40 16//40
f 985//41 986//41 17//41 15//41
f 986//42 985//42 16//42 18//42
f 986//43 983//43 951//43 17//43
f 983//44 986//44 18//44 952//44
f 987//45 988//45 935//45 937//45
f 988//46 987//46 938//46 936//46
f 988//47 989//47 1//47 935//47
f 989//48 988//48 936//48 2//48
f 989//49 990//49 3//49 1//49
f 990//50 989//50 2//50 4//50
f 990//51 987//51 937//51 3//51
f 987//52 990//52 4//52 938//52
f 991//53 992//53 951//53 953//53
f 992//54 991//54 954//54 952//54
f 992//55 993//55 17//55 951//55
f 993//56 992//56 952//56 18//56
f 993//57 994//57 19//57 17//57
f 994//58 993//58 18//58 20//58
f 994//59 991//59 953//59 19//59
f 991//60 994//60 20//60 954//60
f 995//61 996//61 937//61 939//61
f 996//62 995//62 940//62 938//62
f 996//63 997//63 3//63 937//63
f 997//64 996//64 938//64 4//64
f 997//65 998//65 5//65 3//65
f 998//66 997//66 4//66 6//66
f 998//67 995//67 939//67 5//67
f 995//68 998//68 6//68 940//68
f 999//69 1000//69 953//69 955//69
f 1000//70 999//70 956//70 954//70
f 1000//71 1001//71 19//71 953//71
f 1001//72 1000//72 954//72 20//72
f 1001//73 1002//73 21//73 19//73
f 1002//74 1001//74 20//74 22//74
f 1002//75 999//75 955//75 21//75
f 999//76 1002//76 22//76 956//76
f 1003//77 1004//77 939//77 941//77
f 1004//78 1003//78 942//78 940//78
f 1004//79 1005//79 5//79 939//79
f 1005//80 1004//80 940//80 6//80
f 1005//81 1006//81 7//81 5//81
f 1006//82 1005//82 6//82 8//82
f 1006//83 1003//83 941//83 7//83
f 1003//84 1006//84 8//84 942//84
f 1007//85 1008//85 955//85 957//85
f 1008//86 1007//86 958//86 956//86
f 1008//87 1009//87 21//87 955//87
f 1009//88 1008//88 956//88 22//88
f 1009//89 1010//89 23//89 21//89
f 1010//90 1009//90 22//90 24//90
f 1010//91 1007//91 957//91 23//91
f 1007//92 1010//92 24//92 958//92
f 1011//93 1012//93 941//93 943//93
f 1012//94 1011//94 944//94 942//94
f 1012//95 1013//95 7//95 941//95
f 1013//96 1012//96 942//96 8//96
f 1013//97 1014//97 9//97 7//97
f 1014//98 1013//98 8//98 10//98
f 1014//99 1011//99 943//99 9//99
f 1011//100 1014//100 10//100 944//100
f 1015//101 1016//101 957//101 959//101
f 1016//102 1015//102 960//102 958//102
f 1016//103 1017//103 23//103 957//103
f 1017//104 1016//104 958//104 24//104
f 1017//105 1018//105 25//105 23//105
f 1018//106 1017//106 24//106 26//106
f 1018//107 1015//107 959//107 25//107
f 1015//108 1018//108 26//108 960//108
f 1019//109 1020//109 943//109 945//109
f 1020//110 1019//110 946//110 944//110
f 1020//111 1021//111 9//111 943//111
f 1021//112 1020//112 944//112 10//112
f 1021//113 1022//113 11//113 9//113
f 1022//114 1021//114 10//114 12//114
f 1022//115 1019//115 945//115 11//115
f 1019//116 1022//116 12//116 946//116
f 1023//117 1024//117 959//117 961//117
f 1024//118 1023//118 962//118 960//118
f 1024//119 1025//119 25//119 959//119
f 1025//120 1024//120 960//120 26//120
f 1025//121 1026//121 27//121 25//121
f 1026//122 1025//122 26//122 28//122
f 1026//123 1023//123 961//123 27//123
f 1023//124 1026//124 28//124 962//124
f 1027//125 1028//125 23//125 25//125
f 1028//126 1027//126 26//126 24//126
f 1028//127 1029//127 53//127 23//127
f 1029//128 1028//128 24//128 54//128
f 1029//129 1030//129 55//129 53//129
f 1030//130 1029//130 54//130 56//130
f 1030//131 1027//131 25//131 55//131
f 1027//132 1030//132 56//132 26//132
f 1031//133 1032//133 9//133 11//133
f 1032//134 1031//134 12//134 10//134
f 1032//135 1033//135 39//135 9//135
f 1033//136 1032//136 10//136 40//136
f 1033//137 1034//137 41//137 39//137
f 1034//138 1033//138 40//138 42//138
f 1034//139 1031//139 11//139 41//139
f 1031//140 1034//140 42//140 12//140
f 1035//141 1036//141 25//141 27//141
f 1036//142 1035//142 28//142 26//142
f 1036//143 1037//143 55//143 25//143
f 1037//144 1036//144 26//144 56//144
f 1037//145 1038//145 57//145 55//145
f 1038//146 1037//146 56//146 58//146
f 1038//147 1035//147 27//147 57//147
f 1035//148 1038//148 58//148 28//148
f 1039//149 1040//149 11//149 13//149
f 1040//150 1039//150 14//150 12//150
f 1040//151 1041//151 41//151 11//151
f 1041//152 1040//152 12//152 42//152
f 1041//153 1042//153 43//153 41//153
f 1042//154 1041//154 42//154 44//154
f 1042//155 1039//155 13//155 43//155
f 1039//156 1042//156 44//156 14//156
f 1043//157 1044//157 27//157 29//157
f 1044//158 1043//158 30//158 28//158
f 1044//159 1045//159 57//159 27//159
f 1045//160 1044//160 28//160 58//160
f 1045//161 1046//161 59//161 57//161
f 1046//162 1045//162 58//162 60//162
f 1046//163 1043//163 29//163 59//163
f 1043//164 1046//164 60//164 30//164
f 1047//165 1048//165 13//165 15//165
f 1048//166 1047//166 16//166 14//166
f 1048//167 1049//167 43//167 13//167
f 1049//168 1048//168 14//168 44//168
f 1049//169 1050//169 45//169 43//169
f 1050//170 1049//170 44//170 46//170
f 1050//171 1047//171 15//171 45//171
f 1047//172 1050//172 46//172 16//172
f 1051//173 1052//173 543//173 1//173
f 1052//174 1051//174 2//174 544//174
f 1052//175 1053//175 31//175 543//175
f 1053//176 1052//176 544//176 32//176
f 1053//177 1051//177 1//177 31//177
f 1051//178 1053//178 32//178 2//178
f 1054//179 1055//179 29//179 151//179
f 1055//180 1054//180 152//180 30//180
f 1055//181 1056//181 59//181 29//181
f 1056//182 1055//182 30//182 60//182
f 1056//183 1054//183 151//183 59//183
f 1054//184 1056//184 60//184 152//184
f 1057//185 1058//185 15//185 17//185
f 1058//186 1057//186 18//186 16//186
f 1058//187 1059//187 45//187 15//187
f 1059//188 1058//188 16//188 46//188
f 1059//189 1060//189 47//189 45//189
f 1060//190 1059//190 46//190 48//190
f 1060//191 1057//191 17//191 47//191
f 1057//192 1060//192 48//192 18//192
f 1061//193 1062//193 1//193 3//193
f 1062//194 1061//194 4//194 2//194
f 1062//195 1063//195 31//195 1//195
f 1063//196 1062//196 2//196 32//196
f 1063//197 1064//197 33//197 31//197
f 1064//198 1063//198 32//198 34//198
f 1064//199 1061//199 3//199 33//199
f 1061//200 1064//200 34//200 4//200
f 1065//201 1066//201 17//201 19//201
f 1066//202 1065//202 20//202 18//202
f 1066//203 1067//203 47//203 17//203
f 1067//204 1066//204 18//204 48//204
f 1067//205 1068//205 49//205 47//205
f 1068//206 1067//206 48//206 50//206
f 1068//207 1065//207 19//207 49//207
f 1065//208 1068//208 50//208 20//208
f 1069//209 1070//209 3//209 5//209
f 1070//210 1069//210 6//210 4//210
f 1070//211 1071//211 33//211 3//211
f 1071//212 1070//212 4//212 34//212
f 1071//213 1072//213 35//213 33//213
f 1072//214 1071//214 34//214 36//214
f 1072//215 1069//215 5//215 35//215
f 1069//216 1072//216 36//216 6//216
f 1073//217 1074//217 19//217 21//217
f 1074//218 1073//218 22//218 20//218
f 1074//219 1075//219 49//219 19//219
f 1075//220 1074//220 20//220 50//220
f 1075//221 1076//221 51//221 49//221
f 1076//222 1075//222 50//222 52//222
f 1076//223 1073//223 21//223 51//223
f 1073//224 1076//224 52//224 22//224
f 1077//225 1078//225 5//225 7//225
f 1078//226 1077//226 8//226 6//226
f 1078//227 1079//227 35//227 5//227
f 1079//228 1078//228 6//228 36//228
f 1079//229 1080//229 37//229 35//229
f 1080//230 1079//230 36//230 38//230
f 1080//231 1077//231 7//231 37//231
f 1077//232 1080//232 38//232 8//232
f 1081//233 1082//233 21//233 23//233
f 1082//234 1081//234 24//234 22//234
f 1082//235 1083//235 51//235 21//235
f 1083//236 1082//236 22//236 52//236
f 1083//237 1084//237 53//237 51//237
f 1084//238 1083//238 52//238 54//238
f 1084//239 1081//239 23//239 53//239
f 1081//240 1084//240 54//240 24//240
f 1085//241 1086//241 7//241 9//241
f 1086//242 1085//242 10//242 8//242
f 1086//243 1087//243 37//243 7//243
f 1087//244 1086//244 8//244 38//244
f 1087//245 1088//245 39//245 37//245
f 1088//246 1087//246 38//246 40//246
f 1088//247 1085//247 9//247 39//247
f 1085//248 1088//248 40//248 10//248
f 1089//249 1090//249 47//249 49//249
f 1090//250 1089//250 50//250 48//250
f 1090//251 1091//251 77//251 47//251
f 1091//252 1090//252 48//252 78//252
f 1091//253 1092//253 79//253 77//253
f 1092//254 1091//254 78//254 80//254
f 1092//255 1089//255 49//255 79//255
f 1089//256 1092//256 80//256 50//256
f 1093//257 1094//257 33//257 35//257
f 1094//258 1093//258 36//258 34//258
f 1094//259 1095//259 63//259 33//259
f 1095//260 1094//260 34//260 64//260
f 1095//261 1096//261 65//261 63//261
f 1096//262 1095//262 64//262 66//262
f 1096//263 1093//263 35//263 65//263
f 1093//264 1096//264 66//264 36//264
f 1097//265 1098//265 49//265 51//265
f 1098//266 1097//266 52//266 50//266
f 1098//267 1099//267 79//267 49//267
f 1099//268 1098//268 50//268 80//268
f 1099//269 1100//269 81//269 79//269
f 1100//270 1099//270 80//270 82//270
f 1100//271 1097//271 51//271 81//271
f 1097//272 1100//272 82//272 52//272
f 1101//273 1102//273 35//273 37//273
f 1102//274 1101//274 38//274 36//274
f 1102//275 1103//275 65//275 35//275
f 1103//276 1102//276 36//276 66//276
f 1103//277 1104//277 67//277 65//277
f 1104//278 1103//278 66//278 68//278
f 1104//279 1101//279 37//279 67//279
f 1101//280 1104//280 68//280 38//280
f 1105//281 1106//281 51//281 53//281
f 1106//282 1105//282 54//282 52//282
f 1106//283 1107//283 81//283 51//283
f 1107//284 1106//284 52//284 82//284
f 1107//285 1108//285 83//285 81//285
f 1108//286 1107//286 82//286 84//286
f 1108//287 1105//287 53//287 83//287
f 1105//288 1108//288 84//288 54//288
f 1109//289 1110//289 37//289 39//289
f 1110//290 1109//290 40//290 38//290
f 1110//291 1111//291 67//291 37//291
f 1111//292 1110//292 38//292 68//292
f 1111//293 1112//293 69//293 67//293
f 1112//294 1111//294 68//294 70//294
f 1112//295 1109//295 39//295 69//295
f 1109//296 1112//296 70//296 40//296
f 1113//297 1114//297 53//297 55//297
f 1114//298 1113//298 56//298 54//298
f 1114//299 1115//299 83//299 53//299
f 1115//300 1114//300 54//300 84//300
f 1115//301 1116//301 85//301 83//301
f 1116//302 1115//302 84//302 86//302
f 1116//303 1113//303 55//303 85//303
f 1113//304 1116//304 86//304 56//304
f 1117//305 1118//305 39//305 41//305
f 1118//306 1117//306 42//306 40//306
f 1118//307 1119//307 69//307 39//307
f 1119//308 1118//308 40//308 70//308
f 1119//309 1120//309 71//309 69//309
f 1120//310 1119//310 70//310 72//310
f 1120//311 1117//311 41//311 71//311
f 1117//312 1120//312 72//312 42//312
f 1121//313 1122//313 55//313 57//313
f 1122//314 1121//314 58//314 56//314
f 1122//315 1123//315 85//315 55//315
f 1123//316 1122//316 56//316 86//316
f 1123//317 1124//317 87//317 85//317
f 1124//318 1123//318 86//318 88//318
f 1124//319 1121//319 57//319 87//319
f 1121//320 1124//320 88//320 58//320
f 1125//321 1126//321 41//321 43//321
f 1126//322 1125//322 44//322 42//322
f 1126//323 1127//323 71//323 41//323
f 1127//324 1126//324 42//324 72//324
f 1127//325 1128//325 73//325 71//325
f 1128//326 1127//326 72//326 74//326
f 1128//327 1125//327 43//327 73//327
f 1125//328 1128//328 74//328 44//328
f 1129//329 1130//329 57//329 59//329
f 1130//330 1129//330 60//330 58//330
f 1130//331 1131//331 87//331 57//331
f 1131//332 1130//332 58//332 88//332
f 1131//333 1132//333 89//333 87//333
f 1132//334 1131//334 88//334 90//334
f 1132//335 1129//335 59//335 89//335
f 1129//336 1132//336 90//336 60//336
f 1133//337 1134//337 43//337 45//337
f 1134//338 1133//338 46//338 44//338
f 1134//339 1135//339 73//339 43//339
f 1135//340 1134//340 44//340 74//340
f 1135//341 1136//341 75//341 73//341
f 1136//342 1135//342 74//342 76//342
f 1136//343 1133//343 45//343 75//343
f 1133//344 1136//344 76//344 46//344
f 1137//345 1138//345 543//345 31//345
f 1138//346 1137//346 32//346 544//346
f 1138//347 1139//347 61//347 543//347
f 1139//348 1138//348 544//348 62//348
f 1139//349 1137//349 31//349 61//349
f 1137//350 1139//350 62//350 32//350
f 1140//351 1141//351 59//351 151//351
f 1141//352 1140//352 152//352 60//352
f 1141//353 1142//353 89//353 59//353
f 1142//354 1141//354 60//354 90//354
f 1142//355 1140//355 151//355 89//355
f 1140//356 1142//356 90//356 152//356
f 1143//357 1144//357 45//357 47//357
f 1144//358 1143//358 48//358 46//358
f 1144//359 1145//359 75//359 45//359
f 1145//360 1144//360 46//360 76//360
f 1145//361 1146//361 77//361 75//361
f 1146//362 1145//362 76//362 78//362
f 1146//363 1143//363 47//363 77//363
f 1143//364 1146//364 78//364 48//364
f 1147//365 1148//365 31//365 33//365
f 1148//366 1147//366 34//366 32//366
f 1148//367 1149//367 61//367 31//367
f 1149//368 1148//368 32//368 62//368
f 1149//369 1150//369 63//369 61//369
f 1150//370 1149//370 62//370 64//370
f 1150//371 1147//371 33//371 63//371
f 1147//372 1150//372 64//372 34//372
f 1151//373 1152//373 85//373 87//373
f 1152//374 1151//374 88//374 86//374
f 1152//375 1153//375 115//375 85//375
f 1153//376 1152//376 86//376 116//376
f 1153//377 1154//377 117//377 115//377
f 1154//378 1153//378 116//378 118//378
f 1154//379 1151//379 87//379 117//379
f 1151//380 1154//380 118//380 88//380
f 1155//381 1156//381 71//381 73//381
f 1156//382 1155//382 74//382 72//382
f 1156//383 1157//383 101//383 71//383
f 1157//384 1156//384 72//384 102//384
f 1157//385 1158//385 103//385 101//385
f 1158//386 1157//386 102//386 104//386
f 1158//387 1155//387 73//387 103//387
f 1155//388 1158//388 104//388 74//388
f 1159//389 1160//389 87//389 89//389
f 1160//390 1159//390 90//390 88//390
f 1160//391 1161//391 117//391 87//391
f 1161//392 1160//392 88//392 118//392
f 1161//393 1162//393 119//393 117//393
f 1162//394 1161//394 118//394 120//394
f 1162//395 1159//395 89//395 119//395
f 1159//396 1162//396 120//396 90//396
f 1163//397 1164//397 73//397 75//397
f 1164//398 1163//398 76//398 74//398
f 1164//399 1165//399 103//399 73//399
f 1165//400 1164//400 74//400 104//400
f 1165//401 1166//401 105//401 103//401
f 1166//402 1165//402 104//402 106//402
f 1166//403 1163//403 75//403 105//403
f 1163//404 1166//404 106//404 76//404
f 1167//405 1168//405 543//405 61//405
f 1168//406 1167//406 62//406 544//406
f 1168//407 1169//407 91//407 543//407
f 1169//408 1168//408 544//408 92//408
f 1169//409 1167//409 61//409 91//409
f 1167//410 1169//410 92//410 62//410
f 1170//411 1171//411 89//411 151//411
f 1171//412 1170//412 152//412 90//412
f 1171//413 1172//413 119//413 89//413
f 1172//414 1171//414 90//414 120//414
f 1172//415 1170//415 151//415 119//415
f 1170//416 1172//416 120//416 152//416
f 1173//417 1174//417 75//417 77//417
f 1174//418 1173//418 78//418 76//418
f 1174//419 1175//419 105//419 75//419
f 1175//420 1174//420 76//420 106//420
f 1175//421 1176//421 107//421 105//421
f 1176//422 1175//422 106//422 108//422
f 1176//423 1173//423 77//423 107//423
f 1173//424 1176//424 108//424 78//424
f 1177//425 1178//425 61//425 63//425
f 1178//426 1177//426 64//426 62//426
f 1178//427 1179//427 91//427 61//427
f 1179//428 1178//428 62//428 92//428
f 1179//429 1180//429 93//429 91//429
f 1180//430 1179//430 92//430 94//430
f 1180//431 1177//431 63//431 93//431
f 1177//432 1180//432 94//432 64//432
f 1181//433 1182//433 77//433 79//433
f 1182//434 1181//434 80//434 78//434
f 1182//435 1183//435 107//435 77//435
f 1183//436 1182//436 78//436 108//436
f 1183//437 1184//437 109//437 107//437
f 1184//438 1183//438 108//438 110//438
f 1184//439 1181//439 79//439 109//439
f 1181//440 1184//440 110//440 80//440
f 1185//441 1186//441 63//441 65//441
f 1186//442 1185//442 66//442 64//442
f 1186//443 1187//443 93//443 63//443
f 1187//444 1186//444 64//444 94//444
f 1187//445 1188//445 95//445 93//445
f 1188//446 1187//446 94//446 96//446
f 1188//447 1185//447 65//447 95//447
f 1185//448 1188//448 96//448 66//448
f 1189//449 1190//449 79//449 81//449
f 1190//450 1189//450 82//450 80//450
f 1190//451 1191//451 109//451 79//451
f 1191//452 1190//452 80//452 110//452
f 1191//453 1192//453 111//453 109//453
f 1192//454 1191//454 110//454 112//454
f 1192//455 1189//455 81//455 111//455
f 1189//456 1192//456 112//456 82//456
f 1193//457 1194//457 65//457 67//457
f 1194//458 1193//458 68//458 66//458
f 1194//459 1195//459 95//459 65//459
f 1195//460 1194//460 66//460 96//460
f 1195//461 1196//461 97//461 95//461
f 1196//462 1195//462 96//462 98//462
f 1196//463 1193//463 67//463 97//463
f 1193//464 1196//464 98//464 68//464
f 1197//465 1198//465 81//465 83//465
f 1198//466 1197//466 84//466 82//466
f 1198//467 1199//467 111//467 81//467
f 1199//468 1198//468 82//468 112//468
f 1199//469 1200//469 113//469 111//469
f 1200//470 1199//470 112//470 114//470
f 1200//471 1197//471 83//471 113//471
f 1197//472 1200//472 114//472 84//472
f 1201//473 1202//473 67//473 69//473
f 1202//474 1201//474 70//474 68//474
f 1202//475 1203//475 97//475 67//475
f 1203//476 1202//476 68//476 98//476
f 1203//477 1204//477 99//477 97//477
f 1204//478 1203//478 98//478 100//478
f 1204//479 1201//479 69//479 99//479
f 1201//480 1204//480 100//480 70//480
f 1205//481 1206//481 83//481 85//481
f 1206//482 1205//482 86//482 84//482
f 1206//483 1207//483 113//483 83//483
f 1207//484 1206//484 84//484 114//484
f 1207//485 1208//485 115//485 113//485
f 1208//486 1207//486 114//486 116//486
f 1208//487 1205//487 85//487 115//487
f 1205//488 1208//488 116//488 86//488
f 1209//489 1210//489 69//489 71//489
f 1210//490 1209//490 72//490 70//490
f 1210//491 1211//491 99//491 69//491
f 1211//492 1210//492 70//492 100//492
f 1211//493 1212//493 101//493 99//493
f 1212//494 1211//494 100//494 102//494
f 1212//495 1209//495 71//495 101//495
f 1209//496 1212//496 102//496 72//496
f 1213//497 1214//497 93//497 95//497
f 1214//498 1213//498 96//498 94//498
f 1214//499 1215//499 123//499 93//499
f 1215//500 1214//500 94//500 124//500
f 1215//501 1216//501 125//501 123//501
f 1216//502 1215//502 124//502 126//502
f 1216//503 1213//503 95//503 125//503
f 1213//504 1216//504 126//504 96//504
f 1217//505 1218//505 109//505 111//505
f 1218//506 1217//506 112//506 110//506
f 1218//507 1219//507 139//507 109//507
f 1219//508 1218//508 110//508 140//508
f 1219//509 1220//509 141//509 139//509
f 1220//510 1219//510 140//510 142//510
f 1220//511 1217//511 111//511 141//511
f 1217//512 1220//512 142//512 112//512
f 1221//513 1222//513 95//513 97//513
f 1222//514 1221//514 98//514 96//514
f 1222//515 1223//515 125//515 95//515
f 1223//516 1222//516 96//516 126//516
f 1223//517 1224//517 127//517 125//517
f 1224//518 1223//518 126//518 128//518
f 1224//519 1221//519 97//519 127//519
f 1221//520 1224//520 128//520 98//520
f 1225//521 1226//521 111//521 113//521
f 1226//522 1225//522 114//522 112//522
f 1226//523 1227//523 141//523 111//523
f 1227//524 1226//524 112//524 142//524
f 1227//525 1228//525 143//525 141//525
f 1228//526 1227//526 142//526 144//526
f 1228//527 1225//527 113//527 143//527
f 1225//528 1228//528 144//528 114//528
f 1229//529 1230//529 97//529 99//529
f 1230//530 1229//530 100//530 98//530
f 1230//531 1231//531 127//531 97//531
f 1231//532 1230//532 98//532 128//532
f 1231//533 1232//533 129//533 127//533
f 1232//534 1231//534 128//534 130//534
f 1232//535 1229//535 99//535 129//535
f 1229//536 1232//536 130//536 100//536
f 1233//537 1234//537 113//537 115//537
f 1234//538 1233//538 116//538 114//538
f 1234//539 1235//539 143//539 113//539
f 1235//540 1234//540 114//540 144//540
f 1235//541 1236//541 145//541 143//541
f 1236//542 1235//542 144//542 146//542
f 1236//543 1233//543 115//543 145//543
f 1233//544 1236//544 146//544 116//544
f 1237//545 1238//545 99//545 101//545
f 1238//546 1237//546 102//546 100//546
f 1238//547 1239//547 129//547 99//547
f 1239//548 1238//548 100//548 130//548
f 1239//549 1240//549 131//549 129//549
f 1240//550 1239//550 130//550 132//550
f 1240//551 1237//551 101//551 131//551
f 1237//552 1240//552 132//552 102//552
f 1241//553 1242//553 115//553 117//553
f 1242//554 1241//554 118//554 116//554
f 1242//555 1243//555 145//555 115//555
f 1243//556 1242//556 116//556 146//556
f 1243//557 1244//557 147//557 145//557
f 1244//558 1243//558 146//558 148//558
f 1244//559 1241//559 117//559 147//559
f 1241//560 1244//560 148//560 118//560
f 1245//561 1246//561 101//561 103//561
f 1246//562 1245//562 104//562 102//562
f 1246//563 1247//563 131//563 101//563
f 1247//564 1246//564 102//564 132//564
f 1247//565 1248//565 133//565 131//565
f 1248//566 1247//566 132//566 134//566
f 1248//567 1245//567 103//567 133//567
f 1245//568 1248//568 134//568 104//568
f 1249//569 1250//569 117//569 119//569
f 1250//570 1249//570 120//570 118//570
f 1250//571 1251//571 147//571 117//571
f 1251//572 1250//572 118//572 148//572
f 1251//573 1252//573 149//573 147//573
f 1252//574 1251//574 148//574 150//574
f 1252//575 1249//575 119//575 149//575
f 1249//576 1252//576 150//576 120//576
f 1253//577 1254//577 103//577 105//577
f 1254//578 1253//578 106//578 104//578
f 1254//579 1255//579 133//579 103//579
f 1255//580 1254//580 104//580 134//580
f 1255//581 1256//581 135//581 133//581
f 1256//582 1255//582 134//582 136//582
f 1256//583 1253//583 105//583 135//583
f 1253//584 1256//584 136//584 106//584
f 1257//585 1258//585 543//585 91//585
f 1258//586 1257//586 92//586 544//586
f 1258//587 1259//587 121//587 543//587
f 1259//588 1258//588 544//588 122//588
f 1259//589 1257//589 91//589 121//589
f 1257//590 1259//590 122//590 92//590
f 1260//591 1261//591 119//591 151//591
f 1261//592 1260//592 152//592 120//592
f 1261//593 1262//593 149//593 119//593
f 1262//594 1261//594 120//594 150//594
f 1262//595 1260//595 151//595 149//595
f 1260//596 1262//596 150//596 152//596
f 1263//597 1264//597 105//597 107//597
f 1264//598 1263//598 108//598 106//598
f 1264//599 1265//599 135//599 105//599
f 1265//600 1264//600 106//600 136//600
f 1265//601 1266//601 137//601 135//601
f 1266//602 1265//602 136//602 138//602
f 1266//603 1263//603 107//603 137//603
f 1263//604 1266//604 138//604 108//604
f 1267//605 1268//605 91//605 93//605
f 1268//606 1267//606 94//606 92//606
f 1268//607 1269//607 121//607 91//607
f 1269//608 1268//608 92//608 122//608
f 1269//609 1270//609 123//609 121//609
f 1270//610 1269//610 122//610 124//610
f 1270//611 1267//611 93//611 123//611
f 1267//612 1270//612 124//612 94//612
f 1271//613 1272//613 107//613 109//613
f 1272//614 1271//614 110//614 108//614
f 1272//615 1273//615 137//615 107//615
f 1273//616 1272//616 108//616 138//616
f 1273//617 1274//617 139//617 137//617
f 1274//618 1273//618 138//618 140//618
f 1274//619 1271//619 109//619 139//619
f 1271//620 1274//620 140//620 110//620
f 1275//621 1276//621 131//621 133//621
f 1276//622 1275//622 134//622 132//622
f 1276//623 1277//623 163//623 131//623
f 1277//624 1276//624 132//624 164//624
f 1277//625 1278//625 165//625 163//625
f 1278//626 1277//626 164//626 166//626
f 1278//627 1275//627 133//627 165//627
f 1275//628 1278//628 166//628 134//628
f 1279//629 1280//629 147//629 149//629
f 1280//630 1279//630 150//630 148//630
f 1280//631 1281//631 179//631 147//631
f 1281//632 1280//632 148//632 180//632
f 1281//633 1282//633 181//633 179//633
f 1282//634 1281//634 180//634 182//634
f 1282//635 1279//635 149//635 181//635
f 1279//636 1282//636 182//636 150//636
f 1283//637 1284//637 133//637 135//637
f 1284//638 1283//638 136//638 134//638
f 1284//639 1285//639 165//639 133//639
f 1285//640 1284//640 134//640 166//640
f 1285//641 1286//641 167//641 165//641
f 1286//642 1285//642 166//642 168//642
f 1286//643 1283//643 135//643 167//643
f 1283//644 1286//644 168//644 136//644
f 1287//645 1288//645 543//645 121//645
f 1288//646 1287//646 122//646 544//646
f 1288//647 1289//647 153//647 543//647
f 1289//648 1288//648 544//648 154//648
f 1289//649 1287//649 121//649 153//649
f 1287//650 1289//650 154//650 122//650
f 1290//651 1291//651 149//651 151//651
f 1291//652 1290//652 152//652 150//652
f 1291//653 1292//653 181//653 149//653
f 1292//654 1291//654 150//654 182//654
f 1292//655 1290//655 151//655 181//655
f 1290//656 1292//656 182//656 152//656
f 1293//657 1294//657 135//657 137//657
f 1294//658 1293//658 138//658 136//658
f 1294//659 1295//659 167//659 135//659
f 1295//660 1294//660 136//660 168//660
f 1295//661 1296//661 169//661 167//661
f 1296//662 1295//662 168//662 170//662
f 1296//663 1293//663 137//663 169//663
f 1293//664 1296//664 170//664 138//664
f 1297//665 1298//665 121//665 123//665
f 1298//666 1297//666 124//666 122//666
f 1298//667 1299//667 153//667 121//667
f 1299//668 1298//668 122//668 154//668
f 1299//669 1300//669 155//669 153//669
f 1300//670 1299//670 154//670 156//670
f 1300//671 1297//671 123//671 155//671
f 1297//672 1300//672 156//672 124//672
f 1301//673 1302//673 137//673 139//673
f 1302//674 1301//674 140//674 138//674
f 1302//675 1303//675 169//675 137//675
f 1303//676 1302//676 138//676 170//676
f 1303//677 1304//677 171//677 169//677
f 1304//678 1303//678 170//678 172//678
f 1304//679 1301//679 139//679 171//679
f 1301//680 1304//680 172//680 140//680
f 1305//681 1306//681 123//681 125//681
f 1306//682 1305//682 126//682 124//682
f 1306//683 1307//683 155//683 123//683
f 1307//684 1306//684 124//684 156//684
f 1307//685 1308//685 157//685 155//685
f 1308//686 1307//686 156//686 158//686
f 1308//687 1305//687 125//687 157//687
f 1305//688 1308//688 158//688 126//688
f 1309//689 1310//689 139//689 141//689
f 1310//690 1309//690 142//690 140//690
f 1310//691 1311//691 171//691 139//691
f 1311//692 1310//692 140//692 172//692
f 1311//693 1312//693 173//693 171//693
f 1312//694 1311//694 172//694 174//694
f 1312//695 1309//695 141//695 173//695
f 1309//696 1312//696 174//696 142//696
f 1313//697 1314//697 125//697 127//697
f 1314//698 1313//698 128//698 126//698
f 1314//699 1315//699 157//699 125//699
f 1315//700 1314//700 126//700 158//700
f 1315//701 1316//701 159//701 157//701
f 1316//702 1315//702 158//702 160//702
f 1316//703 1313//703 127//703 159//703
f 1313//704 1316//704 160//704 128//704
f 1317//705 1318//705 141//705 143//705
f 1318//706 1317//706 144//706 142//706
f 1318//707 1319//707 173//707 141//707
f 1319//708 1318//708 142//708 174//708
f 1319//709 1320//709 175//709 173//709
f 1320//710 1319//710 174//710 176//710
f 1320//711 1317//711 143//711 175//711
f 1317//712 1320//712 176//712 144//712
f 1321//713 1322//713 127//713 129//713
f 1322//714 1321//714 130//714 128//714
f 1322//715 1323//715 159//715 127//715
f 1323//716 1322//716 128//716 160//716
f 1323//717 1324//717 161//717 159//717
f 1324//718 1323//718 160//718 162//718
f 1324//719 1321//719 129//719 161//719
f 1321//720 1324//720 162//720 130//720
f 1325//721 1326//721 143//721 145//721
f 1326//722 1325//722 146//722 144//722
f 1326//723 1327//723 175//723 143//723
f 1327//724 1326//724 144//724 176//724
f 1327//725 1328//725 177//725 175//725
f 1328//726 1327//726 176//726 178//726
f 1328//727 1325//727 145//727 177//727
f 1325//728 1328//728 178//728 146//728
f 1329//729 1330//729 129//729 131//729
f 1330//730 1329//730 132//730 130//730
f 1330//731 1331//731 161//731 129//731
f 1331//732 1330//732 130//732 162//732
f 1331//733 1332//733 163//733 161//733
f 1332//734 1331//734 162//734 164//734
f 1332//735 1329//735 131//735 163//735
f 1329//736 1332//736 164//736 132//736
f 1333//737 1334//737 145//737 147//737
f 1334//738 1333//738 148//738 146//738
f 1334//739 1335//739 177//739 145//739
f 1335//740 1334//740 146//740 178//740
f 1335//741 1336//741 179//741 177//741
f 1336//742 1335//742 178//742 180//742
f 1336//743 1333//743 147//743 179//743
f 1333//744 1336//744 180//744 148//744
f 1337//745 1338//745 171//745 173//745
f 1338//746 1337//746 174//746 172//746
f 1338//747 1339//747 201//747 171//747
f 1339//748 1338//748 172//748 202//748
f 1339//749 1340//749 203//749 201//749
f 1340//750 1339//750 202//750 204//750
f 1340//751 1337//751 173//751 203//751
f 1337//752 1340//752 204//752 174//752
f 1341//753 1342//753 157//753 159//753
f 1342//754 1341//754 160//754 158//754
f 1342//755 1343//755 187//755 157//755
f 1343//756 1342//756 158//756 188//756
f 1343//757 1344//757 189//757 187//757
f 1344//758 1343//758 188//758 190//758
f 1344//759 1341//759 159//759 189//759
f 1341//760 1344//760 190//760 160//760
f 1345//761 1346//761 173//761 175//761
f 1346//762 1345//762 176//762 174//762
f 1346//763 1347//763 203//763 173//763
f 1347//764 1346//764 174//764 204//764
f 1347//765 1348//765 205//765 203//765
f 1348//766 1347//766 204//766 206//766
f 1348//767 1345//767 175//767 205//767
f 1345//768 1348//768 206//768 176//768
f 1349//769 1350//769 159//769 161//769
f 1350//770 1349//770 162//770 160//770
f 1350//771 1351//771 189//771 159//771
f 1351//772 1350//772 160//772 190//772
f 1351//773 1352//773 191//773 189//773
f 1352//774 1351//774 190//774 192//774
f 1352//775 1349//775 161//775 191//775
f 1349//776 1352//776 192//776 162//776
f 1353//777 1354//777 175//777 177//777
f 1354//778 1353//778 178//778 176//778
f 1354//779 1355//779 205//779 175//779
f 1355//780 1354//780 176//780 206//780
f 1355//781 1356//781 207//781 205//781
f 1356//782 1355//782 206//782 208//782
f 1356//783 1353//783 177//783 207//783
f 1353//784 1356//784 208//784 178//784
f 1357//785 1358//785 161//785 163//785
f 1358//786 1357//786 164//786 162//786
f 1358//787 1359//787 191//787 161//787
f 1359//788 1358//788 162//788 192//788
f 1359//789 1360//789 193//789 191//789
f 1360//790 1359//790 192//790 194//790
f 1360//791 1357//791 163//791 193//791
f 1357//792 1360//792 194//792 164//792
f 1361//793 1362//793 177//793 179//793
f 1362//794 1361//794 180//794 178//794
f 1362//795 1363//795 207//795 177//795
f 1363//796 1362//796 178//796 208//796
f 1363//797 1364//797 209//797 207//797
f 1364//798 1363//798 208//798 210//798
f 1364//799 1361//799 179//799 209//799
f 1361//800 1364//800 210//800 180//800
f 1365//801 1366//801 163//801 165//801
f 1366//802 1365//802 166//802 164//802
f 1366//803 1367//803 193//803 163//803
f 1367//804 1366//804 164//804 194//804
f 1367//805 1368//805 195//805 193//805
f 1368//806 1367//806 194//806 196//806
f 1368//807 1365//807 165//807 195//807
f 1365//808 1368//808 196//808 166//808
f 1369//809 1370//809 179//809 181//809
f 1370//810 1369//810 182//810 180//810
f 1370//811 1371//811 209//811 179//811
f 1371//812 1370//812 180//812 210//812
f 1371//813 1372//813 211//813 209//813
f 1372//814 1371//814 210//814 212//814
f 1372//815 1369//815 181//815 211//815
f 1369//816 1372//816 212//816 182//816
f 1373//817 1374//817 165//817 167//817
f 1374//818 1373//818 168//818 166//818
f 1374//819 1375//819 195//819 165//819
f 1375//820 1374//820 166//820 196//820
f 1375//821 1376//821 197//821 195//821
f 1376//822 1375//822 196//822 198//822
f 1376//823 1373//823 167//823 197//823
f 1373//824 1376//824 198//824 168//824
f 1377//825 1378//825 543//825 153//825
f 1378//826 1377//826 154//826 544//826
f 1378//827 1379//827 183//827 543//827
f 1379//828 1378//828 544//828 184//828
f 1379//829 1377//829 153//829 183//829
f 1377//830 1379//830 184//830 154//830
f 1380//831 1381//831 181//831 151//831
f 1381//832 1380//832 152//832 182//832
f 1381//833 1382//833 211//833 181//833
f 1382//834 1381//834 182//834 212//834
f 1382//835 1380//835 151//835 211//835
f 1380//836 1382//836 212//836 152//836
f 1383//837 1384//837 167//837 169//837
f 1384//838 1383//838 170//838 168//838
f 1384//839 1385//839 197//839 167//839
f 1385//840 1384//840 168//840 198//840
f 1385//841 1386//841 199//841 197//841
f 1386//842 1385//842 198//842 200//842
f 1386//843 1383//843 169//843 199//843
f 1383//844 1386//844 200//844 170//844
f 1387//845 1388//845 153//845 155//845
f 1388//846 1387//846 156//846 154//846
f 1388//847 1389//847 183//847 153//847
f 1389//848 1388//848 154//848 184//848
f 1389//849 1390//849 185//849 183//849
f 1390//850 1389//850 184//850 186//850
f 1390//851 1387//851 155//851 185//851
f 1387//852 1390//852 186//852 156//852
f 1391//853 1392//853 169//853 171//853
f 1392//854 1391//854 172//854 170//854
f 1392//855 1393//855 199//855 169//855
f 1393//856 1392//856 170//856 200//856
f 1393//857 1394//857 201//857 199//857
f 1394//858 1393//858 200//858 202//858
f 1394//859 1391//859 171//859 201//859
f 1391//860 1394//860 202//860 172//860
f 1395//861 1396//861 155//861 157//861
f 1396//862 1395//862 158//862 156//862
f 1396//863 1397//863 185//863 155//863
f 1397//864 1396//864 156//864 186//864
f 1397//865 1398//865 187//865 185//865
f 1398//866 1397//866 186//866 188//866
f 1398//867 1395//867 157//867 187//867
f 1395//868 1398//868 188//868 158//868
f 1399//869 1400//869 209//869 211//869
f 1400//870 1399//870 212//870 210//870
f 1400//871 1401//871 239//871 209//871
f 1401//872 1400//872 210//872 240//872
f 1401//873 1402//873 241//873 239//873
f 1402//874 1401//874 240//874 242//874
f 1402//875 1399//875 211//875 241//875
f 1399//876 1402//876 242//876 212//876
f 1403//877 1404//877 195//877 197//877
f 1404//878 1403//878 198//878 196//878
f 1404//879 1405//879 225//879 195//879
f 1405//880 1404//880 196//880 226//880
f 1405//881 1406//881 227//881 225//881
f 1406//882 1405//882 226//882 228//882
f 1406//883 1403//883 197//883 227//883
f 1403//884 1406//884 228//884 198//884
f 1407//885 1408//885 543//885 183//885
f 1408//886 1407//886 184//886 544//886
f 1408//887 1409//887 213//887 543//887
f 1409//888 1408//888 544//888 214//888
f 1409//889 1407//889 183//889 213//889
f 1407//890 1409//890 214//890 184//890
f 1410//891 1411//891 211//891 151//891
f 1411//892 1410//892 152//892 212//892
f 1411//893 1412//893 241//893 211//893
f 1412//894 1411//894 212//894 242//894
f 1412//895 1410//895 151//895 241//895
f 1410//896 1412//896 242//896 152//896
f 1413//897 1414//897 197//897 199//897
f 1414//898 1413//898 200//898 198//898
f 1414//899 1415//899 227//899 197//899
f 1415//900 1414//900 198//900 228//900
f 1415//901 1416//901 229//901 227//901
f 1416//902 1415//902 228//902 230//902
f 1416//903 1413//903 199//903 229//903
f 1413//904 1416//904 230//904 200//904
f 1417//905 1418//905 183//905 185//905
f 1418//906 1417//906 186//906 184//906
f 1418//907 1419//907 213//907 183//907
f 1419//908 1418//908 184//908 214//908
f 1419//909 1420//909 215//909 213//909
f 1420//910 1419//910 214//910 216//910
f 1420//911 1417//911 185//911 215//911
f 1417//912 1420//912 216//912 186//912
f 1421//913 1422//913 199//913 201//913
f 1422//914 1421//914 202//914 200//914
f 1422//915 1423//915 229//915 199//915
f 1423//916 1422//916 200//916 230//916
f 1423//917 1424//917 231//917 229//917
f 1424//918 1423//918 230//918 232//918
f 1424//919 1421//919 201//919 231//919
f 1421//920 1424//920 232//920 202//920
f 1425//921 1426//921 185//921 187//921
f 1426//922 1425//922 188//922 186//922
f 1426//923 1427//923 215//923 185//923
f 1427//924 1426//924 186//924 216//924
f 1427//925 1428//925 217//925 215//925
f 1428//926 1427//926 216//926 218//926
f 1428//927 1425//927 187//927 217//927
f 1425//928 1428//928 218//928 188//928
f 1429//929 1430//929 201//929 203//929
f 1430//930 1429//930 204//930 202//930
f 1430//931 1431//931 231//931 201//931
f 1431//932 1430//932 202//932 232//932
f 1431//933 1432//933 233//933 231//933
f 1432//934 1431//934 232//934 234//934
f 1432//935 1429//935 203//935 233//935
f 1429//936 1432//936 234//936 204//936
f 1433//937 1434//937 187//937 189//937
f 1434//938 1433//938 190//938 188//938
f 1434//939 1435//939 217//939 187//939
f 1435//940 1434//940 188//940 218//940
f 1435//941 1436//941 219//941 217//941
f 1436//942 1435//942 218//942 220//942
f 1436//943 1433//943 189//943 219//943
f 1433//944 1436//944 220//944 190//944
f 1437//945 1438//945 203//945 205//945
f 1438//946 1437//946 206//946 204//946
f 1438//947 1439//947 233//947 203//947
f 1439//948 1438//948 204//948 234//948
f 1439//949 1440//949 235//949 233//949
f 1440//950 1439//950 234//950 236//950
f 1440//951 1437//951 205//951 235//951
f 1437//952 1440//952 236//952 206//952
f 1441//953 1442//953 189//953 191//953
f 1442//954 1441//954 192//954 190//954
f 1442//955 1443//955 219//955 189//955
f 1443//956 1442//956 190//956 220//956
f 1443//957 1444//957 221//957 219//957
f 1444//958 1443//958 220//958 222//958
f 1444//959 1441//959 191//959 221//959
f 1441//960 1444//960 222//960 192//960
f 1445//961 1446//961 205//961 207//961
f 1446//962 1445//962 208//962 206//962
f 1446//963 1447//963 235//963 205//963
f 1447//964 1446//964 206//964 236//964
f 1447//965 1448//965 237//965 235//965
f 1448//966 1447//966 236//966 238//966
f 1448//967 1445//967 207//967 237//967
f 1445//968 1448//968 238//968 208//968
f 1449//969 1450//969 191//969 193//969
f 1450//970 1449//970 194//970 192//970
f 1450//971 1451//971 221//971 191//971
f 1451//972 1450//972 192//972 222//972
f 1451//973 1452//973 223//973 221//973
f 1452//974 1451//974 222//974 224//974
f 1452//975 1449//975 193//975 223//975
f 1449//976 1452//976 224//976 194//976
f 1453//977 1454//977 207//977 209//977
f 1454//978 1453//978 210//978 208//978
f 1454//979 1455//979 237//979 207//979
f 1455//980 1454//980 208//980 238//980
f 1455//981 1456//981 239//981 237//981
f 1456//982 1455//982 238//982 240//982
f 1456//983 1453//983 209//983 239//983
f 1453//984 1456//984 240//984 210//984
f 1457//985 1458//985 193//985 195//985
f 1458//986 1457//986 196//986 194//986
f 1458//987 1459//987 223//987 193//987
f 1459//988 1458//988 194//988 224//988
f 1459//989 1460//989 225//989 223//989
f 1460//990 1459//990 224//990 226//990
f 1460//991 1457//991 195//991 225//991
f 1457//992 1460//992 226//992 196//992
f 1461//993 1462//993 217//993 219//993
f 1462//994 1461//994 220//994 218//994
f 1462//995 1463//995 247//995 217//995
f 1463//996 1462//996 218//996 248//996
f 1463//997 1464//997 249//997 247//997
f 1464//998 1463//998 248//998 250//998
f 1464//999 1461//999 219//999 249//999
f 1461//1000 1464//1000 250//1000 220//1000
f 1465//1001 1466//1001 233//1001 235//1001
f 1466//1002 1465//1002 236//1002 234//1002
f 1466//1003 1467//1003 263//1003 233//1003
f 1467//1004 1466//1004 234//1004 264//1004
f 1467//1005 1468//1005 265//1005 263//1005
f 1468//1006 1467//1006 264//1006 266//1006
f 1468//1007 1465//1007 235//1007 265//1007
f 1465//1008 1468//1008 266//1008 236//1008
f 1469//1009 1470//1009 219//1009 221//1009
f 1470//1010 1469//1010 222//1010 220//1010
f 1470//1011 1471//1011 249//1011 219//1011
f 1471//1012 1470//1012 220//1012 250//1012
f 1471//1013 1472//1013 251//1013 249//1013
f 1472//1014 1471//1014 250//1014 252//1014
f 1472//1015 1469//1015 221//1015 251//1015
f 1469//1016 1472//1016 252//1016 222//1016
f 1473//1017 1474//1017 235//1017 237//1017
f 1474//1018 1473//1018 238//1018 236//1018
f 1474//1019 1475//1019 265//1019 235//1019
f 1475//1020 1474//1020 236//1020 266//1020
f 1475//1021 1476//1021 267//1021 265//1021
f 1476//1022 1475//1022 266//1022 268//1022
f 1476//1023 1473//1023 237//1023 267//1023
f 1473//1024 1476//1024 268//1024 238//1024
f 1477//1025 1478//1025 221//1025 223//1025
f 1478//1026 1477//1026 224//1026 222//1026
f 1478//1027 1479//1027 251//1027 221//1027
f 1479//1028 1478//1028 222//1028 252//1028
f 1479//1029 1480//1029 253//1029 251//1029
f 1480//1030 1479//1030 252//1030 254//1030
f 1480//1031 1477//1031 223//1031 253//1031
f 1477//1032 1480//1032 254//1032 224//1032
f 1481//1033 1482//1033 237//1033 239//1033
f 1482//1034 1481//1034 240//1034 238//1034
f 1482//1035 1483//1035 267//1035 237//1035
f 1483//1036 1482//1036 238//1036 268//1036
f 1483//1037 1484//1037 269//1037 267//1037
f 1484//1038 1483//1038 268//1038 270//1038
f 1484//1039 1481//1039 239//1039 269//1039
f 1481//1040 1484//1040 270//1040 240//1040
f 1485//1041 1486//1041 223//1041 225//1041
f 1486//1042 1485//1042 226//1042 224//1042
f 1486//1043 1487//1043 253//1043 223//1043
f 1487//1044 1486//1044 224//1044 254//1044
f 1487//1045 1488//1045 255//1045 253//1045
f 1488//1046 1487//1046 254//1046 256//1046
f 1488//1047 1485//1047 225//1047 255//1047
f 1485//1048 1488//1048 256//1048 226//1048
f 1489//1049 1490//1049 239//1049 241//1049
f 1490//1050 1489//1050 242//1050 240//1050
f 1490//1051 1491//1051 269//1051 239//1051
f 1491//1052 1490//1052 240//1052 270//1052
f 1491//1053 1492//1053 271//1053 269//1053
f 1492//1054 1491//1054 270//1054 272//1054
f 1492//1055 1489//1055 241//1055 271//1055
f 1489//1056 1492//1056 272//1056 242//1056
f 1493//1057 1494//1057 225//1057 227//1057
f 1494//1058 1493//1058 228//1058 226//1058
f 1494//1059 1495//1059 255//1059 225//1059
f 1495//1060 1494//1060 226//1060 256//1060
f 1495//1061 1496//1061 257//1061 255//1061
f 1496//1062 1495//1062 256//1062 258//1062
f 1496//1063 1493//1063 227//1063 257//1063
f 1493//1064 1496//1064 258//1064 228//1064
f 1497//1065 1498//1065 543//1065 213//1065
f 1498//1066 1497//1066 214//1066 544//1066
f 1498//1067 1499//1067 243//1067 543//1067
f 1499//1068 1498//1068 544//1068 244//1068
f 1499//1069 1497//1069 213//1069 243//1069
f 1497//1070 1499//1070 244//1070 214//1070
f 1500//1071 1501//1071 241//1071 151//1071
f 1501//1072 1500//1072 152//1072 242//1072
f 1501//1073 1502//1073 271//1073 241//1073
f 1502//1074 1501//1074 242//1074 272//1074
f 1502//1075 1500//1075 151//1075 271//1075
f 1500//1076 1502//1076 272//1076 152//1076
f 1503//1077 1504//1077 227//1077 229//1077
f 1504//1078 1503//1078 230//1078 228//1078
f 1504//1079 1505//1079 257//1079 227//1079
f 1505//1080 1504//1080 228//1080 258//1080
f 1505//1081 1506//1081 259//1081 257//1081
f 1506//1082 1505//1082 258//1082 260//1082
f 1506//1083 1503//1083 229//1083 259//1083
f 1503//1084 1506//1084 260//1084 230//1084
f 1507//1085 1508//1085 213//1085 215//1085
f 1508//1086 1507//1086 216//1086 214//1086
f 1508//1087 1509//1087 243//1087 213//1087
f 1509//1088 1508//1088 214//1088 244//1088
f 1509//1089 1510//1089 245//1089 243//1089
f 1510//1090 1509//1090 244//1090 246//1090
f 1510//1091 1507//1091 215//1091 245//1091
f 1507//1092 1510//1092 246//1092 216//1092
f 1511//1093 1512//1093 229//1093 231//1093
f 1512//1094 1511//1094 232//1094 230//1094
f 1512//1095 1513//1095 259//1095 229//1095
f 1513//1096 1512//1096 230//1096 260//1096
f 1513//1097 1514//1097 261//1097 259//1097
f 1514//1098 1513//1098 260//1098 262//1098
f 1514//1099 1511//1099 231//1099 261//1099
f 1511//1100 1514//1100 262//1100 232//1100
f 1515//1101 1516//1101 215//1101 217//1101
f 1516//1102 1515//1102 218//1102 216//1102
f 1516//1103 1517//1103 245//1103 215//1103
f 1517//1104 1516//1104 216//1104 246//1104
f 1517//1105 1518//1105 247//1105 245//1105
f 1518//1106 1517//1106 246//1106 248//1106
f 1518//1107 1515//1107 217//1107 247//1107
f 1515//1108 1518//1108 248//1108 218//1108
f 1519//1109 1520//1109 231//1109 233//1109
f 1520//1110 1519//1110 234//1110 232//1110
f 1520//1111 1521//1111 261//1111 231//1111
f 1521//1112 1520//1112 232//1112 262//1112
f 1521//1113 1522//1113 263//1113 261//1113
f 1522//1114 1521//1114 262//1114 264//1114
f 1522//1115 1519//1115 233//1115 263//1115
f 1519//1116 1522//1116 264//1116 234//1116
f 1523//1117 1524//1117 255//1117 257//1117
f 1524//1118 1523//1118 258//1118 256//1118
f 1524//1119 1525//1119 285//1119 255//1119
f 1525//1120 1524//1120 256//1120 286//1120
f 1525//1121 1526//1121 287//1121 285//1121
f 1526//1122 1525//1122 286//1122 288//1122
f 1526//1123 1523//1123 257//1123 287//1123
f 1523//1124 1526//1124 288//1124 258//1124
f 1527//1125 1528//1125 543//1125 243//1125
f 1528//1126 1527//1126 244//1126 544//1126
f 1528//1127 1529//1127 273//1127 543//1127
f 1529//1128 1528//1128 544//1128 274//1128
f 1529//1129 1527//1129 243//1129 273//1129
f 1527//1130 1529//1130 274//1130 244//1130
f 1530//1131 1531//1131 271//1131 151//1131
f 1531//1132 1530//1132 152//1132 272//1132
f 1531//1133 1532//1133 301//1133 271//1133
f 1532//1134 1531//1134 272//1134 302//1134
f 1532//1135 1530//1135 151//1135 301//1135
f 1530//1136 1532//1136 302//1136 152//1136
f 1533//1137 1534//1137 257//1137 259//1137
f 1534//1138 1533//1138 260//1138 258//1138
f 1534//1139 1535//1139 287//1139 257//1139
f 1535//1140 1534//1140 258//1140 288//1140
f 1535//1141 1536//1141 289//1141 287//1141
f 1536//1142 1535//1142 288//1142 290//1142
f 1536//1143 1533//1143 259//1143 289//1143
f 1533//1144 1536//1144 290//1144 260//1144
f 1537//1145 1538//1145 243//1145 245//1145
f 1538//1146 1537//1146 246//1146 244//1146
f 1538//1147 1539//1147 273//1147 243//1147
f 1539//1148 1538//1148 244//1148 274//1148
f 1539//1149 1540//1149 275//1149 273//1149
f 1540//1150 1539//1150 274//1150 276//1150
f 1540//1151 1537//1151 245//1151 275//1151
f 1537//1152 1540//1152 276//1152 246//1152
f 1541//1153 1542//1153 259//1153 261//1153
f 1542//1154 1541//1154 262//1154 260//1154
f 1542//1155 1543//1155 289//1155 259//1155
f 1543//1156 1542//1156 260//1156 290//1156
f 1543//1157 1544//1157 291//1157 289//1157
f 1544//1158 1543//1158 290//1158 292//1158
f 1544//1159 1541//1159 261//1159 291//1159
f 1541//1160 1544//1160 292//1160 262//1160
f 1545//1161 1546//1161 245//1161 247//1161
f 1546//1162 1545//1162 248//1162 246//1162
f 1546//1163 1547//1163 275//1163 245//1163
f 1547//1164 1546//1164 246//1164 276//1164
f 1547//1165 1548//1165 277//1165 275//1165
f 1548//1166 1547//1166 276//1166 278//1166
f 1548//1167 1545//1167 247//1167 277//1167
f 1545//1168 1548//1168 278//1168 248//1168
f 1549//1169 1550//1169 261//1169 263//1169
f 1550//1170 1549//1170 264//1170 262//1170
f 1550//1171 1551//1171 291//1171 261//1171
f 1551//1172 1550//1172 262//1172 292//1172
f 1551//1173 1552//1173 293//1173 291//1173
f 1552//1174 1551//1174 292//1174 294//1174
f 1552//1175 1549//1175 263//1175 293//1175
f 1549//1176 1552//1176 294//1176 264//1176
f 1553//1177 1554//1177 247//1177 249//1177
f 1554//1178 1553//1178 250//1178 248//1178
f 1554//1179 1555//1179 277//1179 247//1179
f 1555//1180 1554//1180 248//1180 278//1180
f 1555//1181 1556//1181 279//1181 277//1181
f 1556//1182 1555//1182 278//1182 280//1182
f 1556//1183 1553//1183 249//1183 279//1183
f 1553//1184 1556//1184 280//1184 250//1184
f 1557//1185 1558//1185 263//1185 265//1185
f 1558//1186 1557//1186 266//1186 264//1186
f 1558//1187 1559//1187 293//1187 263//1187
f 1559//1188 1558//1188 264//1188 294//1188
f 1559//1189 1560//1189 295//1189 293//1189
f 1560//1190 1559//1190 294//1190 296//1190
f 1560//1191 1557//1191 265//1191 295//1191
f 1557//1192 1560//1192 296//1192 266//1192
f 1561//1193 1562//1193 249//1193 251//1193
f 1562//1194 1561//1194 252//1194 250//1194
f 1562//1195 1563//1195 279//1195 249//1195
f 1563//1196 1562//1196 250//1196 280//1196
f 1563//1197 1564//1197 281//1197 279//1197
f 1564//1198 1563//1198 280//1198 282//1198
f 1564//1199 1561//1199 251//1199 281//1199
f 1561//1200 1564//1200 282//1200 252//1200
f 1565//1201 1566//1201 265//1201 267//1201
f 1566//1202 1565//1202 268//1202 266//1202
f 1566//1203 1567//1203 295//1203 265//1203
f 1567//1204 1566//1204 266//1204 296//1204
f 1567//1205 1568//1205 297//1205 295//1205
f 1568//1206 1567//1206 296//1206 298//1206
f 1568//1207 1565//1207 267//1207 297//1207
f 1565//1208 1568//1208 298//1208 268//1208
f 1569//1209 1570//1209 251//1209 253//1209
f 1570//1210 1569//1210 254//1210 252//1210
f 1570//1211 1571//1211 281//1211 251//1211
f 1571//1212 1570//1212 252//1212 282//1212
f 1571//1213 1572//1213 283//1213 281//1213
f 1572//1214 1571//1214 282//1214 284//1214
f 1572//1215 1569//1215 253//1215 283//1215
f 1569//1216 1572//1216 284//1216 254//1216
f 1573//1217 1574//1217 267//1217 269//1217
f 1574//1218 1573//1218 270//1218 268//1218
f 1574//1219 1575//1219 297//1219 267//1219
f 1575//1220 1574//1220 268//1220 298//1220
f 1575//1221 1576//1221 299//1221 297//1221
f 1576//1222 1575//1222 298//1222 300//1222
f 1576//1223 1573//1223 269//1223 299//1223
f 1573//1224 1576//1224 300//1224 270//1224
f 1577//1225 1578//1225 253//1225 255//1225
f 1578//1226 1577//1226 256//1226 254//1226
f 1578//1227 1579//1227 283//1227 253//1227
f 1579//1228 1578//1228 254//1228 284//1228
f 1579//1229 1580//1229 285//1229 283//1229
f 1580//1230 1579//1230 284//1230 286//1230
f 1580//1231 1577//1231 255//1231 285//1231
f 1577//1232 1580//1232 286//1232 256//1232
f 1581//1233 1582//1233 269//1233 271//1233
f 1582//1234 1581//1234 272//1234 270//1234
f 1582//1235 1583//1235 299//1235 269//1235
f 1583//1236 1582//1236 270//1236 300//1236
f 1583//1237 1584//1237 301//1237 299//1237
f 1584//1238 1583//1238 300//1238 302//1238
f 1584//1239 1581//1239 271//1239 301//1239
f 1581//1240 1584//1240 302//1240 272//1240
f 1585//1241 1586//1241 293//1241 295//1241
f 1586//1242 1585//1242 296//1242 294//1242
f 1586//1243 1587//1243 323//1243 293//1243
f 1587//1244 1586//1244 294//1244 324//1244
f 1587//1245 1588//1245 325//1245 323//1245
f 1588//1246 1587//1246 324//1246 326//1246
f 1588//1247 1585//1247 295//1247 325//1247
f 1585//1248 1588//1248 326//1248 296//1248
f 1589//1249 1590//1249 279//1249 281//1249
f 1590//1250 1589//1250 282//1250 280//1250
f 1590//1251 1591//1251 309//1251 279//1251
f 1591//1252 1590//1252 280//1252 310//1252
f 1591//1253 1592//1253 311//1253 309//1253
f 1592//1254 1591//1254 310//1254 312//1254
f 1592//1255 1589//1255 281//1255 311//1255
f 1589//1256 1592//1256 312//1256 282//1256
f 1593//1257 1594//1257 295//1257 297//1257
f 1594//1258 1593//1258 298//1258 296//1258
f 1594//1259 1595//1259 325//1259 295//1259
f 1595//1260 1594//1260 296//1260 326//1260
f 1595//1261 1596//1261 327//1261 325//1261
f 1596//1262 1595//1262 326//1262 328//1262
f 1596//1263 1593//1263 297//1263 327//1263
f 1593//1264 1596//1264 328//1264 298//1264
f 1597//1265 1598//1265 281//1265 283//1265
f 1598//1266 1597//1266 284//1266 282//1266
f 1598//1267 1599//1267 311//1267 281//1267
f 1599//1268 1598//1268 282//1268 312//1268
f 1599//1269 1600//1269 313//1269 311//1269
f 1600//1270 1599//1270 312//1270 314//1270
f 1600//1271 1597//1271 283//1271 313//1271
f 1597//1272 1600//1272 314//1272 284//1272
f 1601//1273 1602//1273 297//1273 299//1273
f 1602//1274 1601//1274 300//1274 298//1274
f 1602//1275 1603//1275 327//1275 297//1275
f 1603//1276 1602//1276 298//1276 328//1276
f 1603//1277 1604//1277 329//1277 327//1277
f 1604//1278 1603//1278 328//1278 330//1278
f 1604//1279 1601//1279 299//1279 329//1279
f 1601//1280 1604//1280 330//1280 300//1280
f 1605//1281 1606//1281 283//1281 285//1281
f 1606//1282 1605//1282 286//1282 284//1282
f 1606//1283 1607//1283 313//1283 283//1283
f 1607//1284 1606//1284 284//1284 314//1284
f 1607//1285 1608//1285 315//1285 313//1285
f 1608//1286 1607//1286 314//1286 316//1286
f 1608//1287 1605//1287 285//1287 315//1287
f 1605//1288 1608//1288 316//1288 286//1288
f 1609//1289 1610//1289 299//1289 301//1289
f 1610//1290 1609//1290 302//1290 300//1290
f 1610//1291 1611//1291 329//1291 299//1291
f 1611//1292 1610//1292 300//1292 330//1292
f 1611//1293 1612//1293 331//1293 329//1293
f 1612//1294 1611//1294 330//1294 332//1294
f 1612//1295 1609//1295 301//1295 331//1295
f 1609//1296 1612//1296 332//1296 302//1296
f 1613//1297 1614//1297 285//1297 287//1297
f 1614//1298 1613//1298 288//1298 286//1298
f 1614//1299 1615//1299 315//1299 285//1299
f 1615//1300 1614//1300 286//1300 316//1300
f 1615//1301 1616//1301 317//1301 315//1301
f 1616//1302 1615//1302 316//1302 318//1302
f 1616//1303 1613//1303 287//1303 317//1303
f 1613//1304 1616//1304 318//1304 288//1304
f 1617//1305 1618//1305 543//1305 273//1305
f 1618//1306 1617//1306 274//1306 544//1306
f 1618//1307 1619//1307 303//1307 543//1307
f 1619//1308 1618//1308 544//1308 304//1308
f 1619//1309 1617//1309 273//1309 303//1309
f 1617//1310 1619//1310 304//1310 274//1310
f 1620//1311 1621//1311 301//1311 151//1311
f 1621//1312 1620//1312 152//1312 302//1312
f 1621//1313 1622//1313 331//1313 301//1313
f 1622//1314 1621//1314 302//1314 332//1314
f 1622//1315 1620//1315 151//1315 331//1315
f 1620//1316 1622//1316 332//1316 152//1316
f 1623//1317 1624//1317 287//1317 289//1317
f 1624//1318 1623//1318 290//1318 288//1318
f 1624//1319 1625//1319 317//1319 287//1319
f 1625//1320 1624//1320 288//1320 318//1320
f 1625//1321 1626//1321 319//1321 317//1321
f 1626//1322 1625//1322 318//1322 320//1322
f 1626//1323 1623//1323 289//1323 319//1323
f 1623//1324 1626//1324 320//1324 290//1324
f 1627//1325 1628//1325 273//1325 275//1325
f 1628//1326 1627//1326 276//1326 274//1326
f 1628//1327 1629//1327 303//1327 273//1327
f 1629//1328 1628//1328 274//1328 304//1328
f 1629//1329 1630//1329 305//1329 303//1329
f 1630//1330 1629//1330 304//1330 306//1330
f 1630//1331 1627//1331 275//1331 305//1331
f 1627//1332 1630//1332 306//1332 276//1332
f 1631//1333 1632//1333 289//1333 291//1333
f 1632//1334 1631//1334 292//1334 290//1334
f 1632//1335 1633//1335 319//1335 289//1335
f 1633//1336 1632//1336 290//1336 320//1336
f 1633//1337 1634//1337 321//1337 319//1337
f 1634//1338 1633//1338 320//1338 322//1338
f 1634//1339 1631//1339 291//1339 321//1339
f 1631//1340 1634//1340 322//1340 292//1340
f 1635//1341 1636//1341 275//1341 277//1341
f 1636//1342 1635//1342 278//1342 276//1342
f 1636//1343 1637//1343 305//1343 275//1343
f 1637//1344 1636//1344 276//1344 306//1344
f 1637//1345 1638//1345 307//1345 305//1345
f 1638//1346 1637//1346 306//1346 308//1346
f 1638//1347 1635//1347 277//1347 307//1347
f 1635//1348 1638//1348 308//1348 278//1348
f 1639//1349 1640//1349 291//1349 293//1349
f 1640//1350 1639//1350 294//1350 292//1350
f 1640//1351 1641//1351 321//1351 291//1351
f 1641//1352 1640//1352 292//1352 322//1352
f 1641//1353 1642//1353 323//1353 321//1353
f 1642//1354 1641//1354 322//1354 324//1354
f 1642//1355 1639//1355 293//1355 323//1355
f 1639//1356 1642//1356 324//1356 294//1356
f 1643//1357 1644//1357 277//1357 279//1357
f 1644//1358 1643//1358 280//1358 278//1358
f 1644//1359 1645//1359 307//1359 277//1359
f 1645//1360 1644//1360 278//1360 308//1360
f 1645//1361 1646//1361 309//1361 307//1361
f 1646//1362 1645//1362 308//1362 310//1362
f 1646//1363 1643//1363 279//1363 309//1363
f 1643//1364 1646//1364 310//1364 280//1364
f 1647//1365 1648//1365 331//1365 151//1365
f 1648//1366 1647//1366 152//1366 332//1366
f 1648//1367 1649//1367 361//1367 331//1367
f 1649//1368 1648//1368 332//1368 362//1368
f 1649//1369 1647//1369 151//1369 361//1369
f 1647//1370 1649//1370 362//1370 152//1370
f 1650//1371 1651//1371 317//1371 319//1371
f 1651//1372 1650//1372 320//1372 318//1372
f 1651//1373 1652//1373 347//1373 317//1373
f 1652//1374 1651//1374 318//1374 348//1374
f 1652//1375 1653//1375 349//1375 347//1375
f 1653//1376 1652//1376 348//1376 350//1376
f 1653//1377 1650//1377 319//1377 349//1377
f 1650//1378 1653//1378 350//1378 320//1378
f 1654//1379 1655//1379 303//1379 305//1379
f 1655//1380 1654//1380 306//1380 304//1380
f 1655//1381 1656//1381 333//1381 303//1381
f 1656//1382 1655//1382 304//1382 334//1382
f 1656//1383 1657//1383 335//1383 333//1383
f 1657//1384 1656//1384 334//1384 336//1384
f 1657//1385 1654//1385 305//1385 335//1385
f 1654//1386 1657//1386 336//1386 306//1386
f 1658//1387 1659//1387 319//1387 321//1387
f 1659//1388 1658//1388 322//1388 320//1388
f 1659//1389 1660//1389 349//1389 319//1389
f 1660//1390 1659//1390 320//1390 350//1390
f 1660//1391 1661//1391 351//1391 349//1391
f 1661//1392 1660//1392 350//1392 352//1392
f 1661//1393 1658//1393 321//1393 351//1393
f 1658//1394 1661//1394 352//1394 322//1394
f 1662//1395 1663//1395 305//1395 307//1395
f 1663//1396 1662//1396 308//1396 306//1396
f 1663//1397 1664//1397 335//1397 305//1397
f 1664//1398 1663//1398 306//1398 336//1398
f 1664//1399 1665//1399 337//1399 335//1399
f 1665//1400 1664//1400 336//1400 338//1400
f 1665//1401 1662//1401 307//1401 337//1401
f 1662//1402 1665//1402 338//1402 308//1402
f 1666//1403 1667//1403 321//1403 323//1403
f 1667//1404 1666//1404 324//1404 322//1404
f 1667//1405 1668//1405 351//1405 321//1405
f 1668//1406 1667//1406 322//1406 352//1406
f 1668//1407 1669//1407 353//1407 351//1407
f 1669//1408 1668//1408 352//1408 354//1408
f 1669//1409 1666//1409 323//1409 353//1409
f 1666//1410 1669//1410 354//1410 324//1410
f 1670//1411 1671//1411 307//1411 309//1411
f 1671//1412 1670//1412 310//1412 308//1412
f 1671//1413 1672//1413 337//1413 307//1413
f 1672//1414 1671//1414 308//1414 338//1414
f 1672//1415 1673//1415 339//1415 337//1415
f 1673//1416 1672//1416 338//1416 340//1416
f 1673//1417 1670//1417 309//1417 339//1417
f 1670//1418 1673//1418 340//1418 310//1418
f 1674//1419 1675//1419 323//1419 325//1419
f 1675//1420 1674//1420 326//1420 324//1420
f 1675//1421 1676//1421 353//1421 323//1421
f 1676//1422 1675//1422 324//1422 354//1422
f 1676//1423 1677//1423 355//1423 353//1423
f 1677//1424 1676//1424 354//1424 356//1424
f 1677//1425 1674//1425 325//1425 355//1425
f 1674//1426 1677//1426 356//1426 326//1426
f 1678//1427 1679//1427 309//1427 311//1427
f 1679//1428 1678//1428 312//1428 310//1428
f 1679//1429 1680//1429 339//1429 309//1429
f 1680//1430 1679//1430 310//1430 340//1430
f 1680//1431 1681//1431 341//1431 339//1431
f 1681//1432 1680//1432 340//1432 342//1432
f 1681//1433 1678//1433 311//1433 341//1433
f 1678//1434 1681//1434 342//1434 312//1434
f 1682//1435 1683//1435 325//1435 327//1435
f 1683//1436 1682//1436 328//1436 326//1436
f 1683//1437 1684//1437 355//1437 325//1437
f 1684//1438 1683//1438 326//1438 356//1438
f 1684//1439 1685//1439 357//1439 355//1439
f 1685//1440 1684//1440 356//1440 358//1440
f 1685//1441 1682//1441 327//1441 357//1441
f 1682//1442 1685//1442 358//1442 328//1442
f 1686//1443 1687//1443 311//1443 313//1443
f 1687//1444 1686//1444 314//1444 312//1444
f 1687//1445 1688//1445 341//1445 311//1445
f 1688//1446 1687//1446 312//1446 342//1446
f 1688//1447 1689//1447 343//1447 341//1447
f 1689//1448 1688//1448 342//1448 344//1448
f 1689//1449 1686//1449 313//1449 343//1449
f 1686//1450 1689//1450 344//1450 314//1450
f 1690//1451 1691//1451 327//1451 329//1451
f 1691//1452 1690//1452 330//1452 328//1452
f 1691//1453 1692//1453 357//1453 327//1453
f 1692//1454 1691//1454 328//1454 358//1454
f 1692//1455 1693//1455 359//1455 357//1455
f 1693//1456 1692//1456 358//1456 360//1456
f 1693//1457 1690//1457 329//1457 359//1457
f 1690//1458 1693//1458 360//1458 330//1458
f 1694//1459 1695//1459 313//1459 315//1459
f 1695//1460 1694//1460 316//1460 314//1460
f 1695//1461 1696//1461 343//1461 313//1461
f 1696//1462 1695//1462 314//1462 344//1462
f 1696//1463 1697//1463 345//1463 343//1463
f 1697//1464 1696//1464 344//1464 346//1464
f 1697//1465 1694//1465 315//1465 345//1465
f 1694//1466 1697//1466 346//1466 316//1466
f 1698//1467 1699//1467 329//1467 331//1467
f 1699//1468 1698//1468 332//1468 330//1468
f 1699//1469 1700//1469 359//1469 329//1469
f 1700//1470 1699//1470 330//1470 360//1470
f 1700//1471 1701//1471 361//1471 359//1471
f 1701//1472 1700//1472 360//1472 362//1472
f 1701//1473 1698//1473 331//1473 361//1473
f 1698//1474 1701//1474 362//1474 332//1474
f 1702//1475 1703//1475 315//1475 317//1475
f 1703//1476 1702//1476 318//1476 316//1476
f 1703//1477 1704//1477 345//1477 315//1477
f 1704//1478 1703//1478 316//1478 346//1478
f 1704//1479 1705//1479 347//1479 345//1479
f 1705//1480 1704//1480 346//1480 348//1480
f 1705//1481 1702//1481 317//1481 347//1481
f 1702//1482 1705//1482 348//1482 318//1482
f 1706//1483 1707//1483 543//1483 303//1483
f 1707//1484 1706//1484 304//1484 544//1484
f 1707//1485 1708//1485 333//1485 543//1485
f 1708//1486 1707//1486 544//1486 334//1486
f 1708//1487 1706//1487 303//1487 333//1487
f 1706//1488 1708//1488 334//1488 304//1488
f 1709//1489 1710//1489 355//1489 357//1489
f 1710//1490 1709//1490 358//1490 356//1490
f 1710//1491 1711//1491 385//1491 355//1491
f 1711//1492 1710//1492 356//1492 386//1492
f 1711//1493 1712//1493 387//1493 385//1493
f 1712//1494 1711//1494 386//1494 388//1494
f 1712//1495 1709//1495 357//1495 387//1495
f 1709//1496 1712//1496 388//1496 358//1496
f 1713//1497 1714//1497 341//1497 343//1497
f 1714//1498 1713//1498 344//1498 342//1498
f 1714//1499 1715//1499 371//1499 341//1499
f 1715//1500 1714//1500 342//1500 372//1500
f 1715//1501 1716//1501 373//1501 371//1501
f 1716//1502 1715//1502 372//1502 374//1502
f 1716//1503 1713//1503 343//1503 373//1503
f 1713//1504 1716//1504 374//1504 344//1504
f 1717//1505 1718//1505 357//1505 359//1505
f 1718//1506 1717//1506 360//1506 358//1506
f 1718//1507 1719//1507 387//1507 357//1507
f 1719//1508 1718//1508 358//1508 388//1508
f 1719//1509 1720//1509 389//1509 387//1509
f 1720//1510 1719//1510 388//1510 390//1510
f 1720//1511 1717//1511 359//1511 389//1511
f 1717//1512 1720//1512 390//1512 360//1512
f 1721//1513 1722//1513 343//1513 345//1513
f 1722//1514 1721//1514 346//1514 344//1514
f 1722//1515 1723//1515 373//1515 343//1515
f 1723//1516 1722//1516 344//1516 374//1516
f 1723//1517 1724//1517 375//1517 373//1517
f 1724//1518 1723//1518 374//1518 376//1518
f 1724//1519 1721//1519 345//1519 375//1519
f 1721//1520 1724//1520 376//1520 346//1520
f 1725//1521 1726//1521 359//1521 361//1521
f 1726//1522 1725//1522 362//1522 360//1522
f 1726//1523 1727//1523 389//1523 359//1523
f 1727//1524 1726//1524 360//1524 390//1524
f 1727//1525 1728//1525 391//1525 389//1525
f 1728//1526 1727//1526 390//1526 392//1526
f 1728//1527 1725//1527 361//1527 391//1527
f 1725//1528 1728//1528 392//1528 362//1528
f 1729//1529 1730//1529 345//1529 347//1529
f 1730//1530 1729//1530 348//1530 346//1530
f 1730//1531 1731//1531 375//1531 345//1531
f 1731//1532 1730//1532 346//1532 376//1532
f 1731//1533 1732//1533 377//1533 375//1533
f 1732//1534 1731//1534 376//1534 378//1534
f 1732//1535 1729//1535 347//1535 377//1535
f 1729//1536 1732//1536 378//1536 348//1536
f 1733//1537 1734//1537 543//1537 333//1537
f 1734//1538 1733//1538 334//1538 544//1538
f 1734//1539 1735//1539 363//1539 543//1539
f 1735//1540 1734//1540 544//1540 364//1540
f 1735//1541 1733//1541 333//1541 363//1541
f 1733//1542 1735//1542 364//1542 334//1542
f 1736//1543 1737//1543 361//1543 151//1543
f 1737//1544 1736//1544 152//1544 362//1544
f 1737//1545 1738//1545 391//1545 361//1545
f 1738//1546 1737//1546 362//1546 392//1546
f 1738//1547 1736//1547 151//1547 391//1547
f 1736//1548 1738//1548 392//1548 152//1548
f 1739//1549 1740//1549 347//1549 349//1549
f 1740//1550 1739//1550 350//1550 348//1550
f 1740//1551 1741//1551 377//1551 347//1551
f 1741//1552 1740//1552 348//1552 378//1552
f 1741//1553 1742//1553 379//1553 377//1553
f 1742//1554 1741//1554 378//1554 380//1554
f 1742//1555 1739//1555 349//1555 379//1555
f 1739//1556 1742//1556 380//1556 350//1556
f 1743//1557 1744//1557 333//1557 335//1557
f 1744//1558 1743//1558 336//1558 334//1558
f 1744//1559 1745//1559 363//1559 333//1559
f 1745//1560 1744//1560 334//1560 364//1560
f 1745//1561 1746//1561 365//1561 363//1561
f 1746//1562 1745//1562 364//1562 366//1562
f 1746//1563 1743//1563 335//1563 365//1563
f 1743//1564 1746//1564 366//1564 336//1564
f 1747//1565 1748//1565 349//1565 351//1565
f 1748//1566 1747//1566 352//1566 350//1566
f 1748//1567 1749//1567 379//1567 349//1567
f 1749//1568 1748//1568 350//1568 380//1568
f 1749//1569 1750//1569 381//1569 379//1569
f 1750//1570 1749//1570 380//1570 382//1570
f 1750//1571 1747//1571 351//1571 381//1571
f 1747//1572 1750//1572 382//1572 352//1572
f 1751//1573 1752//1573 335//1573 337//1573
f 1752//1574 1751//1574 338//1574 336//1574
f 1752//1575 1753//1575 365//1575 335//1575
f 1753//1576 1752//1576 336//1576 366//1576
f 1753//1577 1754//1577 367//1577 365//1577
f 1754//1578 1753//1578 366//1578 368//1578
f 1754//1579 1751//1579 337//1579 367//1579
f 1751//1580 1754//1580 368//1580 338//1580
f 1755//1581 1756//1581 351//1581 353//1581
f 1756//1582 1755//1582 354//1582 352//1582
f 1756//1583 1757//1583 381//1583 351//1583
f 1757//1584 1756//1584 352//1584 382//1584
f 1757//1585 1758//1585 383//1585 381//1585
f 1758//1586 1757//1586 382//1586 384//1586
f 1758//1587 1755//1587 353//1587 383//1587
f 1755//1588 1758//1588 384//1588 354//1588
f 1759//1589 1760//1589 337//1589 339//1589
f 1760//1590 1759//1590 340//1590 338//1590
f 1760//1591 1761//1591 367//1591 337//1591
f 1761//1592 1760//1592 338//1592 368//1592
f 1761//1593 1762//1593 369//1593 367//1593
f 1762//1594 1761//1594 368//1594 370//1594
f 1762//1595 1759//1595 339//1595 369//1595
f 1759//1596 1762//1596 370//1596 340//1596
f 1763//1597 1764//1597 353//1597 355//1597
f 1764//1598 1763//1598 356//1598 354//1598
f 1764//1599 1765//1599 383//1599 353//1599
f 1765//1600 1764//1600 354//1600 384//1600
f 1765//1601 1766//1601 385//1601 383//1601
f 1766//1602 1765//1602 384//1602 386//1602
f 1766//1603 1763//1603 355//1603 385//1603
f 1763//1604 1766//1604 386//1604 356//1604
f 1767//1605 1768//1605 339//1605 341//1605
f 1768//1606 1767//1606 342//1606 340//1606
f 1768//1607 1769//1607 369//1607 339//1607
f 1769//1608 1768//1608 340//1608 370//1608
f 1769//1609 1770//1609 371//1609 369//1609
f 1770//1610 1769//1610 370//1610 372//1610
f 1770//1611 1767//1611 341//1611 371//1611
f 1767//1612 1770//1612 372//1612 342//1612
f 1771//1613 1772//1613 363//1613 365//1613
f 1772//1614 1771//1614 366//1614 364//1614
f 1772//1615 1773//1615 393//1615 363//1615
f 1773//1616 1772//1616 364//1616 394//1616
f 1773//1617 1774//1617 395//1617 393//1617
f 1774//1618 1773//1618 394//1618 396//1618
f 1774//1619 1771//1619 365//1619 395//1619
f 1771//1620 1774//1620 396//1620 366//1620
f 1775//1621 1776//1621 379//1621 381//1621
f 1776//1622 1775//1622 382//1622 380//1622
f 1776//1623 1777//1623 409//1623 379//1623
f 1777//1624 1776//1624 380//1624 410//1624
f 1777//1625 1778//1625 411//1625 409//1625
f 1778//1626 1777//1626 410//1626 412//1626
f 1778//1627 1775//1627 381//1627 411//1627
f 1775//1628 1778//1628 412//1628 382//1628
f 1779//1629 1780//1629 365//1629 367//1629
f 1780//1630 1779//1630 368//1630 366//1630
f 1780//1631 1781//1631 395//1631 365//1631
f 1781//1632 1780//1632 366//1632 396//1632
f 1781//1633 1782//1633 397//1633 395//1633
f 1782//1634 1781//1634 396//1634 398//1634
f 1782//1635 1779//1635 367//1635 397//1635
f 1779//1636 1782//1636 398//1636 368//1636
f 1783//1637 1784//1637 381//1637 383//1637
f 1784//1638 1783//1638 384//1638 382//1638
f 1784//1639 1785//1639 411//1639 381//1639
f 1785//1640 1784//1640 382//1640 412//1640
f 1785//1641 1786//1641 413//1641 411//1641
f 1786//1642 1785//1642 412//1642 414//1642
f 1786//1643 1783//1643 383//1643 413//1643
f 1783//1644 1786//1644 414//1644 384//1644
f 1787//1645 1788//1645 367//1645 369//1645
f 1788//1646 1787//1646 370//1646 368//1646
f 1788//1647 1789//1647 397//1647 367//1647
f 1789//1648 1788//1648 368//1648 398//1648
f 1789//1649 1790//1649 399//1649 397//1649
f 1790//1650 1789//1650 398//1650 400//1650
f 1790//1651 1787//1651 369//1651 399//1651
f 1787//1652 1790//1652 400//1652 370//1652
f 1791//1653 1792//1653 383//1653 385//1653
f 1792//1654 1791//1654 386//1654 384//1654
f 1792//1655 1793//1655 413//1655 383//1655
f 1793//1656 1792//1656 384//1656 414//1656
f 1793//1657 1794//1657 415//1657 413//1657
f 1794//1658 1793//1658 414//1658 416//1658
f 1794//1659 1791//1659 385//1659 415//1659
f 1791//1660 1794//1660 416//1660 386//1660
f 1795//1661 1796//1661 369//1661 371//1661
f 1796//1662 1795//1662 372//1662 370//1662
f 1796//1663 1797//1663 399//1663 369//1663
f 1797//1664 1796//1664 370//1664 400//1664
f 1797//1665 1798//1665 401//1665 399//1665
f 1798//1666 1797//1666 400//1666 402//1666
f 1798//1667 1795//1667 371//1667 401//1667
f 1795//1668 1798//1668 402//1668 372//1668
f 1799//1669 1800//1669 385//1669 387//1669
f 1800//1670 1799//1670 388//1670 386//1670
f 1800//1671 1801//1671 415//1671 385//1671
f 1801//1672 1800//1672 386//1672 416//1672
f 1801//1673 1802//1673 417//1673 415//1673
f 1802//1674 1801//1674 416//1674 418//1674
f 1802//1675 1799//1675 387//1675 417//1675
f 1799//1676 1802//1676 418//1676 388//1676
f 1803//1677 1804//1677 371//1677 373//1677
f 1804//1678 1803//1678 374//1678 372//1678
f 1804//1679 1805//1679 401//1679 371//1679
f 1805//1680 1804//1680 372//1680 402//1680
f 1805//1681 1806//1681 403//1681 401//1681
f 1806//1682 1805//1682 402//1682 404//1682
f 1806//1683 1803//1683 373//1683 403//1683
f 1803//1684 1806//1684 404//1684 374//1684
f 1807//1685 1808//1685 387//1685 389//1685
f 1808//1686 1807//1686 390//1686 388//1686
f 1808//1687 1809//1687 417//1687 387//1687
f 1809//1688 1808//1688 388//1688 418//1688
f 1809//1689 1810//1689 419//1689 417//1689
f 1810//1690 1809//1690 418//1690 420//1690
f 1810//1691 1807//1691 389//1691 419//1691
f 1807//1692 1810//1692 420//1692 390//1692
f 1811//1693 1812//1693 373//1693 375//1693
f 1812//1694 1811//1694 376//1694 374//1694
f 1812//1695 1813//1695 403//1695 373//1695
f 1813//1696 1812//1696 374//1696 404//1696
f 1813//1697 1814//1697 405//1697 403//1697
f 1814//1698 1813//1698 404//1698 406//1698
f 1814//1699 1811//1699 375//1699 405//1699
f 1811//1700 1814//1700 406//1700 376//1700
f 1815//1701 1816//1701 389//1701 391//1701
f 1816//1702 1815//1702 392//1702 390//1702
f 1816//1703 1817//1703 419//1703 389//1703
f 1817//1704 1816//1704 390//1704 420//1704
f 1817//1705 1818//1705 421//1705 419//1705
f 1818//1706 1817//1706 420//1706 422//1706
f 1818//1707 1815//1707 391//1707 421//1707
f 1815//1708 1818//1708 422//1708 392//1708
f 1819//1709 1820//1709 375//1709 377//1709
f 1820//1710 1819//1710 378//1710 376//1710
f 1820//1711 1821//1711 405//1711 375//1711
f 1821//1712 1820//1712 376//1712 406//1712
f 1821//1713 1822//1713 407//1713 405//1713
f 1822//1714 1821//1714 406//1714 408//1714
f 1822//1715 1819//1715 377//1715 407//1715
f 1819//1716 1822//1716 408//1716 378//1716
f 1823//1717 1824//1717 543//1717 363//1717
f 1824//1718 1823//1718 364//1718 544//1718
f 1824//1719 1825//1719 393//1719 543//1719
f 1825//1720 1824//1720 544//1720 394//1720
f 1825//1721 1823//1721 363//1721 393//1721
f 1823//1722 1825//1722 394//1722 364//1722
f 1826//1723 1827//1723 391//1723 151//1723
f 1827//1724 1826//1724 152//1724 392//1724
f 1827//1725 1828//1725 421//1725 391//1725
f 1828//1726 1827//1726 392//1726 422//1726
f 1828//1727 1826//1727 151//1727 421//1727
f 1826//1728 1828//1728 422//1728 152//1728
f 1829//1729 1830//1729 377//1729 379//1729
f 1830//1730 1829//1730 380//1730 378//1730
f 1830//1731 1831//1731 407//1731 377//1731
f 1831//1732 1830//1732 378//1732 408//1732
f 1831//1733 1832//1733 409//1733 407//1733
f 1832//1734 1831//1734 408//1734 410//1734
f 1832//1735 1829//1735 379//1735 409//1735
f 1829//1736 1832//1736 410//1736 380//1736
f 1833//1737 1834//1737 401//1737 403//1737
f 1834//1738 1833//1738 404//1738 402//1738
f 1834//1739 1835//1739 431//1739 401//1739
f 1835//1740 1834//1740 402//1740 432//1740
f 1835//1741 1836//1741 433//1741 431//1741
f 1836//1742 1835//1742 432//1742 434//1742
f 1836//1743 1833//1743 403//1743 433//1743
f 1833//1744 1836//1744 434//1744 404//1744
f 1837//1745 1838//1745 417//1745 419//1745
f 1838//1746 1837//1746 420//1746 418//1746
f 1838//1747 1839//1747 447//1747 417//1747
f 1839//1748 1838//1748 418//1748 448//1748
f 1839//1749 1840//1749 449//1749 447//1749
f 1840//1750 1839//1750 448//1750 450//1750
f 1840//1751 1837//1751 419//1751 449//1751
f 1837//1752 1840//1752 450//1752 420//1752
f 1841//1753 1842//1753 403//1753 405//1753
f 1842//1754 1841//1754 406//1754 404//1754
f 1842//1755 1843//1755 433//1755 403//1755
f 1843//1756 1842//1756 404//1756 434//1756
f 1843//1757 1844//1757 435//1757 433//1757
f 1844//1758 1843//1758 434//1758 436//1758
f 1844//1759 1841//1759 405//1759 435//1759
f 1841//1760 1844//1760 436//1760 406//1760
f 1845//1761 1846//1761 419//1761 421//1761
f 1846//1762 1845//1762 422//1762 420//1762
f 1846//1763 1847//1763 449//1763 419//1763
f 1847//1764 1846//1764 420//1764 450//1764
f 1847//1765 1848//1765 451//1765 449//1765
f 1848//1766 1847//1766 450//1766 452//1766
f 1848//1767 1845//1767 421//1767 451//1767
f 1845//1768 1848//1768 452//1768 422//1768
f 1849//1769 1850//1769 405//1769 407//1769
f 1850//1770 1849//1770 408//1770 406//1770
f 1850//1771 1851//1771 435//1771 405//1771
f 1851//1772 1850//1772 406//1772 436//1772
f 1851//1773 1852//1773 437//1773 435//1773
f 1852//1774 1851//1774 436//1774 438//1774
f 1852//1775 1849//1775 407//1775 437//1775
f 1849//1776 1852//1776 438//1776 408//1776
f 1853//1777 1854//1777 543//1777 393//1777
f 1854//1778 1853//1778 394//1778 544//1778
f 1854//1779 1855//1779 423//1779 543//1779
f 1855//1780 1854//1780 544//1780 424//1780
f 1855//1781 1853//1781 393//1781 423//1781
f 1853//1782 1855//1782 424//1782 394//1782
f 1856//1783 1857//1783 421//1783 151//1783
f 1857//1784 1856//1784 152//1784 422//1784
f 1857//1785 1858//1785 451//1785 421//1785
f 1858//1786 1857//1786 422//1786 452//1786
f 1858//1787 1856//1787 151//1787 451//1787
f 1856//1788 1858//1788 452//1788 152//1788
f 1859//1789 1860//1789 407//1789 409//1789
f 1860//1790 1859//1790 410//1790 408//1790
f 1860//1791 1861//1791 437//1791 407//1791
f 1861//1792 1860//1792 408//1792 438//1792
f 1861//1793 1862//1793 439//1793 437//1793
f 1862//1794 1861//1794 438//1794 440//1794
f 1862//1795 1859//1795 409//1795 439//1795
f 1859//1796 1862//1796 440//1796 410//1796
f 1863//1797 1864//1797 393//1797 395//1797
f 1864//1798 1863//1798 396//1798 394//1798
f 1864//1799 1865//1799 423//1799 393//1799
f 1865//1800 1864//1800 394//1800 424//1800
f 1865//1801 1866//1801 425//1801 423//1801
f 1866//1802 1865//1802 424//1802 426//1802
f 1866//1803 1863//1803 395//1803 425//1803
f 1863//1804 1866//1804 426//1804 396//1804
f 1867//1805 1868//1805 409//1805 411//1805
f 1868//1806 1867//1806 412//1806 410//1806
f 1868//1807 1869//1807 439//1807 409//1807
f 1869//1808 1868//1808 410//1808 440//1808
f 1869//1809 1870//1809 441//1809 439//1809
f 1870//1810 1869//1810 440//1810 442//1810
f 1870//1811 1867//1811 411//1811 441//1811
f 1867//1812 1870//1812 442//1812 412//1812
f 1871//1813 1872//1813 395//1813 397//1813
f 1872//1814 1871//1814 398//1814 396//1814
f 1872//1815 1873//1815 425//1815 395//1815
f 1873//1816 1872//1816 396//1816 426//1816
f 1873//1817 1874//1817 427//1817 425//1817
f 1874//1818 1873//1818 426//1818 428//1818
f 1874//1819 1871//1819 397//1819 427//1819
f 1871//1820 1874//1820 428//1820 398//1820
f 1875//1821 1876//1821 411//1821 413//1821
f 1876//1822 1875//1822 414//1822 412//1822
f 1876//1823 1877//1823 441//1823 411//1823
f 1877//1824 1876//1824 412//1824 442//1824
f 1877//1825 1878//1825 443//1825 441//1825
f 1878//1826 1877//1826 442//1826 444//1826
f 1878//1827 1875//1827 413//1827 443//1827
f 1875//1828 1878//1828 444//1828 414//1828
f 1879//1829 1880//1829 397//1829 399//1829
f 1880//1830 1879//1830 400//1830 398//1830
f 1880//1831 1881//1831 427//1831 397//1831
f 1881//1832 1880//1832 398//1832 428//1832
f 1881//1833 1882//1833 429//1833 427//1833
f 1882//1834 1881//1834 428//1834 430//1834
f 1882//1835 1879//1835 399//1835 429//1835
f 1879//1836 1882//1836 430//1836 400//1836
f 1883//1837 1884//1837 413//1837 415//1837
f 1884//1838 1883//1838 416//1838 414//1838
f 1884//1839 1885//1839 443//1839 413//1839
f 1885//1840 1884//1840 414//1840 444//1840
f 1885//1841 1886//1841 445//1841 443//1841
f 1886//1842 1885//1842 444//1842 446//1842
f 1886//1843 1883//1843 415//1843 445//1843
f 1883//1844 1886//1844 446//1844 416//1844
f 1887//1845 1888//1845 399//1845 401//1845
f 1888//1846 1887//1846 402//1846 400//1846
f 1888//1847 1889//1847 429//1847 399//1847
f 1889//1848 1888//1848 400//1848 430//1848
f 1889//1849 1890//1849 431//1849 429//1849
f 1890//1850 1889//1850 430//1850 432//1850
f 1890//1851 1887//1851 401//1851 431//1851
f 1887//1852 1890//1852 432//1852 402//1852
f 1891//1853 1892//1853 415//1853 417//1853
f 1892//1854 1891//1854 418//1854 416//1854
f 1892//1855 1893//1855 445//1855 415//1855
f 1893//1856 1892//1856 416//1856 446//1856
f 1893//1857 1894//1857 447//1857 445//1857
f 1894//1858 1893//1858 446//1858 448//1858
f 1894//1859 1891//1859 417//1859 447//1859
f 1891//1860 1894//1860 448//1860 418//1860
f 1895//1861 1896//1861 439//1861 441//1861
f 1896//1862 1895//1862 442//1862 440//1862
f 1896//1863 1897//1863 469//1863 439//1863
f 1897//1864 1896//1864 440//1864 470//1864
f 1897//1865 1898//1865 471//1865 469//1865
f 1898//1866 1897//1866 470//1866 472//1866
f 1898//1867 1895//1867 441//1867 471//1867
f 1895//1868 1898//1868 472//1868 442//1868
f 1899//1869 1900//1869 425//1869 427//1869
f 1900//1870 1899//1870 428//1870 426//1870
f 1900//1871 1901//1871 455//1871 425//1871
f 1901//1872 1900//1872 426//1872 456//1872
f 1901//1873 1902//1873 457//1873 455//1873
f 1902//1874 1901//1874 456//1874 458//1874
f 1902//1875 1899//1875 427//1875 457//1875
f 1899//1876 1902//1876 458//1876 428//1876
f 1903//1877 1904//1877 441//1877 443//1877
f 1904//1878 1903//1878 444//1878 442//1878
f 1904//1879 1905//1879 471//1879 441//1879
f 1905//1880 1904//1880 442//1880 472//1880
f 1905//1881 1906//1881 473//1881 471//1881
f 1906//1882 1905//1882 472//1882 474//1882
f 1906//1883 1903//1883 443//1883 473//1883
f 1903//1884 1906//1884 474//1884 444//1884
f 1907//1885 1908//1885 427//1885 429//1885
f 1908//1886 1907//1886 430//1886 428//1886
f 1908//1887 1909//1887 457//1887 427//1887
f 1909//1888 1908//1888 428//1888 458//1888
f 1909//1889 1910//1889 459//1889 457//1889
f 1910//1890 1909//1890 458//1890 460//1890
f 1910//1891 1907//1891 429//1891 459//1891
f 1907//1892 1910//1892 460//1892 430//1892
f 1911//1893 1912//1893 443//1893 445//1893
f 1912//1894 1911//1894 446//1894 444//1894
f 1912//1895 1913//1895 473//1895 443//1895
f 1913//1896 1912//1896 444//1896 474//1896
f 1913//1897 1914//1897 475//1897 473//1897
f 1914//1898 1913//1898 474//1898 476//1898
f 1914//1899 1911//1899 445//1899 475//1899
f 1911//1900 1914//1900 476//1900 446//1900
f 1915//1901 1916//1901 429//1901 431//1901
f 1916//1902 1915//1902 432//1902 430//1902
f 1916//1903 1917//1903 459//1903 429//1903
f 1917//1904 1916//1904 430//1904 460//1904
f 1917//1905 1918//1905 461//1905 459//1905
f 1918//1906 1917//1906 460//1906 462//1906
f 1918//1907 1915//1907 431//1907 461//1907
f 1915//1908 1918//1908 462//1908 432//1908
f 1919//1909 1920//1909 445//1909 447//1909
f 1920//1910 1919//1910 448//1910 446//1910
f 1920//1911 1921//1911 475//1911 445//1911
f 1921//1912 1920//1912 446//1912 476//1912
f 1921//1913 1922//1913 477//1913 475//1913
f 1922//1914 1921//1914 476//1914 478//1914
f 1922//1915 1919//1915 447//1915 477//1915
f 1919//1916 1922//1916 478//1916 448//1916
f 1923//1917 1924//1917 431//1917 433//1917
f 1924//1918 1923//1918 434//1918 432//1918
f 1924//1919 1925//1919 461//1919 431//1919
f 1925//1920 1924//1920 432//1920 462//1920
f 1925//1921 1926//1921 463//1921 461//1921
f 1926//1922 1925//1922 462//1922 464//1922
f 1926//1923 1923//1923 433//1923 463//1923
f 1923//1924 1926//1924 464//1924 434//1924
f 1927//1925 1928//1925 447//1925 449//1925
f 1928//1926 1927//1926 450//1926 448//1926
f 1928//1927 1929//1927 477//1927 447//1927
f 1929//1928 1928//1928 448//1928 478//1928
f 1929//1929 1930//1929 479//1929 477//1929
f 1930//1930 1929//1930 478//1930 480//1930
f 1930//1931 1927//1931 449//1931 479//1931
f 1927//1932 1930//1932 480//1932 450//1932
f 1931//1933 1932//1933 433//1933 435//1933
f 1932//1934 1931//1934 436//1934 434//1934
f 1932//1935 1933//1935 463//1935 433//1935
f 1933//1936 1932//1936 434//1936 464//1936
f 1933//1937 1934//1937 465//1937 463//1937
f 1934//1938 1933//1938 464//1938 466//1938
f 1934//1939 1931//1939 435//1939 465//1939
f 1931//1940 1934//1940 466//1940 436//1940
f 1935//1941 1936//1941 449//1941 451//1941
f 1936//1942 1935//1942 452//1942 450//1942
f 1936//1943 1937//1943 479//1943 449//1943
f 1937//1944 1936//1944 450//1944 480//1944
f 1937//1945 1938//1945 481//1945 479//1945
f 1938//1946 1937//1946 480//1946 482//1946
f 1938//1947 1935//1947 451//1947 481//1947
f 1935//1948 1938//1948 482//1948 452//1948
f 1939//1949 1940//1949 435//1949 437//1949
f 1940//1950 1939//1950 438//1950 436//1950
f 1940//1951 1941//1951 465//1951 435//1951
f 1941//1952 1940//1952 436//1952 466//1952
f 1941//1953 1942//1953 467//1953 465//1953
f 1942//1954 1941//1954 466//1954 468//1954
f 1942//1955 1939//1955 437//1955 467//1955
f 1939//1956 1942//1956 468//1956 438//1956
f 1943//1957 1944//1957 543//1957 423//1957
f 1944//1958 1943//1958 424//1958 544//1958
f 1944//1959 1945//1959 453//1959 543//1959
f 1945//1960 1944//1960 544//1960 454//1960
f 1945//1961 1943//1961 423//1961 453//1961
f 1943//1962 1945//1962 454//1962 424//1962
f 1946//1963 1947//1963 451//1963 151//1963
f 1947//1964 1946//1964 152//1964 452//1964
f 1947//1965 1948//1965 481//1965 451//1965
f 1948//1966 1947//1966 452//1966 482//1966
f 1948//1967 1946//1967 151//1967 481//1967
f 1946//1968 1948//1968 482//1968 152//1968
f 1949//1969 1950//1969 437//1969 439//1969
f 1950//1970 1949//1970 440//1970 438//1970
f 1950//1971 1951//1971 467//1971 437//1971
f 1951//1972 1950//1972 438//1972 468//1972
f 1951//1973 1952//1973 469//1973 467//1973
f 1952//1974 1951//1974 468//1974 470//1974
f 1952//1975 1949//1975 439//1975 469//1975
f 1949//1976 1952//1976 470//1976 440//1976
f 1953//1977 1954//1977 423//1977 425//1977
f 1954//1978 1953//1978 426//1978 424//1978
f 1954//1979 1955//1979 453//1979 423//1979
f 1955//1980 1954//1980 424//1980 454//1980
f 1955//1981 1956//1981 455//1981 453//1981
f 1956//1982 1955//1982 454//1982 456//1982
f 1956//1983 1953//1983 425//1983 455//1983
f 1953//1984 1956//1984 456//1984 426//1984
f 1957//1985 1958//1985 477//1985 479//1985
f 1958//1986 1957//1986 480//1986 478//1986
f 1958//1987 1959//1987 507//1987 477//1987
f 1959//1988 1958//1988 478//1988 508//1988
f 1959//1989 1960//1989 509//1989 507//1989
f 1960//1990 1959//1990 508//1990 510//1990
f 1960//1991 1957//1991 479//1991 509//1991
f 1957//1992 1960//1992 510//1992 480//1992
f 1961//1993 1962//1993 463//1993 465//1993
f 1962//1994 1961//1994 466//1994 464//1994
f 1962//1995 1963//1995 493//1995 463//1995
f 1963//1996 1962//1996 464//1996 494//1996
f 1963//1997 1964//1997 495//1997 493//1997
f 1964//1998 1963//1998 494//1998 496//1998
f 1964//1999 1961//1999 465//1999 495//1999
f 1961//2000 1964//2000 496//2000 466//2000
f 1965//2001 1966//2001 479//2001 481//2001
f 1966//2002 1965//2002 482//2002 480//2002
f 1966//2003 1967//2003 509//2003 479//2003
f 1967//2004 1966//2004 480//2004 510//2004
f 1967//2005 1968//2005 511//2005 509//2005
f 1968//2006 1967//2006 510//2006 512//2006
f 1968//2007 1965//2007 481//2007 511//2007
f 1965//2008 1968//2008 512//2008 482//2008
f 1969//2009 1970//2009 465//2009 467//2009
f 1970//2010 1969//2010 468//2010 466//2010
f 1970//2011 1971//2011 495//2011 465//2011
f 1971//2012 1970//2012 466//2012 496//2012
f 1971//2013 1972//2013 497//2013 495//2013
f 1972//2014 1971//2014 496//2014 498//2014
f 1972//2015 1969//2015 467//2015 497//2015
f 1969//2016 1972//2016 498//2016 468//2016
f 1973//2017 1974//2017 543//2017 453//2017
f 1974//2018 1973//2018 454//2018 544//2018
f 1974//2019 1975//2019 483//2019 543//2019
f 1975//2020 1974//2020 544//2020 484//2020
f 1975//2021 1973//2021 453//2021 483//2021
f 1973//2022 1975//2022 484//2022 454//2022
f 1976//2023 1977//2023 481//2023 151//2023
f 1977//2024 1976//2024 152//2024 482//2024
f 1977//2025 1978//2025 511//2025 481//2025
f 1978//2026 1977//2026 482//2026 512//2026
f 1978//2027 1976//2027 151//2027 511//2027
f 1976//2028 1978//2028 512//2028 152//2028
f 1979//2029 1980//2029 467//2029 469//2029
f 1980//2030 1979//2030 470//2030 468//2030
f 1980//2031 1981//2031 497//2031 467//2031
f 1981//2032 1980//2032 468//2032 498//2032
f 1981//2033 1982//2033 499//2033 497//2033
f 1982//2034 1981//2034 498//2034 500//2034
f 1982//2035 1979//2035 469//2035 499//2035
f 1979//2036 1982//2036 500//2036 470//2036
f 1983//2037 1984//2037 453//2037 455//2037
f 1984//2038 1983//2038 456//2038 454//2038
f 1984//2039 1985//2039 483//2039 453//2039
f 1985//2040 1984//2040 454//2040 484//2040
f 1985//2041 1986//2041 485//2041 483//2041
f 1986//2042 1985//2042 484//2042 486//2042
f 1986//2043 1983//2043 455//2043 485//2043
f 1983//2044 1986//2044 486//2044 456//2044
f 1987//2045 1988//2045 469//2045 471//2045
f 1988//2046 1987//2046 472//2046 470//2046
f 1988//2047 1989//2047 499//2047 469//2047
f 1989//2048 1988//2048 470//2048 500//2048
f 1989//2049 1990//2049 501//2049 499//2049
f 1990//2050 1989//2050 500//2050 502//2050
f 1990//2051 1987//2051 471//2051 501//2051
f 1987//2052 1990//2052 502//2052 472//2052
f 1991//2053 1992//2053 455//2053 457//2053
f 1992//2054 1991//2054 458//2054 456//2054
f 1992//2055 1993//2055 485//2055 455//2055
f 1993//2056 1992//2056 456//2056 486//2056
f 1993//2057 1994//2057 487//2057 485//2057
f 1994//2058 1993//2058 486//2058 488//2058
f 1994//2059 1991//2059 457//2059 487//2059
f 1991//2060 1994//2060 488//2060 458//2060
f 1995//2061 1996//2061 471//2061 473//2061
f 1996//2062 1995//2062 474//2062 472//2062
f 1996//2063 1997//2063 501//2063 471//2063
f 1997//2064 1996//2064 472//2064 502//2064
f 1997//2065 1998//2065 503//2065 501//2065
f 1998//2066 1997//2066 502//2066 504//2066
f 1998//2067 1995//2067 473//2067 503//2067
f 1995//2068 1998//2068 504//2068 474//2068
f 1999//2069 2000//2069 457//2069 459//2069
f 2000//2070 1999//2070 460//2070 458//2070
f 2000//2071 2001//2071 487//2071 457//2071
f 2001//2072 2000//2072 458//2072 488//2072
f 2001//2073 2002//2073 489//2073 487//2073
f 2002//2074 2001//2074 488//2074 490//2074
f 2002//2075 1999//2075 459//2075 489//2075
f 1999//2076 2002//2076 490//2076 460//2076
f 2003//2077 2004//2077 473//2077 475//2077
f 2004//2078 2003//2078 476//2078 474//2078
f 2004//2079 2005//2079 503//2079 473//2079
f 2005//2080 2004//2080 474//2080 504//2080
f 2005//2081 2006//2081 505//2081 503//2081
f 2006//2082 2005//2082 504//2082 506//2082
f 2006//2083 2003//2083 475//2083 505//2083
f 2003//2084 2006//2084 506//2084 476//2084
f 2007//2085 2008//2085 459//2085 461//2085
f 2008//2086 2007//2086 462//2086 460//2086
f 2008//2087 2009//2087 489//2087 459//2087
f 2009//2088 2008//2088 460//2088 490//2088
f 2009//2089 2010//2089 491//2089 489//2089
f 2010//2090 2009//2090 490//2090 492//2090
f 2010//2091 2007//2091 461//2091 491//2091
f 2007//2092 2010//2092 492//2092 462//2092
f 2011//2093 2012//2093 475//2093 477//2093
f 2012//2094 2011//2094 478//2094 476//2094
f 2012//2095 2013//2095 505//2095 475//2095
f 2013//2096 2012//2096 476//2096 506//2096
f 2013//2097 2014//2097 507//2097 505//2097
f 2014//2098 2013//2098 506//2098 508//2098
f 2014//2099 2011//2099 477//2099 507//2099
f 2011//2100 2014//2100 508//2100 478//2100
f 2015//2101 2016//2101 461//2101 463//2101
f 2016//2102 2015//2102 464//2102 462//2102
f 2016//2103 2017//2103 491//2103 461//2103
f 2017//2104 2016//2104 462//2104 492//2104
f 2017//2105 2018//2105 493//2105 491//2105
f 2018//2106 2017//2106 492//2106 494//2106
f 2018//2107 2015//2107 463//2107 493//2107
f 2015//2108 2018//2108 494//2108 464//2108
f 2019//2109 2020//2109 485//2109 487//2109
f 2020//2110 2019//2110 488//2110 486//2110
f 2020//2111 2021//2111 515//2111 485//2111
f 2021//2112 2020//2112 486//2112 516//2112
f 2021//2113 2022//2113 517//2113 515//2113
f 2022//2114 2021//2114 516//2114 518//2114
f 2022//2115 2019//2115 487//2115 517//2115
f 2019//2116 2022//2116 518//2116 488//2116
f 2023//2117 2024//2117 501//2117 503//2117
f 2024//2118 2023//2118 504//2118 502//2118
f 2024//2119 2025//2119 531//2119 501//2119
f 2025//2120 2024//2120 502//2120 532//2120
f 2025//2121 2026//2121 533//2121 531//2121
f 2026//2122 2025//2122 532//2122 534//2122
f 2026//2123 2023//2123 503//2123 533//2123
f 2023//2124 2026//2124 534//2124 504//2124
f 2027//2125 2028//2125 487//2125 489//2125
f 2028//2126 2027//2126 490//2126 488//2126
f 2028//2127 2029//2127 517//2127 487//2127
f 2029//2128 2028//2128 488//2128 518//2128
f 2029//2129 2030//2129 519//2129 517//2129
f 2030//2130 2029//2130 518//2130 520//2130
f 2030//2131 2027//2131 489//2131 519//2131
f 2027//2132 2030//2132 520//2132 490//2132
f 2031//2133 2032//2133 503//2133 505//2133
f 2032//2134 2031//2134 506//2134 504//2134
f 2032//2135 2033//2135 533//2135 503//2135
f 2033//2136 2032//2136 504//2136 534//2136
f 2033//2137 2034//2137 535//2137 533//2137
f 2034//2138 2033//2138 534//2138 536//2138
f 2034//2139 2031//2139 505//2139 535//2139
f 2031//2140 2034//2140 536//2140 506//2140
f 2035//2141 2036//2141 489//2141 491//2141
f 2036//2142 2035//2142 492//2142 490//2142
f 2036//2143 2037//2143 519//2143 489//2143
f 2037//2144 2036//2144 490//2144 520//2144
f 2037//2145 2038//2145 521//2145 519//2145
f 2038//2146 2037//2146 520//2146 522//2146
f 2038//2147 2035//2147 491//2147 521//2147
f 2035//2148 2038//2148 522//2148 492//2148
f 2039//2149 2040//2149 505//2149 507//2149
f 2040//2150 2039//2150 508//2150 506//2150
f 2040//2151 2041//2151 535//2151 505//2151
f 2041//2152 2040//2152 506//2152 536//2152
f 2041//2153 2042//2153 537//2153 535//2153
f 2042//2154 2041//2154 536//2154 538//2154
f 2042//2155 2039//2155 507//2155 537//2155
f 2039//2156 2042//2156 538//2156 508//2156
f 2043//2157 2044//2157 491//2157 493//2157
f 2044//2158 2043//2158 494//2158 492//2158
f 2044//2159 2045//2159 521//2159 491//2159
f 2045//2160 2044//2160 492//2160 522//2160
f 2045//2161 2046//2161 523//2161 521//2161
f 2046//2162 2045//2162 522//2162 524//2162
f 2046//2163 2043//2163 493//2163 523//2163
f 2043//2164 2046//2164 524//2164 494//2164
f 2047//2165 2048//2165 507//2165 509//2165
f 2048//2166 2047//2166 510//2166 508//2166
f 2048//2167 2049//2167 537//2167 507//2167
f 2049//2168 2048//2168 508//2168 538//2168
f 2049//2169 2050//2169 539//2169 537//2169
f 2050//2170 2049//2170 538//2170 540//2170
f 2050//2171 2047//2171 509//2171 539//2171
f 2047//2172 2050//2172 540//2172 510//2172
f 2051//2173 2052//2173 493//2173 495//2173
f 2052//2174 2051//2174 496//2174 494//2174
f 2052//2175 2053//2175 523//2175 493//2175
f 2053//2176 2052//2176 494//2176 524//2176
f 2053//2177 2054//2177 525//2177 523//2177
f 2054//2178 2053//2178 524//2178 526//2178
f 2054//2179 2051//2179 495//2179 525//2179
f 2051//2180 2054//2180 526//2180 496//2180
f 2055//2181 2056//2181 509//2181 511//2181
f 2056//2182 2055//2182 512//2182 510//2182
f 2056//2183 2057//2183 539//2183 509//2183
f 2057//2184 2056//2184 510//2184 540//2184
f 2057//2185 2058//2185 541//2185 539//2185
f 2058//2186 2057//2186 540//2186 542//2186
f 2058//2187 2055//2187 511//2187 541//2187
f 2055//2188 2058//2188 542//2188 512//2188
f 2059//2189 2060//2189 495//2189 497//2189
f 2060//2190 2059//2190 498//2190 496//2190
f 2060//2191 2061//2191 525//2191 495//2191
f 2061//2192 2060//2192 496//2192 526//2192
f 2061//2193 2062//2193 527//2193 525//2193
f 2062//2194 2061//2194 526//2194 528//2194
f 2062//2195 2059//2195 497//2195 527//2195
f 2059//2196 2062//2196 528//2196 498//2196
f 2063//2197 2064//2197 543//2197 483//2197
f 2064//2198 2063//2198 484//2198 544//2198
f 2064//2199 2065//2199 513//2199 543//2199
f 2065//2200 2064//2200 544//2200 514//2200
f 2065//2201 2063//2201 483//2201 513//2201
f 2063//2202 2065//2202 514//2202 484//2202
f 2066//2203 2067//2203 511//2203 151//2203
f 2067//2204 2066//2204 152//2204 512//2204
f 2067//2205 2068//2205 541//2205 511//2205
f 2068//2206 2067//2206 512//2206 542//2206
f 2068//2207 2066//2207 151//2207 541//2207
f 2066//2208 2068//2208 542//2208 152//2208
f 2069//2209 2070//2209 497//2209 499//2209
f 2070//2210 2069//2210 500//2210 498//2210
f 2070//2211 2071//2211 527//2211 497//2211
f 2071//2212 2070//2212 498//2212 528//2212
f 2071//2213 2072//2213 529//2213 527//2213
f 2072//2214 2071//2214 528//2214 530//2214
f 2072//2215 2069//2215 499//2215 529//2215
f 2069//2216 2072//2216 530//2216 500//2216
f 2073//2217 2074//2217 483//2217 485//2217
f 2074//2218 2073//2218 486//2218 484//2218
f 2074//2219 2075//2219 513//2219 483//2219
f 2075//2220 2074//2220 484//2220 514//2220
f 2075//2221 2076//2221 515//2221 513//2221
f 2076//2222 2075//2222 514//2222 516//2222
f 2076//2223 2073//2223 485//2223 515//2223
f 2073//2224 2076//2224 516//2224 486//2224
f 2077//2225 2078//2225 499//2225 501//2225
f 2078//2226 2077//2226 502//2226 500//2226
f 2078//2227 2079//2227 529//2227 499//2227
f 2079//2228 2078//2228 500//2228 530//2228
f 2079//2229 2080//2229 531//2229 529//2229
f 2080//2230 2079//2230 530//2230 532//2230
f 2080//2231 2077//2231 501//2231 531//2231
f 2077//2232 2080//2232 532//2232 502//2232
f 2081//2233 2082//2233 523//2233 525//2233
f 2082//2234 2081//2234 526//2234 524//2234
f 2082//2235 2083//2235 555//2235 523//2235
f 2083//2236 2082//2236 524//2236 556//2236
f 2083//2237 2084//2237 557//2237 555//2237
f 2084//2238 2083//2238 556//2238 558//2238
f 2084//2239 2081//2239 525//2239 557//2239
f 2081//2240 2084//2240 558//2240 526//2240
f 2085//2241 2086//2241 539//2241 541//2241
f 2086//2242 2085//2242 542//2242 540//2242
f 2086//2243 2087//2243 571//2243 539//2243
f 2087//2244 2086//2244 540//2244 572//2244
f 2087//2245 2088//2245 573//2245 571//2245
f 2088//2246 2087//2246 572//2246 574//2246
f 2088//2247 2085//2247 541//2247 573//2247
f 2085//2248 2088//2248 574//2248 542//2248
f 2089//2249 2090//2249 525//2249 527//2249
f 2090//2250 2089//2250 528//2250 526//2250
f 2090//2251 2091//2251 557//2251 525//2251
f 2091//2252 2090//2252 526//2252 558//2252
f 2091//2253 2092//2253 559//2253 557//2253
f 2092//2254 2091//2254 558//2254 560//2254
f 2092//2255 2089//2255 527//2255 559//2255
f 2089//2256 2092//2256 560//2256 528//2256
f 2093//2257 2094//2257 543//2257 513//2257
f 2094//2258 2093//2258 514//2258 544//2258
f 2094//2259 2095//2259 545//2259 543//2259
f 2095//2260 2094//2260 544//2260 546//2260
f 2095//2261 2093//2261 513//2261 545//2261
f 2093//2262 2095//2262 546//2262 514//2262
f 2096//2263 2097//2263 541//2263 151//2263
f 2097//2264 2096//2264 152//2264 542//2264
f 2097//2265 2098//2265 573//2265 541//2265
f 2098//2266 2097//2266 542//2266 574//2266
f 2098//2267 2096//2267 151//2267 573//2267
f 2096//2268 2098//2268 574//2268 152//2268
f 2099//2269 2100//2269 527//2269 529//2269
f 2100//2270 2099//2270 530//2270 528//2270
f 2100//2271 2101//2271 559//2271 527//2271
f 2101//2272 2100//2272 528//2272 560//2272
f 2101//2273 2102//2273 561//2273 559//2273
f 2102//2274 2101//2274 560//2274 562//2274
f 2102//2275 2099//2275 529//2275 561//2275
f 2099//2276 2102//2276 562//2276 530//2276
f 2103//2277 2104//2277 513//2277 515//2277
f 2104//2278 2103//2278 516//2278 514//2278
f 2104//2279 2105//2279 545//2279 513//2279
f 2105//2280 2104//2280 514//2280 546//2280
f 2105//2281 2106//2281 547//2281 545//2281
f 2106//2282 2105//2282 546//2282 548//2282
f 2106//2283 2103//2283 515//2283 547//2283
f 2103//2284 2106//2284 548//2284 516//2284
f 2107//2285 2108//2285 529//2285 531//2285
f 2108//2286 2107//2286 532//2286 530//2286
f 2108//2287 2109//2287 561//2287 529//2287
f 2109//2288 2108//2288 530//2288 562//2288
f 2109//2289 2110//2289 563//2289 561//2289
f 2110//2290 2109//2290 562//2290 564//2290
f 2110//2291 2107//2291 531//2291 563//2291
f 2107//2292 2110//2292 564//2292 532//2292
f 2111//2293 2112//2293 515//2293 517//2293
f 2112//2294 2111//2294 518//2294 516//2294
f 2112//2295 2113//2295 547//2295 515//2295
f 2113//2296 2112//2296 516//2296 548//2296
f 2113//2297 2114//2297 549//2297 547//2297
f 2114//2298 2113//2298 548//2298 550//2298
f 2114//2299 2111//2299 517//2299 549//2299
f 2111//2300 2114//2300 550//2300 518//2300
f 2115//2301 2116//2301 531//2301 533//2301
f 2116//2302 2115//2302 534//2302 532//2302
f 2116//2303 2117//2303 563//2303 531//2303
f 2117//2304 2116//2304 532//2304 564//2304
f 2117//2305 2118//2305 565//2305 563//2305
f 2118//2306 2117//2306 564//2306 566//2306
f 2118//2307 2115//2307 533//2307 565//2307
f 2115//2308 2118//2308 566//2308 534//2308
f 2119//2309 2120//2309 517//2309 519//2309
f 2120//2310 2119//2310 520//2310 518//2310
f 2120//2311 2121//2311 549//2311 517//2311
f 2121//2312 2120//2312 518//2312 550//2312
f 2121//2313 2122//2313 551//2313 549//2313
f 2122//2314 2121//2314 550//2314 552//2314
f 2122//2315 2119//2315 519//2315 551//2315
f 2119//2316 2122//2316 552//2316 520//2316
f 2123//2317 2124//2317 533//2317 535//2317
f 2124//2318 2123//2318 536//2318 534//2318
f 2124//2319 2125//2319 565//2319 533//2319
f 2125//2320 2124//2320 534//2320 566//2320
f 2125//2321 2126//2321 567//2321 565//2321
f 2126//2322 2125//2322 566//2322 568//2322
f 2126//2323 2123//2323 535//2323 567//2323
f 2123//2324 2126//2324 568//2324 536//2324
f 2127//2325 2128//2325 519//2325 521//2325
f 2128//2326 2127//2326 522//2326 520//2326
f 2128//2327 2129//2327 551//2327 519//2327
f 2129//2328 2128//2328 520//2328 552//2328
f 2129//2329 2130//2329 553//2329 551//2329
f 2130//2330 2129//2330 552//2330 554//2330
f 2130//2331 2127//2331 521//2331 553//2331
f 2127//2332 2130//2332 554//2332 522//2332
f 2131//2333 2132//2333 535//2333 537//2333
f 2132//2334 2131//2334 538//2334 536//2334
f 2132//2335 2133//2335 567//2335 535//2335
f 2133//2336 2132//2336 536//2336 568//2336
f 2133//2337 2134//2337 569//2337 567//2337
f 2134//2338 2133//2338 568//2338 570//2338
f 2134//2339 2131//2339 537//2339 569//2339
f 2131//2340 2134//2340 570//2340 538//2340
f 2135//2341 2136//2341 521//2341 523//2341
f 2136//2342 2135//2342 524//2342 522//2342
f 2136//2343 2137//2343 553//2343 521//2343
f 2137//2344 2136//2344 522//2344 554//2344
f 2137//2345 2138//2345 555//2345 553//2345
f 2138//2346 2137//2346 554//2346 556//2346
f 2138//2347 2135//2347 523//2347 555//2347
f 2135//2348 2138//2348 556//2348 524//2348
f 2139//2349 2140//2349 537//2349 539//2349
f 2140//2350 2139//2350 540//2350 538//2350
f 2140//2351 2141//2351 569//2351 537//2351
f 2141//2352 2140//2352 538//2352 570//2352
f 2141//2353 2142//2353 571//2353 569//2353
f 2142//2354 2141//2354 570//2354 572//2354
f 2142//2355 2139//2355 539//2355 571//2355
f 2139//2356 2142//2356 572//2356 540//2356
f 2143//2357 2144//2357 563//2357 565//2357
f 2144//2358 2143//2358 566//2358 564//2358
f 2144//2359 2145//2359 593//2359 563//2359
f 2145//2360 2144//2360 564//2360 594//2360
f 2145//2361 2146//2361 595//2361 593//2361
f 2146//2362 2145//2362 594//2362 596//2362
f 2146//2363 2143//2363 565//2363 595//2363
f 2143//2364 2146//2364 596//2364 566//2364
f 2147//2365 2148//2365 549//2365 551//2365
f 2148//2366 2147//2366 552//2366 550//2366
f 2148//2367 2149//2367 579//2367 549//2367
f 2149//2368 2148//2368 550//2368 580//2368
f 2149//2369 2150//2369 581//2369 579//2369
f 2150//2370 2149//2370 580//2370 582//2370
f 2150//2371 2147//2371 551//2371 581//2371
f 2147//2372 2150//2372 582//2372 552//2372
f 2151//2373 2152//2373 565//2373 567//2373
f 2152//2374 2151//2374 568//2374 566//2374
f 2152//2375 2153//2375 595//2375 565//2375
f 2153//2376 2152//2376 566//2376 596//2376
f 2153//2377 2154//2377 597//2377 595//2377
f 2154//2378 2153//2378 596//2378 598//2378
f 2154//2379 2151//2379 567//2379 597//2379
f 2151//2380 2154//2380 598//2380 568//2380
f 2155//2381 2156//2381 551//2381 553//2381
f 2156//2382 2155//2382 554//2382 552//2382
f 2156//2383 2157//2383 581//2383 551//2383
f 2157//2384 2156//2384 552//2384 582//2384
f 2157//2385 2158//2385 583//2385 581//2385
f 2158//2386 2157//2386 582//2386 584//2386
f 2158//2387 2155//2387 553//2387 583//2387
f 2155//2388 2158//2388 584//2388 554//2388
f 2159//2389 2160//2389 567//2389 569//2389
f 2160//2390 2159//2390 570//2390 568//2390
f 2160//2391 2161//2391 597//2391 567//2391
f 2161//2392 2160//2392 568//2392 598//2392
f 2161//2393 2162//2393 599//2393 597//2393
f 2162//2394 2161//2394 598//2394 600//2394
f 2162//2395 2159//2395 569//2395 599//2395
f 2159//2396 2162//2396 600//2396 570//2396
f 2163//2397 2164//2397 553//2397 555//2397
f 2164//2398 2163//2398 556//2398 554//2398
f 2164//2399 2165//2399 583//2399 553//2399
f 2165//2400 2164//2400 554//2400 584//2400
f 2165//2401 2166//2401 585//2401 583//2401
f 2166//2402 2165//2402 584//2402 586//2402
f 2166//2403 2163//2403 555//2403 585//2403
f 2163//2404 2166//2404 586//2404 556//2404
f 2167//2405 2168//2405 569//2405 571//2405
f 2168//2406 2167//2406 572//2406 570//2406
f 2168//2407 2169//2407 599//2407 569//2407
f 2169//2408 2168//2408 570//2408 600//2408
f 2169//2409 2170//2409 601//2409 599//2409
f 2170//2410 2169//2410 600//2410 602//2410
f 2170//2411 2167//2411 571//2411 601//2411
f 2167//2412 2170//2412 602//2412 572//2412
f 2171//2413 2172//2413 555//2413 557//2413
f 2172//2414 2171//2414 558//2414 556//2414
f 2172//2415 2173//2415 585//2415 555//2415
f 2173//2416 2172//2416 556//2416 586//2416
f 2173//2417 2174//2417 587//2417 585//2417
f 2174//2418 2173//2418 586//2418 588//2418
f 2174//2419 2171//2419 557//2419 587//2419
f 2171//2420 2174//2420 588//2420 558//2420
f 2175//2421 2176//2421 571//2421 573//2421
f 2176//2422 2175//2422 574//2422 572//2422
f 2176//2423 2177//2423 601//2423 571//2423
f 2177//2424 2176//2424 572//2424 602//2424
f 2177//2425 2178//2425 603//2425 601//2425
f 2178//2426 2177//2426 602//2426 604//2426
f 2178//2427 2175//2427 573//2427 603//2427
f 2175//2428 2178//2428 604//2428 574//2428
f 2179//2429 2180//2429 557//2429 559//2429
f 2180//2430 2179//2430 560//2430 558//2430
f 2180//2431 2181//2431 587//2431 557//2431
f 2181//2432 2180//2432 558//2432 588//2432
f 2181//2433 2182//2433 589//2433 587//2433
f 2182//2434 2181//2434 588//2434 590//2434
f 2182//2435 2179//2435 559//2435 589//2435
f 2179//2436 2182//2436 590//2436 560//2436
f 2183//2437 2184//2437 543//2437 545//2437
f 2184//2438 2183//2438 546//2438 544//2438
f 2184//2439 2185//2439 575//2439 543//2439
f 2185//2440 2184//2440 544//2440 576//2440
f 2185//2441 2183//2441 545//2441 575//2441
f 2183//2442 2185//2442 576//2442 546//2442
f 2186//2443 2187//2443 573//2443 151//2443
f 2187//2444 2186//2444 152//2444 574//2444
f 2187//2445 2188//2445 603//2445 573//2445
f 2188//2446 2187//2446 574//2446 604//2446
f 2188//2447 2186//2447 151//2447 603//2447
f 2186//2448 2188//2448 604//2448 152//2448
f 2189//2449 2190//2449 559//2449 561//2449
f 2190//2450 2189//2450 562//2450 560//2450
f 2190//2451 2191//2451 589//2451 559//2451
f 2191//2452 2190//2452 560//2452 590//2452
f 2191//2453 2192//2453 591//2453 589//2453
f 2192//2454 2191//2454 590//2454 592//2454
f 2192//2455 2189//2455 561//2455 591//2455
f 2189//2456 2192//2456 592//2456 562//2456
f 2193//2457 2194//2457 545//2457 547//2457
f 2194//2458 2193//2458 548//2458 546//2458
f 2194//2459 2195//2459 575//2459 545//2459
f 2195//2460 2194//2460 546//2460 576//2460
f 2195//2461 2196//2461 577//2461 575//2461
f 2196//2462 2195//2462 576//2462 578//2462
f 2196//2463 2193//2463 547//2463 577//2463
f 2193//2464 2196//2464 578//2464 548//2464
f 2197//2465 2198//2465 561//2465 563//2465
f 2198//2466 2197//2466 564//2466 562//2466
f 2198//2467 2199//2467 591//2467 561//2467
f 2199//2468 2198//2468 562//2468 592//2468
f 2199//2469 2200//2469 593//2469 591//2469
f 2200//2470 2199//2470 592//2470 594//2470
f 2200//2471 2197//2471 563//2471 593//2471
f 2197//2472 2200//2472 594//2472 564//2472
f 2201//2473 2202//2473 547//2473 549//2473
f 2202//2474 2201//2474 550//2474 548//2474
f 2202//2475 2203//2475 577//2475 547//2475
f 2203//2476 2202//2476 548//2476 578//2476
f 2203//2477 2204//2477 579//2477 577//2477
f 2204//2478 2203//2478 578//2478 580//2478
f 2204//2479 2201//2479 549//2479 579//2479
f 2201//2480 2204//2480 580//2480 550//2480
f 2205//2481 2206//2481 601//2481 603//2481
f 2206//2482 2205//2482 604//2482 602//2482
f 2206//2483 2207//2483 631//2483 601//2483
f 2207//2484 2206//2484 602//2484 632//2484
f 2207//2485 2208//2485 633//2485 631//2485
f 2208//2486 2207//2486 632//2486 634//2486
f 2208//2487 2205//2487 603//2487 633//2487
f 2205//2488 2208//2488 634//2488 604//2488
f 2209//2489 2210//2489 587//2489 589//2489
f 2210//2490 2209//2490 590//2490 588//2490
f 2210//2491 2211//2491 617//2491 587//2491
f 2211//2492 2210//2492 588//2492 618//2492
f 2211//2493 2212//2493 619//2493 617//2493
f 2212//2494 2211//2494 618//2494 620//2494
f 2212//2495 2209//2495 589//2495 619//2495
f 2209//2496 2212//2496 620//2496 590//2496
f 2213//2497 2214//2497 543//2497 575//2497
f 2214//2498 2213//2498 576//2498 544//2498
f 2214//2499 2215//2499 605//2499 543//2499
f 2215//2500 2214//2500 544//2500 606//2500
f 2215//2501 2213//2501 575//2501 605//2501
f 2213//2502 2215//2502 606//2502 576//2502
f 2216//2503 2217//2503 603//2503 151//2503
f 2217//2504 2216//2504 152//2504 604//2504
f 2217//2505 2218//2505 633//2505 603//2505
f 2218//2506 2217//2506 604//2506 634//2506
f 2218//2507 2216//2507 151//2507 633//2507
f 2216//2508 2218//2508 634//2508 152//2508
f 2219//2509 2220//2509 589//2509 591//2509
f 2220//2510 2219//2510 592//2510 590//2510
f 2220//2511 2221//2511 619//2511 589//2511
f 2221//2512 2220//2512 590//2512 620//2512
f 2221//2513 2222//2513 621//2513 619//2513
f 2222//2514 2221//2514 620//2514 622//2514
f 2222//2515 2219//2515 591//2515 621//2515
f 2219//2516 2222//2516 622//2516 592//2516
f 2223//2517 2224//2517 575//2517 577//2517
f 2224//2518 2223//2518 578//2518 576//2518
f 2224//2519 2225//2519 605//2519 575//2519
f 2225//2520 2224//2520 576//2520 606//2520
f 2225//2521 2226//2521 607//2521 605//2521
f 2226//2522 2225//2522 606//2522 608//2522
f 2226//2523 2223//2523 577//2523 607//2523
f 2223//2524 2226//2524 608//2524 578//2524
f 2227//2525 2228//2525 591//2525 593//2525
f 2228//2526 2227//2526 594//2526 592//2526
f 2228//2527 2229//2527 621//2527 591//2527
f 2229//2528 2228//2528 592//2528 622//2528
f 2229//2529 2230//2529 623//2529 621//2529
f 2230//2530 2229//2530 622//2530 624//2530
f 2230//2531 2227//2531 593//2531 623//2531
f 2227//2532 2230//2532 624//2532 594//2532
f 2231//2533 2232//2533 577//2533 579//2533
f 2232//2534 2231//2534 580//2534 578//2534
f 2232//2535 2233//2535 607//2535 577//2535
f 2233//2536 2232//2536 578//2536 608//2536
f 2233//2537 2234//2537 609//2537 607//2537
f 2234//2538 2233//2538 608//2538 610//2538
f 2234//2539 2231//2539 579//2539 609//2539
f 2231//2540 2234//2540 610//2540 580//2540
f 2235//2541 2236//2541 593//2541 595//2541
f 2236//2542 2235//2542 596//2542 594//2542
f 2236//2543 2237//2543 623//2543 593//2543
f 2237//2544 2236//2544 594//2544 624//2544
f 2237//2545 2238//2545 625//2545 623//2545
f 2238//2546 2237//2546 624//2546 626//2546
f 2238//2547 2235//2547 595//2547 625//2547
f 2235//2548 2238//2548 626//2548 596//2548
f 2239//2549 2240//2549 579//2549 581//2549
f 2240//2550 2239//2550 582//2550 580//2550
f 2240//2551 2241//2551 609//2551 579//2551
f 2241//2552 2240//2552 580//2552 610//2552
f 2241//2553 2242//2553 611//2553 609//2553
f 2242//2554 2241//2554 610//2554 612//2554
f 2242//2555 2239//2555 581//2555 611//2555
f 2239//2556 2242//2556 612//2556 582//2556
f 2243//2557 2244//2557 595//2557 597//2557
f 2244//2558 2243//2558 598//2558 596//2558
f 2244//2559 2245//2559 625//2559 595//2559
f 2245//2560 2244//2560 596//2560 626//2560
f 2245//2561 2246//2561 627//2561 625//2561
f 2246//2562 2245//2562 626//2562 628//2562
f 2246//2563 2243//2563 597//2563 627//2563
f 2243//2564 2246//2564 628//2564 598//2564
f 2247//2565 2248//2565 581//2565 583//2565
f 2248//2566 2247//2566 584//2566 582//2566
f 2248//2567 2249//2567 611//2567 581//2567
f 2249//2568 2248//2568 582//2568 612//2568
f 2249//2569 2250//2569 613//2569 611//2569
f 2250//2570 2249//2570 612//2570 614//2570
f 2250//2571 2247//2571 583//2571 613//2571
f 2247//2572 2250//2572 614//2572 584//2572
f 2251//2573 2252//2573 597//2573 599//2573
f 2252//2574 2251//2574 600//2574 598//2574
f 2252//2575 2253//2575 627//2575 597//2575
f 2253//2576 2252//2576 598//2576 628//2576
f 2253//2577 2254//2577 629//2577 627//2577
f 2254//2578 2253//2578 628//2578 630//2578
f 2254//2579 2251//2579 599//2579 629//2579
f 2251//2580 2254//2580 630//2580 600//2580
f 2255//2581 2256//2581 583//2581 585//2581
f 2256//2582 2255//2582 586//2582 584//2582
f 2256//2583 2257//2583 613//2583 583//2583
f 2257//2584 2256//2584 584//2584 614//2584
f 2257//2585 2258//2585 615//2585 613//2585
f 2258//2586 2257//2586 614//2586 616//2586
f 2258//2587 2255//2587 585//2587 615//2587
f 2255//2588 2258//2588 616//2588 586//2588
f 2259//2589 2260//2589 599//2589 601//2589
f 2260//2590 2259//2590 602//2590 600//2590
f 2260//2591 2261//2591 629//2591 599//2591
f 2261//2592 2260//2592 600//2592 630//2592
f 2261//2593 2262//2593 631//2593 629//2593
f 2262//2594 2261//2594 630//2594 632//2594
f 2262//2595 2259//2595 601//2595 631//2595
f 2259//2596 2262//2596 632//2596 602//2596
f 2263//2597 2264//2597 585//2597 587//2597
f 2264//2598 2263//2598 588//2598 586//2598
f 2264//2599 2265//2599 615//2599 585//2599
f 2265//2600 2264//2600 586//2600 616//2600
f 2265//2601 2266//2601 617//2601 615//2601
f 2266//2602 2265//2602 616//2602 618//2602
f 2266//2603 2263//2603 587//2603 617//2603
f 2263//2604 2266//2604 618//2604 588//2604
f 2267//2605 2268//2605 625//2605 627//2605
f 2268//2606 2267//2606 628//2606 626//2606
f 2268//2607 2269//2607 655//2607 625//2607
f 2269//2608 2268//2608 626//2608 656//2608
f 2269//2609 2270//2609 657//2609 655//2609
f 2270//2610 2269//2610 656//2610 658//2610
f 2270//2611 2267//2611 627//2611 657//2611
f 2267//2612 2270//2612 658//2612 628//2612
f 2271//2613 2272//2613 611//2613 613//2613
f 2272//2614 2271//2614 614//2614 612//2614
f 2272//2615 2273//2615 641//2615 611//2615
f 2273//2616 2272//2616 612//2616 642//2616
f 2273//2617 2274//2617 643//2617 641//2617
f 2274//2618 2273//2618 642//2618 644//2618
f 2274//2619 2271//2619 613//2619 643//2619
f 2271//2620 2274//2620 644//2620 614//2620
f 2275//2621 2276//2621 627//2621 629//2621
f 2276//2622 2275//2622 630//2622 628//2622
f 2276//2623 2277//2623 657//2623 627//2623
f 2277//2624 2276//2624 628//2624 658//2624
f 2277//2625 2278//2625 659//2625 657//2625
f 2278//2626 2277//2626 658//2626 660//2626
f 2278//2627 2275//2627 629//2627 659//2627
f 2275//2628 2278//2628 660//2628 630//2628
f 2279//2629 2280//2629 613//2629 615//2629
f 2280//2630 2279//2630 616//2630 614//2630
f 2280//2631 2281//2631 643//2631 613//2631
f 2281//2632 2280//2632 614//2632 644//2632
f 2281//2633 2282//2633 645//2633 643//2633
f 2282//2634 2281//2634 644//2634 646//2634
f 2282//2635 2279//2635 615//2635 645//2635
f 2279//2636 2282//2636 646//2636 616//2636
f 2283//2637 2284//2637 629//2637 631//2637
f 2284//2638 2283//2638 632//2638 630//2638
f 2284//2639 2285//2639 659//2639 629//2639
f 2285//2640 2284//2640 630//2640 660//2640
f 2285//2641 2286//2641 661//2641 659//2641
f 2286//2642 2285//2642 660//2642 662//2642
f 2286//2643 2283//2643 631//2643 661//2643
f 2283//2644 2286//2644 662//2644 632//2644
f 2287//2645 2288//2645 615//2645 617//2645
f 2288//2646 2287//2646 618//2646 616//2646
f 2288//2647 2289//2647 645//2647 615//2647
f 2289//2648 2288//2648 616//2648 646//2648
f 2289//2649 2290//2649 647//2649 645//2649
f 2290//2650 2289//2650 646//2650 648//2650
f 2290//2651 2287//2651 617//2651 647//2651
f 2287//2652 2290//2652 648//2652 618//2652
f 2291//2653 2292//2653 631//2653 633//2653
f 2292//2654 2291//2654 634//2654 632//2654
f 2292//2655 2293//2655 661//2655 631//2655
f 2293//2656 2292//2656 632//2656 662//2656
f 2293//2657 2294//2657 663//2657 661//2657
f 2294//2658 2293//2658 662//2658 664//2658
f 2294//2659 2291//2659 633//2659 663//2659
f 2291//2660 2294//2660 664//2660 634//2660
f 2295//2661 2296//2661 617//2661 619//2661
f 2296//2662 2295//2662 620//2662 618//2662
f 2296//2663 2297//2663 647//2663 617//2663
f 2297//2664 2296//2664 618//2664 648//2664
f 2297//2665 2298//2665 649//2665 647//2665
f 2298//2666 2297//2666 648//2666 650//2666
f 2298//2667 2295//2667 619//2667 649//2667
f 2295//2668 2298//2668 650//2668 620//2668
f 2299//2669 2300//2669 543//2669 605//2669
f 2300//2670 2299//2670 606//2670 544//2670
f 2300//2671 2301//2671 635//2671 543//2671
f 2301//2672 2300//2672 544//2672 636//2672
f 2301//2673 2299//2673 605//2673 635//2673
f 2299//2674 2301//2674 636//2674 606//2674
f 2302//2675 2303//2675 633//2675 151//2675
f 2303//2676 2302//2676 152//2676 634//2676
f 2303//2677 2304//2677 663//2677 633//2677
f 2304//2678 2303//2678 634//2678 664//2678
f 2304//2679 2302//2679 151//2679 663//2679
f 2302//2680 2304//2680 664//2680 152//2680
f 2305//2681 2306//2681 619//2681 621//2681
f 2306//2682 2305//2682 622//2682 620//2682
f 2306//2683 2307//2683 649//2683 619//2683
f 2307//2684 2306//2684 620//2684 650//2684
f 2307//2685 2308//2685 651//2685 649//2685
f 2308//2686 2307//2686 650//2686 652//2686
f 2308//2687 2305//2687 621//2687 651//2687
f 2305//2688 2308//2688 652//2688 622//2688
f 2309//2689 2310//2689 605//2689 607//2689
f 2310//2690 2309//2690 608//2690 606//2690
f 2310//2691 2311//2691 635//2691 605//2691
f 2311//2692 2310//2692 606//2692 636//2692
f 2311//2693 2312//2693 637//2693 635//2693
f 2312//2694 2311//2694 636//2694 638//2694
f 2312//2695 2309//2695 607//2695 637//2695
f 2309//2696 2312//2696 638//2696 608//2696
f 2313//2697 2314//2697 621//2697 623//2697
f 2314//2698 2313//2698 624//2698 622//2698
f 2314//2699 2315//2699 651//2699 621//2699
f 2315//2700 2314//2700 622//2700 652//2700
f 2315//2701 2316//2701 653//2701 651//2701
f 2316//2702 2315//2702 652//2702 654//2702
f 2316//2703 2313//2703 623//2703 653//2703
f 2313//2704 2316//2704 654//2704 624//2704
f 2317//2705 2318//2705 607//2705 609//2705
f 2318//2706 2317//2706 610//2706 608//2706
f 2318//2707 2319//2707 637//2707 607//2707
f 2319//2708 2318//2708 608//2708 638//2708
f 2319//2709 2320//2709 639//2709 637//2709
f 2320//2710 2319//2710 638//2710 640//2710
f 2320//2711 2317//2711 609//2711 639//2711
f 2317//2712 2320//2712 640//2712 610//2712
f 2321//2713 2322//2713 623//2713 625//2713
f 2322//2714 2321//2714 626//2714 624//2714
f 2322//2715 2323//2715 653//2715 623//2715
f 2323//2716 2322//2716 624//2716 654//2716
f 2323//2717 2324//2717 655//2717 653//2717
f 2324//2718 2323//2718 654//2718 656//2718
f 2324//2719 2321//2719 625//2719 655//2719
f 2321//2720 2324//2720 656//2720 626//2720
f 2325//2721 2326//2721 609//2721 611//2721
f 2326//2722 2325//2722 612//2722 610//2722
f 2326//2723 2327//2723 639//2723 609//2723
f 2327//2724 2326//2724 610//2724 640//2724
f 2327//2725 2328//2725 641//2725 639//2725
f 2328//2726 2327//2726 640//2726 642//2726
f 2328//2727 2325//2727 611//2727 641//2727
f 2325//2728 2328//2728 642//2728 612//2728
f 2329//2729 2330//2729 543//2729 635//2729
f 2330//2730 2329//2730 636//2730 544//2730
f 2330//2731 2331//2731 665//2731 543//2731
f 2331//2732 2330//2732 544//2732 666//2732
f 2331//2733 2329//2733 635//2733 665//2733
f 2329//2734 2331//2734 666//2734 636//2734
f 2332//2735 2333//2735 663//2735 151//2735
f 2333//2736 2332//2736 152//2736 664//2736
f 2333//2737 2334//2737 693//2737 663//2737
f 2334//2738 2333//2738 664//2738 694//2738
f 2334//2739 2332//2739 151//2739 693//2739
f 2332//2740 2334//2740 694//2740 152//2740
f 2335//2741 2336//2741 649//2741 651//2741
f 2336//2742 2335//2742 652//2742 650//2742
f 2336//2743 2337//2743 679//2743 649//2743
f 2337//2744 2336//2744 650//2744 680//2744
f 2337//2745 2338//2745 681//2745 679//2745
f 2338//2746 2337//2746 680//2746 682//2746
f 2338//2747 2335//2747 651//2747 681//2747
f 2335//2748 2338//2748 682//2748 652//2748
f 2339//2749 2340//2749 635//2749 637//2749
f 2340//2750 2339//2750 638//2750 636//2750
f 2340//2751 2341//2751 665//2751 635//2751
f 2341//2752 2340//2752 636//2752 666//2752
f 2341//2753 2342//2753 667//2753 665//2753
f 2342//2754 2341//2754 666//2754 668//2754
f 2342//2755 2339//2755 637//2755 667//2755
f 2339//2756 2342//2756 668//2756 638//2756
f 2343//2757 2344//2757 651//2757 653//2757
f 2344//2758 2343//2758 654//2758 652//2758
f 2344//2759 2345//2759 681//2759 651//2759
f 2345//2760 2344//2760 652//2760 682//2760
f 2345//2761 2346//2761 683//2761 681//2761
f 2346//2762 2345//2762 682//2762 684//2762
f 2346//2763 2343//2763 653//2763 683//2763
f 2343//2764 2346//2764 684//2764 654//2764
f 2347//2765 2348//2765 637//2765 639//2765
f 2348//2766 2347//2766 640//2766 638//2766
f 2348//2767 2349//2767 667//2767 637//2767
f 2349//2768 2348//2768 638//2768 668//2768
f 2349//2769 2350//2769 669//2769 667//2769
f 2350//2770 2349//2770 668//2770 670//2770
f 2350//2771 2347//2771 639//2771 669//2771
f 2347//2772 2350//2772 670//2772 640//2772
f 2351//2773 2352//2773 653//2773 655//2773
f 2352//2774 2351//2774 656//2774 654//2774
f 2352//2775 2353//2775 683//2775 653//2775
f 2353//2776 2352//2776 654//2776 684//2776
f 2353//2777 2354//2777 685//2777 683//2777
f 2354//2778 2353//2778 684//2778 686//2778
f 2354//2779 2351//2779 655//2779 685//2779
f 2351//2780 2354//2780 686//2780 656//2780
f 2355//2781 2356//2781 639//2781 641//2781
f 2356//2782 2355//2782 642//2782 640//2782
f 2356//2783 2357//2783 669//2783 639//2783
f 2357//2784 2356//2784 640//2784 670//2784
f 2357//2785 2358//2785 671//2785 669//2785
f 2358//2786 2357//2786 670//2786 672//2786
f 2358//2787 2355//2787 641//2787 671//2787
f 2355//2788 2358//2788 672//2788 642//2788
f 2359//2789 2360//2789 655//2789 657//2789
f 2360//2790 2359//2790 658//2790 656//2790
f 2360//2791 2361//2791 685//2791 655//2791
f 2361//2792 2360//2792 656//2792 686//2792
f 2361//2793 2362//2793 687//2793 685//2793
f 2362//2794 2361//2794 686//2794 688//2794
f 2362//2795 2359//2795 657//2795 687//2795
f 2359//2796 2362//2796 688//2796 658//2796
f 2363//2797 2364//2797 641//2797 643//2797
f 2364//2798 2363//2798 644//2798 642//2798
f 2364//2799 2365//2799 671//2799 641//2799
f 2365//2800 2364//2800 642//2800 672//2800
f 2365//2801 2366//2801 673//2801 671//2801
f 2366//2802 2365//2802 672//2802 674//2802
f 2366//2803 2363//2803 643//2803 673//2803
f 2363//2804 2366//2804 674//2804 644//2804
f 2367//2805 2368//2805 657//2805 659//2805
f 2368//2806 2367//2806 660//2806 658//2806
f 2368//2807 2369//2807 687//2807 657//2807
f 2369//2808 2368//2808 658//2808 688//2808
f 2369//2809 2370//2809 689//2809 687//2809
f 2370//2810 2369//2810 688//2810 690//2810
f 2370//2811 2367//2811 659//2811 689//2811
f 2367//2812 2370//2812 690//2812 660//2812
f 2371//2813 2372//2813 643//2813 645//2813
f 2372//2814 2371//2814 646//2814 644//2814
f 2372//2815 2373//2815 673//2815 643//2815
f 2373//2816 2372//2816 644//2816 674//2816
f 2373//2817 2374//2817 675//2817 673//2817
f 2374//2818 2373//2818 674//2818 676//2818
f 2374//2819 2371//2819 645//2819 675//2819
f 2371//2820 2374//2820 676//2820 646//2820
f 2375//2821 2376//2821 659//2821 661//2821
f 2376//2822 2375//2822 662//2822 660//2822
f 2376//2823 2377//2823 689//2823 659//2823
f 2377//2824 2376//2824 660//2824 690//2824
f 2377//2825 2378//2825 691//2825 689//2825
f 2378//2826 2377//2826 690//2826 692//2826
f 2378//2827 2375//2827 661//2827 691//2827
f 2375//2828 2378//2828 692//2828 662//2828
f 2379//2829 2380//2829 645//2829 647//2829
f 2380//2830 2379//2830 648//2830 646//2830
f 2380//2831 2381//2831 675//2831 645//2831
f 2381//2832 2380//2832 646//2832 676//2832
f 2381//2833 2382//2833 677//2833 675//2833
f 2382//2834 2381//2834 676//2834 678//2834
f 2382//2835 2379//2835 647//2835 677//2835
f 2379//2836 2382//2836 678//2836 648//2836
f 2383//2837 2384//2837 661//2837 663//2837
f 2384//2838 2383//2838 664//2838 662//2838
f 2384//2839 2385//2839 691//2839 661//2839
f 2385//2840 2384//2840 662//2840 692//2840
f 2385//2841 2386//2841 693//2841 691//2841
f 2386//2842 2385//2842 692//2842 694//2842
f 2386//2843 2383//2843 663//2843 693//2843
f 2383//2844 2386//2844 694//2844 664//2844
f 2387//2845 2388//2845 647//2845 649//2845
f 2388//2846 2387//2846 650//2846 648//2846
f 2388//2847 2389//2847 677//2847 647//2847
f 2389//2848 2388//2848 648//2848 678//2848
f 2389//2849 2390//2849 679//2849 677//2849
f 2390//2850 2389//2850 678//2850 680//2850
f 2390//2851 2387//2851 649//2851 679//2851
f 2387//2852 2390//2852 680//2852 650//2852
f 2391//2853 2392//2853 671//2853 673//2853
f 2392//2854 2391//2854 674//2854 672//2854
f 2392//2855 2393//2855 701//2855 671//2855
f 2393//2856 2392//2856 672//2856 702//2856
f 2393//2857 2394//2857 703//2857 701//2857
f 2394//2858 2393//2858 702//2858 704//2858
f 2394//2859 2391//2859 673//2859 703//2859
f 2391//2860 2394//2860 704//2860 674//2860
f 2395//2861 2396//2861 687//2861 689//2861
f 2396//2862 2395//2862 690//2862 688//2862
f 2396//2863 2397//2863 717//2863 687//2863
f 2397//2864 2396//2864 688//2864 718//2864
f 2397//2865 2398//2865 719//2865 717//2865
f 2398//2866 2397//2866 718//2866 720//2866
f 2398//2867 2395//2867 689//2867 719//2867
f 2395//2868 2398//2868 720//2868 690//2868
f 2399//2869 2400//2869 673//2869 675//2869
f 2400//2870 2399//2870 676//2870 674//2870
f 2400//2871 2401//2871 703//2871 673//2871
f 2401//2872 2400//2872 674//2872 704//2872
f 2401//2873 2402//2873 705//2873 703//2873
f 2402//2874 2401//2874 704//2874 706//2874
f 2402//2875 2399//2875 675//2875 705//2875
f 2399//2876 2402//2876 706//2876 676//2876
f 2403//2877 2404//2877 689//2877 691//2877
f 2404//2878 2403//2878 692//2878 690//2878
f 2404//2879 2405//2879 719//2879 689//2879
f 2405//2880 2404//2880 690//2880 720//2880
f 2405//2881 2406//2881 721//2881 719//2881
f 2406//2882 2405//2882 720//2882 722//2882
f 2406//2883 2403//2883 691//2883 721//2883
f 2403//2884 2406//2884 722//2884 692//2884
f 2407//2885 2408//2885 675//2885 677//2885
f 2408//2886 2407//2886 678//2886 676//2886
f 2408//2887 2409//2887 705//2887 675//2887
f 2409//2888 2408//2888 676//2888 706//2888
f 2409//2889 2410//2889 707//2889 705//2889
f 2410//2890 2409//2890 706//2890 708//2890
f 2410//2891 2407//2891 677//2891 707//2891
f 2407//2892 2410//2892 708//2892 678//2892
f 2411//2893 2412//2893 691//2893 693//2893
f 2412//2894 2411//2894 694//2894 692//2894
f 2412//2895 2413//2895 721//2895 691//2895
f 2413//2896 2412//2896 692//2896 722//2896
f 2413//2897 2414//2897 723//2897 721//2897
f 2414//2898 2413//2898 722//2898 724//2898
f 2414//2899 2411//2899 693//2899 723//2899
f 2411//2900 2414//2900 724//2900 694//2900
f 2415//2901 2416//2901 677//2901 679//2901
f 2416//2902 2415//2902 680//2902 678//2902
f 2416//2903 2417//2903 707//2903 677//2903
f 2417//2904 2416//2904 678//2904 708//2904
f 2417//2905 2418//2905 709//2905 707//2905
f 2418//2906 2417//2906 708//2906 710//2906
f 2418//2907 2415//2907 679//2907 709//2907
f 2415//2908 2418//2908 710//2908 680//2908
f 2419//2909 2420//2909 543//2909 665//2909
f 2420//2910 2419//2910 666//2910 544//2910
f 2420//2911 2421//2911 695//2911 543//2911
f 2421//2912 2420//2912 544//2912 696//2912
f 2421//2913 2419//2913 665//2913 695//2913
f 2419//2914 2421//2914 696//2914 666//2914
f 2422//2915 2423//2915 693//2915 151//2915
f 2423//2916 2422//2916 152//2916 694//2916
f 2423//2917 2424//2917 723//2917 693//2917
f 2424//2918 2423//2918 694//2918 724//2918
f 2424//2919 2422//2919 151//2919 723//2919
f 2422//2920 2424//2920 724//2920 152//2920
f 2425//2921 2426//2921 679//2921 681//2921
f 2426//2922 2425//2922 682//2922 680//2922
f 2426//2923 2427//2923 709//2923 679//2923
f 2427//2924 2426//2924 680//2924 710//2924
f 2427//2925 2428//2925 711//2925 709//2925
f 2428//2926 2427//2926 710//2926 712//2926
f 2428//2927 2425//2927 681//2927 711//2927
f 2425//2928 2428//2928 712//2928 682//2928
f 2429//2929 2430//2929 665//2929 667//2929
f 2430//2930 2429//2930 668//2930 666//2930
f 2430//2931 2431//2931 695//2931 665//2931
f 2431//2932 2430//2932 666//2932 696//2932
f 2431//2933 2432//2933 697//2933 695//2933
f 2432//2934 2431//2934 696//2934 698//2934
f 2432//2935 2429//2935 667//2935 697//2935
f 2429//2936 2432//2936 698//2936 668//2936
f 2433//2937 2434//2937 681//2937 683//2937
f 2434//2938 2433//2938 684//2938 682//2938
f 2434//2939 2435//2939 711//2939 681//2939
f 2435//2940 2434//2940 682//2940 712//2940
f 2435//2941 2436//2941 713//2941 711//2941
f 2436//2942 2435//2942 712//2942 714//2942
f 2436//2943 2433//2943 683//2943 713//2943
f 2433//2944 2436//2944 714//2944 684//2944
f 2437//2945 2438//2945 667//2945 669//2945
f 2438//2946 2437//2946 670//2946 668//2946
f 2438//2947 2439//2947 697//2947 667//2947
f 2439//2948 2438//2948 668//2948 698//2948
f 2439//2949 2440//2949 699//2949 697//2949
f 2440//2950 2439//2950 698//2950 700//2950
f 2440//2951 2437//2951 669//2951 699//2951
f 2437//2952 2440//2952 700//2952 670//2952
f 2441//2953 2442//2953 683//2953 685//2953
f 2442//2954 2441//2954 686//2954 684//2954
f 2442//2955 2443//2955 713//2955 683//2955
f 2443//2956 2442//2956 684//2956 714//2956
f 2443//2957 2444//2957 715//2957 713//2957
f 2444//2958 2443//2958 714//2958 716//2958
f 2444//2959 2441//2959 685//2959 715//2959
f 2441//2960 2444//2960 716//2960 686//2960
f 2445//2961 2446//2961 669//2961 671//2961
f 2446//2962 2445//2962 672//2962 670//2962
f 2446//2963 2447//2963 699//2963 669//2963
f 2447//2964 2446//2964 670//2964 700//2964
f 2447//2965 2448//2965 701//2965 699//2965
f 2448//2966 2447//2966 700//2966 702//2966
f 2448//2967 2445//2967 671//2967 701//2967
f 2445//2968 2448//2968 702//2968 672//2968
f 2449//2969 2450//2969 685//2969 687//2969
f 2450//2970 2449//2970 688//2970 686//2970
f 2450//2971 2451//2971 715//2971 685//2971
f 2451//2972 2450//2972 686//2972 716//2972
f 2451//2973 2452//2973 717//2973 715//2973
f 2452//2974 2451//2974 716//2974 718//2974
f 2452//2975 2449//2975 687//2975 717//2975
f 2449//2976 2452//2976 718//2976 688//2976
f 2453//2977 2454//2977 709//2977 711//2977
f 2454//2978 2453//2978 712//2978 710//2978
f 2454//2979 2455//2979 739//2979 709//2979
f 2455//2980 2454//2980 710//2980 740//2980
f 2455//2981 2456//2981 741//2981 739//2981
f 2456//2982 2455//2982 740//2982 742//2982
f 2456//2983 2453//2983 711//2983 741//2983
f 2453//2984 2456//2984 742//2984 712//2984
f 2457//2985 2458//2985 695//2985 697//2985
f 2458//2986 2457//2986 698//2986 696//2986
f 2458//2987 2459//2987 725//2987 695//2987
f 2459//2988 2458//2988 696//2988 726//2988
f 2459//2989 2460//2989 727//2989 725//2989
f 2460//2990 2459//2990 726//2990 728//2990
f 2460//2991 2457//2991 697//2991 727//2991
f 2457//2992 2460//2992 728//2992 698//2992
f 2461//2993 2462//2993 711//2993 713//2993
f 2462//2994 2461//2994 714//2994 712//2994
f 2462//2995 2463//2995 741//2995 711//2995
f 2463//2996 2462//2996 712//2996 742//2996
f 2463//2997 2464//2997 743//2997 741//2997
f 2464//2998 2463//2998 742//2998 744//2998
f 2464//2999 2461//2999 713//2999 743//2999
f 2461//3000 2464//3000 744//3000 714//3000
f 2465//3001 2466//3001 697//3001 699//3001
f 2466//3002 2465//3002 700//3002 698//3002
f 2466//3003 2467//3003 727//3003 697//3003
f 2467//3004 2466//3004 698//3004 728//3004
f 2467//3005 2468//3005 729//3005 727//3005
f 2468//3006 2467//3006 728//3006 730//3006
f 2468//3007 2465//3007 699//3007 729//3007
f 2465//3008 2468//3008 730//3008 700//3008
f 2469//3009 2470//3009 713//3009 715//3009
f 2470//3010 2469//3010 716//3010 714//3010
f 2470//3011 2471//3011 743//3011 713//3011
f 2471//3012 2470//3012 714//3012 744//3012
f 2471//3013 2472//3013 745//3013 743//3013
f 2472//3014 2471//3014 744//3014 746//3014
f 2472//3015 2469//3015 715//3015 745//3015
f 2469//3016 2472//3016 746//3016 716//3016
f 2473//3017 2474//3017 699//3017 701//3017
f 2474//3018 2473//3018 702//3018 700//3018
f 2474//3019 2475//3019 729//3019 699//3019
f 2475//3020 2474//3020 700//3020 730//3020
f 2475//3021 2476//3021 731//3021 729//3021
f 2476//3022 2475//3022 730//3022 732//3022
f 2476//3023 2473//3023 701//3023 731//3023
f 2473//3024 2476//3024 732//3024 702//3024
f 2477//3025 2478//3025 715//3025 717//3025
f 2478//3026 2477//3026 718//3026 716//3026
f 2478//3027 2479//3027 745//3027 715//3027
f 2479//3028 2478//3028 716//3028 746//3028
f 2479//3029 2480//3029 747//3029 745//3029
f 2480//3030 2479//3030 746//3030 748//3030
f 2480//3031 2477//3031 717//3031 747//3031
f 2477//3032 2480//3032 748//3032 718//3032
f 2481//3033 2482//3033 701//3033 703//3033
f 2482//3034 2481//3034 704//3034 702//3034
f 2482//3035 2483//3035 731//3035 701//3035
f 2483//3036 2482//3036 702//3036 732//3036
f 2483//3037 2484//3037 733//3037 731//3037
f 2484//3038 2483//3038 732//3038 734//3038
f 2484//3039 2481//3039 703//3039 733//3039
f 2481//3040 2484//3040 734//3040 704//3040
f 2485//3041 2486//3041 717//3041 719//3041
f 2486//3042 2485//3042 720//3042 718//3042
f 2486//3043 2487//3043 747//3043 717//3043
f 2487//3044 2486//3044 718//3044 748//3044
f 2487//3045 2488//3045 749//3045 747//3045
f 2488//3046 2487//3046 748//3046 750//3046
f 2488//3047 2485//3047 719//3047 749//3047
f 2485//3048 2488//3048 750//3048 720//3048
f 2489//3049 2490//3049 703//3049 705//3049
f 2490//3050 2489//3050 706//3050 704//3050
f 2490//3051 2491//3051 733//3051 703//3051
f 2491//3052 2490//3052 704//3052 734//3052
f 2491//3053 2492//3053 735//3053 733//3053
f 2492//3054 2491//3054 734//3054 736//3054
f 2492//3055 2489//3055 705//3055 735//3055
f 2489//3056 2492//3056 736//3056 706//3056
f 2493//3057 2494//3057 719//3057 721//3057
f 2494//3058 2493//3058 722//3058 720//3058
f 2494//3059 2495//3059 749//3059 719//3059
f 2495//3060 2494//3060 720//3060 750//3060
f 2495//3061 2496//3061 751//3061 749//3061
f 2496//3062 2495//3062 750//3062 752//3062
f 2496//3063 2493//3063 721//3063 751//3063
f 2493//3064 2496//3064 752//3064 722//3064
f 2497//3065 2498//3065 705//3065 707//3065
f 2498//3066 2497//3066 708//3066 706//3066
f 2498//3067 2499//3067 735//3067 705//3067
f 2499//3068 2498//3068 706//3068 736//3068
f 2499//3069 2500//3069 737//3069 735//3069
f 2500//3070 2499//3070 736//3070 738//3070
f 2500//3071 2497//3071 707//3071 737//3071
f 2497//3072 2500//3072 738//3072 708//3072
f 2501//3073 2502//3073 721//3073 723//3073
f 2502//3074 2501//3074 724//3074 722//3074
f 2502//3075 2503//3075 751//3075 721//3075
f 2503//3076 2502//3076 722//3076 752//3076
f 2503//3077 2504//3077 753//3077 751//3077
f 2504//3078 2503//3078 752//3078 754//3078
f 2504//3079 2501//3079 723//3079 753//3079
f 2501//3080 2504//3080 754//3080 724//3080
f 2505//3081 2506//3081 707//3081 709//3081
f 2506//3082 2505//3082 710//3082 708//3082
f 2506//3083 2507//3083 737//3083 707//3083
f 2507//3084 2506//3084 708//3084 738//3084
f 2507//3085 2508//3085 739//3085 737//3085
f 2508//3086 2507//3086 738//3086 740//3086
f 2508//3087 2505//3087 709//3087 739//3087
f 2505//3088 2508//3088 740//3088 710//3088
f 2509//3089 2510//3089 543//3089 695//3089
f 2510//3090 2509//3090 696//3090 544//3090
f 2510//3091 2511//3091 725//3091 543//3091
f 2511//3092 2510//3092 544//3092 726//3092
f 2511//3093 2509//3093 695//3093 725//3093
f 2509//3094 2511//3094 726//3094 696//3094
f 2512//3095 2513//3095 723//3095 151//3095
f 2513//3096 2512//3096 152//3096 724//3096
f 2513//3097 2514//3097 753//3097 723//3097
f 2514//3098 2513//3098 724//3098 754//3098
f 2514//3099 2512//3099 151//3099 753//3099
f 2512//3100 2514//3100 754//3100 152//3100
f 2515//3101 2516//3101 747//3101 749//3101
f 2516//3102 2515//3102 750//3102 748//3102
f 2516//3103 2517//3103 777//3103 747//3103
f 2517//3104 2516//3104 748//3104 778//3104
f 2517//3105 2518//3105 779//3105 777//3105
f 2518//3106 2517//3106 778//3106 780//3106
f 2518//3107 2515//3107 749//3107 779//3107
f 2515//3108 2518//3108 780//3108 750//3108
f 2519//3109 2520//3109 733//3109 735//3109
f 2520//3110 2519//3110 736//3110 734//3110
f 2520//3111 2521//3111 763//3111 733//3111
f 2521//3112 2520//3112 734//3112 764//3112
f 2521//3113 2522//3113 765//3113 763//3113
f 2522//3114 2521//3114 764//3114 766//3114
f 2522//3115 2519//3115 735//3115 765//3115
f 2519//3116 2522//3116 766//3116 736//3116
f 2523//3117 2524//3117 749//3117 751//3117
f 2524//3118 2523//3118 752//3118 750//3118
f 2524//3119 2525//3119 779//3119 749//3119
f 2525//3120 2524//3120 750//3120 780//3120
f 2525//3121 2526//3121 781//3121 779//3121
f 2526//3122 2525//3122 780//3122 782//3122
f 2526//3123 2523//3123 751//3123 781//3123
f 2523//3124 2526//3124 782//3124 752//3124
f 2527//3125 2528//3125 735//3125 737//3125
f 2528//3126 2527//3126 738//3126 736//3126
f 2528//3127 2529//3127 765//3127 735//3127
f 2529//3128 2528//3128 736//3128 766//3128
f 2529//3129 2530//3129 767//3129 765//3129
f 2530//3130 2529//3130 766//3130 768//3130
f 2530//3131 2527//3131 737//3131 767//3131
f 2527//3132 2530//3132 768//3132 738//3132
f 2531//3133 2532//3133 751//3133 753//3133
f 2532//3134 2531//3134 754//3134 752//3134
f 2532//3135 2533//3135 781//3135 751//3135
f 2533//3136 2532//3136 752//3136 782//3136
f 2533//3137 2534//3137 783//3137 781//3137
f 2534//3138 2533//3138 782//3138 784//3138
f 2534//3139 2531//3139 753//3139 783//3139
f 2531//3140 2534//3140 784//3140 754//3140
f 2535//3141 2536//3141 737//3141 739//3141
f 2536//3142 2535//3142 740//3142 738//3142
f 2536//3143 2537//3143 767//3143 737//3143
f 2537//3144 2536//3144 738//3144 768//3144
f 2537//3145 2538//3145 769//3145 767//3145
f 2538//3146 2537//3146 768//3146 770//3146
f 2538//3147 2535//3147 739//3147 769//3147
f 2535//3148 2538//3148 770//3148 740//3148
f 2539//3149 2540//3149 543//3149 725//3149
f 2540//3150 2539//3150 726//3150 544//3150
f 2540//3151 2541//3151 755//3151 543//3151
f 2541//3152 2540//3152 544//3152 756//3152
f 2541//3153 2539//3153 725//3153 755//3153
f 2539//3154 2541//3154 756//3154 726//3154
f 2542//3155 2543//3155 753//3155 151//3155
f 2543//3156 2542//3156 152//3156 754//3156
f 2543//3157 2544//3157 783//3157 753//3157
f 2544//3158 2543//3158 754//3158 784//3158
f 2544//3159 2542//3159 151//3159 783//3159
f 2542//3160 2544//3160 784//3160 152//3160
f 2545//3161 2546//3161 739//3161 741//3161
f 2546//3162 2545//3162 742//3162 740//3162
f 2546//3163 2547//3163 769//3163 739//3163
f 2547//3164 2546//3164 740//3164 770//3164
f 2547//3165 2548//3165 771//3165 769//3165
f 2548//3166 2547//3166 770//3166 772//3166
f 2548//3167 2545//3167 741//3167 771//3167
f 2545//3168 2548//3168 772//3168 742//3168
f 2549//3169 2550//3169 725//3169 727//3169
f 2550//3170 2549//3170 728//3170 726//3170
f 2550//3171 2551//3171 755//3171 725//3171
f 2551//3172 2550//3172 726//3172 756//3172
f 2551//3173 2552//3173 757//3173 755//3173
f 2552//3174 2551//3174 756//3174 758//3174
f 2552//3175 2549//3175 727//3175 757//3175
f 2549//3176 2552//3176 758//3176 728//3176
f 2553//3177 2554//3177 741//3177 743//3177
f 2554//3178 2553//3178 744//3178 742//3178
f 2554//3179 2555//3179 771//3179 741//3179
f 2555//3180 2554//3180 742//3180 772//3180
f 2555//3181 2556//3181 773//3181 771//3181
f 2556//3182 2555//3182 772//3182 774//3182
f 2556//3183 2553//3183 743//3183 773//3183
f 2553//3184 2556//3184 774//3184 744//3184
f 2557//3185 2558//3185 727//3185 729//3185
f 2558//3186 2557//3186 730//3186 728//3186
f 2558//3187 2559//3187 757//3187 727//3187
f 2559//3188 2558//3188 728//3188 758//3188
f 2559//3189 2560//3189 759//3189 757//3189
f 2560//3190 2559//3190 758//3190 760//3190
f 2560//3191 2557//3191 729//3191 759//3191
f 2557//3192 2560//3192 760//3192 730//3192
f 2561//3193 2562//3193 743//3193 745//3193
f 2562//3194 2561//3194 746//3194 744//3194
f 2562//3195 2563//3195 773//3195 743//3195
f 2563//3196 2562//3196 744//3196 774//3196
f 2563//3197 2564//3197 775//3197 773//3197
f 2564//3198 2563//3198 774//3198 776//3198
f 2564//3199 2561//3199 745//3199 775//3199
f 2561//3200 2564//3200 776//3200 746//3200
f 2565//3201 2566//3201 729//3201 731//3201
f 2566//3202 2565//3202 732//3202 730//3202
f 2566//3203 2567//3203 759//3203 729//3203
f 2567//3204 2566//3204 730//3204 760//3204
f 2567//3205 2568//3205 761//3205 759//3205
f 2568//3206 2567//3206 760//3206 762//3206
f 2568//3207 2565//3207 731//3207 761//3207
f 2565//3208 2568//3208 762//3208 732//3208
f 2569//3209 2570//3209 745//3209 747//3209
f 2570//3210 2569//3210 748//3210 746//3210
f 2570//3211 2571//3211 775//3211 745//3211
f 2571//3212 2570//3212 746//3212 776//3212
f 2571//3213 2572//3213 777//3213 775//3213
f 2572//3214 2571//3214 776//3214 778//3214
f 2572//3215 2569//3215 747//3215 777//3215
f 2569//3216 2572//3216 778//3216 748//3216
f 2573//3217 2574//3217 731//3217 733//3217
f 2574//3218 2573//3218 734//3218 732//3218
f 2574//3219 2575//3219 761//3219 731//3219
f 2575//3220 2574//3220 732//3220 762//3220
f 2575//3221 2576//3221 763//3221 761//3221
f 2576//3222 2575//3222 762//3222 764//3222
f 2576//3223 2573//3223 733//3223 763//3223
f 2573//3224 2576//3224 764//3224 734//3224
f 2577//3225 2578//3225 755//3225 757//3225
f 2578//3226 2577//3226 758//3226 756//3226
f 2578//3227 2579//3227 785//3227 755//3227
f 2579//3228 2578//3228 756//3228 786//3228
f 2579//3229 2580//3229 787//3229 785//3229
f 2580//3230 2579//3230 786//3230 788//3230
f 2580//3231 2577//3231 757//3231 787//3231
f 2577//3232 2580//3232 788//3232 758//3232
f 2581//3233 2582//3233 771//3233 773//3233
f 2582//3234 2581//3234 774//3234 772//3234
f 2582//3235 2583//3235 801//3235 771//3235
f 2583//3236 2582//3236 772//3236 802//3236
f 2583//3237 2584//3237 803//3237 801//3237
f 2584//3238 2583//3238 802//3238 804//3238
f 2584//3239 2581//3239 773//3239 803//3239
f 2581//3240 2584//3240 804//3240 774//3240
f 2585//3241 2586//3241 757//3241 759//3241
f 2586//3242 2585//3242 760//3242 758//3242
f 2586//3243 2587//3243 787//3243 757//3243
f 2587//3244 2586//3244 758//3244 788//3244
f 2587//3245 2588//3245 789//3245 787//3245
f 2588//3246 2587//3246 788//3246 790//3246
f 2588//3247 2585//3247 759//3247 789//3247
f 2585//3248 2588//3248 790//3248 760//3248
f 2589//3249 2590//3249 773//3249 775//3249
f 2590//3250 2589//3250 776//3250 774//3250
f 2590//3251 2591//3251 803//3251 773//3251
f 2591//3252 2590//3252 774//3252 804//3252
f 2591//3253 2592//3253 805//3253 803//3253
f 2592//3254 2591//3254 804//3254 806//3254
f 2592//3255 2589//3255 775//3255 805//3255
f 2589//3256 2592//3256 806//3256 776//3256
f 2593//3257 2594//3257 759//3257 761//3257
f 2594//3258 2593//3258 762//3258 760//3258
f 2594//3259 2595//3259 789//3259 759//3259
f 2595//3260 2594//3260 760//3260 790//3260
f 2595//3261 2596//3261 791//3261 789//3261
f 2596//3262 2595//3262 790//3262 792//3262
f 2596//3263 2593//3263 761//3263 791//3263
f 2593//3264 2596//3264 792//3264 762//3264
f 2597//3265 2598//3265 775//3265 777//3265
f 2598//3266 2597//3266 778//3266 776//3266
f 2598//3267 2599//3267 805//3267 775//3267
f 2599//3268 2598//3268 776//3268 806//3268
f 2599//3269 2600//3269 807//3269 805//3269
f 2600//3270 2599//3270 806//3270 808//3270
f 2600//3271 2597//3271 777//3271 807//3271
f 2597//3272 2600//3272 808//3272 778//3272
f 2601//3273 2602//3273 761//3273 763//3273
f 2602//3274 2601//3274 764//3274 762//3274
f 2602//3275 2603//3275 791//3275 761//3275
f 2603//3276 2602//3276 762//3276 792//3276
f 2603//3277 2604//3277 793//3277 791//3277
f 2604//3278 2603//3278 792//3278 794//3278
f 2604//3279 2601//3279 763//3279 793//3279
f 2601//3280 2604//3280 794//3280 764//3280
f 2605//3281 2606//3281 777//3281 779//3281
f 2606//3282 2605//3282 780//3282 778//3282
f 2606//3283 2607//3283 807//3283 777//3283
f 2607//3284 2606//3284 778//3284 808//3284
f 2607//3285 2608//3285 809//3285 807//3285
f 2608//3286 2607//3286 808//3286 810//3286
f 2608//3287 2605//3287 779//3287 809//3287
f 2605//3288 2608//3288 810//3288 780//3288
f 2609//3289 2610//3289 763//3289 765//3289
f 2610//3290 2609//3290 766//3290 764//3290
f 2610//3291 2611//3291 793//3291 763//3291
f 2611//3292 2610//3292 764//3292 794//3292
f 2611//3293 2612//3293 795//3293 793//3293
f 2612//3294 2611//3294 794//3294 796//3294
f 2612//3295 2609//3295 765//3295 795//3295
f 2609//3296 2612//3296 796//3296 766//3296
f 2613//3297 2614//3297 779//3297 781//3297
f 2614//3298 2613//3298 782//3298 780//3298
f 2614//3299 2615//3299 809//3299 779//3299
f 2615//3300 2614//3300 780//3300 810//3300
f 2615//3301 2616//3301 811//3301 809//3301
f 2616//3302 2615//3302 810//3302 812//3302
f 2616//3303 2613//3303 781//3303 811//3303
f 2613//3304 2616//3304 812//3304 782//3304
f 2617//3305 2618//3305 765//3305 767//3305
f 2618//3306 2617//3306 768//3306 766//3306
f 2618//3307 2619//3307 795//3307 765//3307
f 2619//3308 2618//3308 766//3308 796//3308
f 2619//3309 2620//3309 797//3309 795//3309
f 2620//3310 2619//3310 796//3310 798//3310
f 2620//3311 2617//3311 767//3311 797//3311
f 2617//3312 2620//3312 798//3312 768//3312
f 2621//3313 2622//3313 781//3313 783//3313
f 2622//3314 2621//3314 784//3314 782//3314
f 2622//3315 2623//3315 811//3315 781//3315
f 2623//3316 2622//3316 782//3316 812//3316
f 2623//3317 2624//3317 813//3317 811//3317
f 2624//3318 2623//3318 812//3318 814//3318
f 2624//3319 2621//3319 783//3319 813//3319
f 2621//3320 2624//3320 814//3320 784//3320
f 2625//3321 2626//3321 767//3321 769//3321
f 2626//3322 2625//3322 770//3322 768//3322
f 2626//3323 2627//3323 797//3323 767//3323
f 2627//3324 2626//3324 768//3324 798//3324
f 2627//3325 2628//3325 799//3325 797//3325
f 2628//3326 2627//3326 798//3326 800//3326
f 2628//3327 2625//3327 769//3327 799//3327
f 2625//3328 2628//3328 800//3328 770//3328
f 2629//3329 2630//3329 543//3329 755//3329
f 2630//3330 2629//3330 756//3330 544//3330
f 2630//3331 2631//3331 785//3331 543//3331
f 2631//3332 2630//3332 544//3332 786//3332
f 2631//3333 2629//3333 755//3333 785//3333
f 2629//3334 2631//3334 786//3334 756//3334
f 2632//3335 2633//3335 783//3335 151//3335
f 2633//3336 2632//3336 152//3336 784//3336
f 2633//3337 2634//3337 813//3337 783//3337
f 2634//3338 2633//3338 784//3338 814//3338
f 2634//3339 2632//3339 151//3339 813//3339
f 2632//3340 2634//3340 814//3340 152//3340
f 2635//3341 2636//3341 769//3341 771//3341
f 2636//3342 2635//3342 772//3342 770//3342
f 2636//3343 2637//3343 799//3343 769//3343
f 2637//3344 2636//3344 770//3344 800//3344
f 2637//3345 2638//3345 801//3345 799//3345
f 2638//3346 2637//3346 800//3346 802//3346
f 2638//3347 2635//3347 771//3347 801//3347
f 2635//3348 2638//3348 802//3348 772//3348
f 2639//3349 2640//3349 793//3349 795//3349
f 2640//3350 2639//3350 796//3350 794//3350
f 2640//3351 2641//3351 823//3351 793//3351
f 2641//3352 2640//3352 794//3352 824//3352
f 2641//3353 2642//3353 825//3353 823//3353
f 2642//3354 2641//3354 824//3354 826//3354
f 2642//3355 2639//3355 795//3355 825//3355
f 2639//3356 2642//3356 826//3356 796//3356
f 2643//3357 2644//3357 809//3357 811//3357
f 2644//3358 2643//3358 812//3358 810//3358
f 2644//3359 2645//3359 839//3359 809//3359
f 2645//3360 2644//3360 810//3360 840//3360
f 2645//3361 2646//3361 841//3361 839//3361
f 2646//3362 2645//3362 840//3362 842//3362
f 2646//3363 2643//3363 811//3363 841//3363
f 2643//3364 2646//3364 842//3364 812//3364
f 2647//3365 2648//3365 795//3365 797//3365
f 2648//3366 2647//3366 798//3366 796//3366
f 2648//3367 2649//3367 825//3367 795//3367
f 2649//3368 2648//3368 796//3368 826//3368
f 2649//3369 2650//3369 827//3369 825//3369
f 2650//3370 2649//3370 826//3370 828//3370
f 2650//3371 2647//3371 797//3371 827//3371
f 2647//3372 2650//3372 828//3372 798//3372
f 2651//3373 2652//3373 811//3373 813//3373
f 2652//3374 2651//3374 814//3374 812//3374
f 2652//3375 2653//3375 841//3375 811//3375
f 2653//3376 2652//3376 812//3376 842//3376
f 2653//3377 2654//3377 843//3377 841//3377
f 2654//3378 2653//3378 842//3378 844//3378
f 2654//3379 2651//3379 813//3379 843//3379
f 2651//3380 2654//3380 844//3380 814//3380
f 2655//3381 2656//3381 797//3381 799//3381
f 2656//3382 2655//3382 800//3382 798//3382
f 2656//3383 2657//3383 827//3383 797//3383
f 2657//3384 2656//3384 798//3384 828//3384
f 2657//3385 2658//3385 829//3385 827//3385
f 2658//3386 2657//3386 828//3386 830//3386
f 2658//3387 2655//3387 799//3387 829//3387
f 2655//3388 2658//3388 830//3388 800//3388
f 2659//3389 2660//3389 543//3389 785//3389
f 2660//3390 2659//3390 786//3390 544//3390
f 2660//3391 2661//3391 815//3391 543//3391
f 2661//3392 2660//3392 544//3392 816//3392
f 2661//3393 2659//3393 785//3393 815//3393
f 2659//3394 2661//3394 816//3394 786//3394
f 2662//3395 2663//3395 813//3395 151//3395
f 2663//3396 2662//3396 152//3396 814//3396
f 2663//3397 2664//3397 843//3397 813//3397
f 2664//3398 2663//3398 814//3398 844//3398
f 2664//3399 2662//3399 151//3399 843//3399
f 2662//3400 2664//3400 844//3400 152//3400
f 2665//3401 2666//3401 799//3401 801//3401
f 2666//3402 2665//3402 802//3402 800//3402
f 2666//3403 2667//3403 829//3403 799//3403
f 2667//3404 2666//3404 800//3404 830//3404
f 2667//3405 2668//3405 831//3405 829//3405
f 2668//3406 2667//3406 830//3406 832//3406
f 2668//3407 2665//3407 801//3407 831//3407
f 2665//3408 2668//3408 832//3408 802//3408
f 2669//3409 2670//3409 785//3409 787//3409
f 2670//3410 2669//3410 788//3410 786//3410
f 2670//3411 2671//3411 815//3411 785//3411
f 2671//3412 2670//3412 786//3412 816//3412
f 2671//3413 2672//3413 817//3413 815//3413
f 2672//3414 2671//3414 816//3414 818//3414
f 2672//3415 2669//3415 787//3415 817//3415
f 2669//3416 2672//3416 818//3416 788//3416
f 2673//3417 2674//3417 801//3417 803//3417
f 2674//3418 2673//3418 804//3418 802//3418
f 2674//3419 2675//3419 831//3419 801//3419
f 2675//3420 2674//3420 802//3420 832//3420
f 2675//3421 2676//3421 833//3421 831//3421
f 2676//3422 2675//3422 832//3422 834//3422
f 2676//3423 2673//3423 803//3423 833//3423
f 2673//3424 2676//3424 834//3424 804//3424
f 2677//3425 2678//3425 787//3425 789//3425
f 2678//3426 2677//3426 790//3426 788//3426
f 2678//3427 2679//3427 817//3427 787//3427
f 2679//3428 2678//3428 788//3428 818//3428
f 2679//3429 2680//3429 819//3429 817//3429
f 2680//3430 2679//3430 818//3430 820//3430
f 2680//3431 2677//3431 789//3431 819//3431
f 2677//3432 2680//3432 820//3432 790//3432
f 2681//3433 2682//3433 803//3433 805//3433
f 2682//3434 2681//3434 806//3434 804//3434
f 2682//3435 2683//3435 833//3435 803//3435
f 2683//3436 2682//3436 804//3436 834//3436
f 2683//3437 2684//3437 835//3437 833//3437
f 2684//3438 2683//3438 834//3438 836//3438
f 2684//3439 2681//3439 805//3439 835//3439
f 2681//3440 2684//3440 836//3440 806//3440
f 2685//3441 2686//3441 789//3441 791//3441
f 2686//3442 2685//3442 792//3442 790//3442
f 2686//3443 2687//3443 819//3443 789//3443
f 2687//3444 2686//3444 790//3444 820//3444
f 2687//3445 2688//3445 821//3445 819//3445
f 2688//3446 2687//3446 820//3446 822//3446
f 2688//3447 2685//3447 791//3447 821//3447
f 2685//3448 2688//3448 822//3448 792//3448
f 2689//3449 2690//3449 805//3449 807//3449
f 2690//3450 2689//3450 808//3450 806//3450
f 2690//3451 2691//3451 835//3451 805//3451
f 2691//3452 2690//3452 806//3452 836//3452
f 2691//3453 2692//3453 837//3453 835//3453
f 2692//3454 2691//3454 836//3454 838//3454
f 2692//3455 2689//3455 807//3455 837//3455
f 2689//3456 2692//3456 838//3456 808//3456
f 2693//3457 2694//3457 791//3457 793//3457
f 2694//3458 2693//3458 794//3458 792//3458
f 2694//3459 2695//3459 821//3459 791//3459
f 2695//3460 2694//3460 792//3460 822//3460
f 2695//3461 2696//3461 823//3461 821//3461
f 2696//3462 2695//3462 822//3462 824//3462
f 2696//3463 2693//3463 793//3463 823//3463
f 2693//3464 2696//3464 824//3464 794//3464
f 2697//3465 2698//3465 807//3465 809//3465
f 2698//3466 2697//3466 810//3466 808//3466
f 2698//3467 2699//3467 837//3467 807//3467
f 2699//3468 2698//3468 808//3468 838//3468
f 2699//3469 2700//3469 839//3469 837//3469
f 2700//3470 2699//3470 838//3470 840//3470
f 2700//3471 2697//3471 809//3471 839//3471
f 2697//3472 2700//3472 840//3472 810//3472
f 2701//3473 2702//3473 831//3473 833//3473
f 2702//3474 2701//3474 834//3474 832//3474
f 2702//3475 2703//3475 861//3475 831//3475
f 2703//3476 2702//3476 832//3476 862//3476
f 2703//3477 2704//3477 863//3477 861//3477
f 2704//3478 2703//3478 862//3478 864//3478
f 2704//3479 2701//3479 833//3479 863//3479
f 2701//3480 2704//3480 864//3480 834//3480
f 2705//3481 2706//3481 817//3481 819//3481
f 2706//3482 2705//3482 820//3482 818//3482
f 2706//3483 2707//3483 847//3483 817//3483
f 2707//3484 2706//3484 818//3484 848//3484
f 2707//3485 2708//3485 849//3485 847//3485
f 2708//3486 2707//3486 848//3486 850//3486
f 2708//3487 2705//3487 819//3487 849//3487
f 2705//3488 2708//3488 850//3488 820//3488
f 2709//3489 2710//3489 833//3489 835//3489
f 2710//3490 2709//3490 836//3490 834//3490
f 2710//3491 2711//3491 863//3491 833//3491
f 2711//3492 2710//3492 834//3492 864//3492
f 2711//3493 2712//3493 865//3493 863//3493
f 2712//3494 2711//3494 864//3494 866//3494
f 2712//3495 2709//3495 835//3495 865//3495
f 2709//3496 2712//3496 866//3496 836//3496
f 2713//3497 2714//3497 819//3497 821//3497
f 2714//3498 2713//3498 822//3498 820//3498
f 2714//3499 2715//3499 849//3499 819//3499
f 2715//3500 2714//3500 820//3500 850//3500
f 2715//3501 2716//3501 851//3501 849//3501
f 2716//3502 2715//3502 850//3502 852//3502
f 2716//3503 2713//3503 821//3503 851//3503
f 2713//3504 2716//3504 852//3504 822//3504
f 2717//3505 2718//3505 835//3505 837//3505
f 2718//3506 2717//3506 838//3506 836//3506
f 2718//3507 2719//3507 865//3507 835//3507
f 2719//3508 2718//3508 836//3508 866//3508
f 2719//3509 2720//3509 867//3509 865//3509
f 2720//3510 2719//3510 866//3510 868//3510
f 2720//3511 2717//3511 837//3511 867//3511
f 2717//3512 2720//3512 868//3512 838//3512
f 2721//3513 2722//3513 821//3513 823//3513
f 2722//3514 2721//3514 824//3514 822//3514
f 2722//3515 2723//3515 851//3515 821//3515
f 2723//3516 2722//3516 822//3516 852//3516
f 2723//3517 2724//3517 853//3517 851//3517
f 2724//3518 2723//3518 852//3518 854//3518
f 2724//3519 2721//3519 823//3519 853//3519
f 2721//3520 2724//3520 854//3520 824//3520
f 2725//3521 2726//3521 837//3521 839//3521
f 2726//3522 2725//3522 840//3522 838//3522
f 2726//3523 2727//3523 867//3523 837//3523
f 2727//3524 2726//3524 838//3524 868//3524
f 2727//3525 2728//3525 869//3525 867//3525
f 2728//3526 2727//3526 868//3526 870//3526
f 2728//3527 2725//3527 839//3527 869//3527
f 2725//3528 2728//3528 870//3528 840//3528
f 2729//3529 2730//3529 823//3529 825//3529
f 2730//3530 2729//3530 826//3530 824//3530
f 2730//3531 2731//3531 853//3531 823//3531
f 2731//3532 2730//3532 824//3532 854//3532
f 2731//3533 2732//3533 855//3533 853//3533
f 2732//3534 2731//3534 854//3534 856//3534
f 2732//3535 2729//3535 825//3535 855//3535
f 2729//3536 2732//3536 856//3536 826//3536
f 2733//3537 2734//3537 839//3537 841//3537
f 2734//3538 2733//3538 842//3538 840//3538
f 2734//3539 2735//3539 869//3539 839//3539
f 2735//3540 2734//3540 840//3540 870//3540
f 2735//3541 2736//3541 871//3541 869//3541
f 2736//3542 2735//3542 870//3542 872//3542
f 2736//3543 2733//3543 841//3543 871//3543
f 2733//3544 2736//3544 872//3544 842//3544
f 2737//3545 2738//3545 825//3545 827//3545
f 2738//3546 2737//3546 828//3546 826//3546
f 2738//3547 2739//3547 855//3547 825//3547
f 2739//3548 2738//3548 826//3548 856//3548
f 2739//3549 2740//3549 857//3549 855//3549
f 2740//3550 2739//3550 856//3550 858//3550
f 2740//3551 2737//3551 827//3551 857//3551
f 2737//3552 2740//3552 858//3552 828//3552
f 2741//3553 2742//3553 841//3553 843//3553
f 2742//3554 2741//3554 844//3554 842//3554
f 2742//3555 2743//3555 871//3555 841//3555
f 2743//3556 2742//3556 842//3556 872//3556
f 2743//3557 2744//3557 873//3557 871//3557
f 2744//3558 2743//3558 872//3558 874//3558
f 2744//3559 2741//3559 843//3559 873//3559
f 2741//3560 2744//3560 874//3560 844//3560
f 2745//3561 2746//3561 827//3561 829//3561
f 2746//3562 2745//3562 830//3562 828//3562
f 2746//3563 2747//3563 857//3563 827//3563
f 2747//3564 2746//3564 828//3564 858//3564
f 2747//3565 2748//3565 859//3565 857//3565
f 2748//3566 2747//3566 858//3566 860//3566
f 2748//3567 2745//3567 829//3567 859//3567
f 2745//3568 2748//3568 860//3568 830//3568
f 2749//3569 2750//3569 543//3569 815//3569
f 2750//3570 2749//3570 816//3570 544//3570
f 2750//3571 2751//3571 845//3571 543//3571
f 2751//3572 2750//3572 544//3572 846//3572
f 2751//3573 2749//3573 815//3573 845//3573
f 2749//3574 2751//3574 846//3574 816//3574
f 2752//3575 2753//3575 843//3575 151//3575
f 2753//3576 2752//3576 152//3576 844//3576
f 2753//3577 2754//3577 873//3577 843//3577
f 2754//3578 2753//3578 844//3578 874//3578
f 2754//3579 2752//3579 151//3579 873//3579
f 2752//3580 2754//3580 874//3580 152//3580
f 2755//3581 2756//3581 829//3581 831//3581
f 2756//3582 2755//3582 832//3582 830//3582
f 2756//3583 2757//3583 859//3583 829//3583
f 2757//3584 2756//3584 830//3584 860//3584
f 2757//3585 2758//3585 861//3585 859//3585
f 2758//3586 2757//3586 860//3586 862//3586
f 2758//3587 2755//3587 831//3587 861//3587
f 2755//3588 2758//3588 862//3588 832//3588
f 2759//3589 2760//3589 815//3589 817//3589
f 2760//3590 2759//3590 818//3590 816//3590
f 2760//3591 2761//3591 845//3591 815//3591
f 2761//3592 2760//3592 816//3592 846//3592
f 2761//3593 2762//3593 847//3593 845//3593
f 2762//3594 2761//3594 846//3594 848//3594
f 2762//3595 2759//3595 817//3595 847//3595
f 2759//3596 2762//3596 848//3596 818//3596
f 2763//3597 2764//3597 869//3597 871//3597
f 2764//3598 2763//3598 872//3598 870//3598
f 2764//3599 2765//3599 899//3599 869//3599
f 2765//3600 2764//3600 870//3600 900//3600
f 2765//3601 2766//3601 901//3601 899//3601
f 2766//3602 2765//3602 900//3602 902//3602
f 2766//3603 2763//3603 871//3603 901//3603
f 2763//3604 2766//3604 902//3604 872//3604
f 2767//3605 2768//3605 855//3605 857//3605
f 2768//3606 2767//3606 858//3606 856//3606
f 2768//3607 2769//3607 885//3607 855//3607
f 2769//3608 2768//3608 856//3608 886//3608
f 2769//3609 2770//3609 887//3609 885//3609
f 2770//3610 2769//3610 886//3610 888//3610
f 2770//3611 2767//3611 857//3611 887//3611
f 2767//3612 2770//3612 888//3612 858//3612
f 2771//3613 2772//3613 871//3613 873//3613
f 2772//3614 2771//3614 874//3614 872//3614
f 2772//3615 2773//3615 901//3615 871//3615
f 2773//3616 2772//3616 872//3616 902//3616
f 2773//3617 2774//3617 903//3617 901//3617
f 2774//3618 2773//3618 902//3618 904//3618
f 2774//3619 2771//3619 873//3619 903//3619
f 2771//3620 2774//3620 904//3620 874//3620
f 2775//3621 2776//3621 857//3621 859//3621
f 2776//3622 2775//3622 860//3622 858//3622
f 2776//3623 2777//3623 887//3623 857//3623
f 2777//3624 2776//3624 858//3624 888//3624
f 2777//3625 2778//3625 889//3625 887//3625
f 2778//3626 2777//3626 888//3626 890//3626
f 2778//3627 2775//3627 859//3627 889//3627
f 2775//3628 2778//3628 890//3628 860//3628
f 2779//3629 2780//3629 543//3629 845//3629
f 2780//3630 2779//3630 846//3630 544//3630
f 2780//3631 2781//3631 875//3631 543//3631
f 2781//3632 2780//3632 544//3632 876//3632
f 2781//3633 2779//3633 845//3633 875//3633
f 2779//3634 2781//3634 876//3634 846//3634
f 2782//3635 2783//3635 873//3635 151//3635
f 2783//3636 2782//3636 152//3636 874//3636
f 2783//3637 2784//3637 903//3637 873//3637
f 2784//3638 2783//3638 874//3638 904//3638
f 2784//3639 2782//3639 151//3639 903//3639
f 2782//3640 2784//3640 904//3640 152//3640
f 2785//3641 2786//3641 859//3641 861//3641
f 2786//3642 2785//3642 862//3642 860//3642
f 2786//3643 2787//3643 889//3643 859//3643
f 2787//3644 2786//3644 860//3644 890//3644
f 2787//3645 2788//3645 891//3645 889//3645
f 2788//3646 2787//3646 890//3646 892//3646
f 2788//3647 2785//3647 861//3647 891//3647
f 2785//3648 2788//3648 892//3648 862//3648
f 2789//3649 2790//3649 845//3649 847//3649
f 2790//3650 2789//3650 848//3650 846//3650
f 2790//3651 2791//3651 875//3651 845//3651
f 2791//3652 2790//3652 846//3652 876//3652
f 2791//3653 2792//3653 877//3653 875//3653
f 2792//3654 2791//3654 876//3654 878//3654
f 2792//3655 2789//3655 847//3655 877//3655
f 2789//3656 2792//3656 878//3656 848//3656
f 2793//3657 2794//3657 861//3657 863//3657
f 2794//3658 2793//3658 864//3658 862//3658
f 2794//3659 2795//3659 891//3659 861//3659
f 2795//3660 2794//3660 862//3660 892//3660
f 2795//3661 2796//3661 893//3661 891//3661
f 2796//3662 2795//3662 892//3662 894//3662
f 2796//3663 2793//3663 863//3663 893//3663
f 2793//3664 2796//3664 894//3664 864//3664
f 2797//3665 2798//3665 847//3665 849//3665
f 2798//3666 2797//3666 850//3666 848//3666
f 2798//3667 2799//3667 877//3667 847//3667
f 2799//3668 2798//3668 848//3668 878//3668
f 2799//3669 2800//3669 879//3669 877//3669
f 2800//3670 2799//3670 878//3670 880//3670
f 2800//3671 2797//3671 849//3671 879//3671
f 2797//3672 2800//3672 880//3672 850//3672
f 2801//3673 2802//3673 863//3673 865//3673
f 2802//3674 2801//3674 866//3674 864//3674
f 2802//3675 2803//3675 893//3675 863//3675
f 2803//3676 2802//3676 864//3676 894//3676
f 2803//3677 2804//3677 895//3677 893//3677
f 2804//3678 2803//3678 894//3678 896//3678
f 2804//3679 2801//3679 865//3679 895//3679
f 2801//3680 2804//3680 896//3680 866//3680
f 2805//3681 2806//3681 849//3681 851//3681
f 2806//3682 2805//3682 852//3682 850//3682
f 2806//3683 2807//3683 879//3683 849//3683
f 2807//3684 2806//3684 850//3684 880//3684
f 2807//3685 2808//3685 881//3685 879//3685
f 2808//3686 2807//3686 880//3686 882//3686
f 2808//3687 2805//3687 851//3687 881//3687
f 2805//3688 2808//3688 882//3688 852//3688
f 2809//3689 2810//3689 865//3689 867//3689
f 2810//3690 2809//3690 868//3690 866//3690
f 2810//3691 2811//3691 895//3691 865//3691
f 2811//3692 2810//3692 866//3692 896//3692
f 2811//3693 2812//3693 897//3693 895//3693
f 2812//3694 2811//3694 896//3694 898//3694
f 2812//3695 2809//3695 867//3695 897//3695
f 2809//3696 2812//3696 898//3696 868//3696
f 2813//3697 2814//3697 851//3697 853//3697
f 2814//3698 2813//3698 854//3698 852//3698
f 2814//3699 2815//3699 881//3699 851//3699
f 2815//3700 2814//3700 852//3700 882//3700
f 2815//3701 2816//3701 883//3701 881//3701
f 2816//3702 2815//3702 882//3702 884//3702
f 2816//3703 2813//3703 853//3703 883//3703
f 2813//3704 2816//3704 884//3704 854//3704
f 2817//3705 2818//3705 867//3705 869//3705
f 2818//3706 2817//3706 870//3706 868//3706
f 2818//3707 2819//3707 897//3707 867//3707
f 2819//3708 2818//3708 868//3708 898//3708
f 2819//3709 2820//3709 899//3709 897//3709
f 2820//3710 2819//3710 898//3710 900//3710
f 2820//3711 2817//3711 869//3711 899//3711
f 2817//3712 2820//3712 900//3712 870//3712
f 2821//3713 2822//3713 853//3713 855//3713
f 2822//3714 2821//3714 856//3714 854//3714
f 2822//3715 2823//3715 883//3715 853//3715
f 2823//3716 2822//3716 854//3716 884//3716
f 2823//3717 2824//3717 885//3717 883//3717
f 2824//3718 2823//3718 884//3718 886//3718
f 2824//3719 2821//3719 855//3719 885//3719
f 2821//3720 2824//3720 886//3720 856//3720
f 2825//3721 2826//3721 893//3721 895//3721
f 2826//3722 2825//3722 896//3722 894//3722
f 2826//3723 2827//3723 923//3723 893//3723
f 2827//3724 2826//3724 894//3724 924//3724
f 2827//3725 2828//3725 925//3725 923//3725
f 2828//3726 2827//3726 924//3726 926//3726
f 2828//3727 2825//3727 895//3727 925//3727
f 2825//3728 2828//3728 926//3728 896//3728
f 2829//3729 2830//3729 879//3729 881//3729
f 2830//3730 2829//3730 882//3730 880//3730
f 2830//3731 2831//3731 909//3731 879//3731
f 2831//3732 2830//3732 880//3732 910//3732
f 2831//3733 2832//3733 911//3733 909//3733
f 2832//3734 2831//3734 910//3734 912//3734
f 2832//3735 2829//3735 881//3735 911//3735
f 2829//3736 2832//3736 912//3736 882//3736
f 2833//3737 2834//3737 895//3737 897//3737
f 2834//3738 2833//3738 898//3738 896//3738
f 2834//3739 2835//3739 925//3739 895//3739
f 2835//3740 2834//3740 896//3740 926//3740
f 2835//3741 2836//3741 927//3741 925//3741
f 2836//3742 2835//3742 926//3742 928//3742
f 2836//3743 2833//3743 897//3743 927//3743
f 2833//3744 2836//3744 928//3744 898//3744
f 2837//3745 2838//3745 881//3745 883//3745
f 2838//3746 2837//3746 884//3746 882//3746
f 2838//3747 2839//3747 911//3747 881//3747
f 2839//3748 2838//3748 882//3748 912//3748
f 2839//3749 2840//3749 913//3749 911//3749
f 2840//3750 2839//3750 912//3750 914//3750
f 2840//3751 2837//3751 883//3751 913//3751
f 2837//3752 2840//3752 914//3752 884//3752
f 2841//3753 2842//3753 897//3753 899//3753
f 2842//3754 2841//3754 900//3754 898//3754
f 2842//3755 2843//3755 927//3755 897//3755
f 2843//3756 2842//3756 898//3756 928//3756
f 2843//3757 2844//3757 929//3757 927//3757
f 2844//3758 2843//3758 928//3758 930//3758
f 2844//3759 2841//3759 899//3759 929//3759
f 2841//3760 2844//3760 930//3760 900//3760
f 2845//3761 2846//3761 883//3761 885//3761
f 2846//3762 2845//3762 886//3762 884//3762
f 2846//3763 2847//3763 913//3763 883//3763
f 2847//3764 2846//3764 884//3764 914//3764
f 2847//3765 2848//3765 915//3765 913//3765
f 2848//3766 2847//3766 914//3766 916//3766
f 2848//3767 2845//3767 885//3767 915//3767
f 2845//3768 2848//3768 916//3768 886//3768
f 2849//3769 2850//3769 899//3769 901//3769
f 2850//3770 2849//3770 902//3770 900//3770
f 2850//3771 2851//3771 929//3771 899//3771
f 2851//3772 2850//3772 900//3772 930//3772
f 2851//3773 2852//3773 931//3773 929//3773
f 2852//3774 2851//3774 930//3774 932//3774
f 2852//3775 2849//3775 901//3775 931//3775
f 2849//3776 2852//3776 932//3776 902//3776
f 2853//3777 2854//3777 885//3777 887//3777
f 2854//3778 2853//3778 888//3778 886//3778
f 2854//3779 2855//3779 915//3779 885//3779
f 2855//3780 2854//3780 886//3780 916//3780
f 2855//3781 2856//3781 917//3781 915//3781
f 2856//3782 2855//3782 916//3782 918//3782
f 2856//3783 2853//3783 887//3783 917//3783
f 2853//3784 2856//3784 918//3784 888//3784
f 2857//3785 2858//3785 901//3785 903//3785
f 2858//3786 2857//3786 904//3786 902//3786
f 2858//3787 2859//3787 931//3787 901//3787
f 2859//3788 2858//3788 902//3788 932//3788
f 2859//3789 2860//3789 933//3789 931//3789
f 2860//3790 2859//3790 932//3790 934//3790
f 2860//3791 2857//3791 903//3791 933//3791
f 2857//3792 2860//3792 934//3792 904//3792
f 2861//3793 2862//3793 887//3793 889//3793
f 2862//3794 2861//3794 890//3794 888//3794
f 2862//3795 2863//3795 917//3795 887//3795
f 2863//3796 2862//3796 888//3796 918//3796
f 2863//3797 2864//3797 919//3797 917//3797
f 2864//3798 2863//3798 918//3798 920//3798
f 2864//3799 2861//3799 889//3799 919//3799
f 2861//3800 2864//3800 920//3800 890//3800
f 2865//3801 2866//3801 543//3801 875//3801
f 2866//3802 2865//3802 876//3802 544//3802
f 2866//3803 2867//3803 905//3803 543//3803
f 2867//3804 2866//3804 544//3804 906//3804
f 2867//3805 2865//3805 875//3805 905//3805
f 2865//3806 2867//3806 906//3806 876//3806
f 2868//3807 2869//3807 903//3807 151//3807
f 2869//3808 2868//3808 152//3808 904//3808
f 2869//3809 2870//3809 933//3809 903//3809
f 2870//3810 2869//3810 904//3810 934//3810
f 2870//3811 2868//3811 151//3811 933//3811
f 2868//3812 2870//3812 934//3812 152//3812
f 2871//3813 2872//3813 889//3813 891//3813
f 2872//3814 2871//3814 892//3814 890//3814
f 2872//3815 2873//3815 919//3815 889//3815
f 2873//3816 2872//3816 890//3816 920//3816
f 2873//3817 2874//3817 921//3817 919//3817
f 2874//3818 2873//3818 920//3818 922//3818
f 2874//3819 2871//3819 891//3819 921//3819
f 2871//3820 2874//3820 922//3820 892//3820
f 2875//3821 2876//3821 875//3821 877//3821
f 2876//3822 2875//3822 878//3822 876//3822
f 2876//3823 2877//3823 905//3823 875//3823
f 2877//3824 2876//3824 876//3824 906//3824
f 2877//3825 2878//3825 907//3825 905//3825
f 2878//3826 2877//3826 906//3826 908//3826
f 2878//3827 2875//3827 877//3827 907//3827
f 2875//3828 2878//3828 908//3828 878//3828
f 2879//3829 2880//3829 891//3829 893//3829
f 2880//3830 2879//3830 894//3830 892//3830
f 2880//3831 2881//3831 921//3831 891//3831
f 2881//3832 2880//3832 892//3832 922//3832
f 2881//3833 2882//3833 923//3833 921//3833
f 2882//3834 2881//3834 922//3834 924//3834
f 2882//3835 2879//3835 893//3835 923//3835
f 2879//3836 2882//3836 924//3836 894//3836
f 2883//3837 2884//3837 877//3837 879//3837
f 2884//3838 2883//3838 880//3838 878//3838
f 2884//3839 2885//3839 907//3839 877//3839
f 2885//3840 2884//3840 878//3840 908//3840
f 2885//3841 2886//3841 909//3841 907//3841
f 2886//3842 2885//3842 908//3842 910//3842
f 2886//3843 2883//3843 879//3843 909//3843
f 2883//3844 2886//3844 910//3844 880//3844
f 2887//3845 2888//3845 931//3845 933//3845
f 2888//3846 2887//3846 934//3846 932//3846
f 2888//3847 2889//3847 961//3847 931//3847
f 2889//3848 2888//3848 932//3848 962//3848
f 2889//3849 2890//3849 963//3849 961//3849
f 2890//3850 2889//3850 962//3850 964//3850
f 2890//3851 2887//3851 933//3851 963//3851
f 2887//3852 2890//3852 964//3852 934//3852
f 2891//3853 2892//3853 917//3853 919//3853
f 2892//3854 2891//3854 920//3854 918//3854
f 2892//3855 2893//3855 947//3855 917//3855
f 2893//3856 2892//3856 918//3856 948//3856
f 2893//3857 2894//3857 949//3857 947//3857
f 2894//3858 2893//3858 948//3858 950//3858
f 2894//3859 2891//3859 919//3859 949//3859
f 2891//3860 2894//3860 950//3860 920//3860
f 2895//3861 2896//3861 543//3861 905//3861
f 2896//3862 2895//3862 906//3862 544//3862
f 2896//3863 2897//3863 935//3863 543//3863
f 2897//3864 2896//3864 544//3864 936//3864
f 2897//3865 2895//3865 905//3865 935//3865
f 2895//3866 2897//3866 936//3866 906//3866
f 2898//3867 2899//3867 933//3867 151//3867
f 2899//3868 2898//3868 152//3868 934//3868
f 2899//3869 2900//3869 963//3869 933//3869
f 2900//3870 2899//3870 934//3870 964//3870
f 2900//3871 2898//3871 151//3871 963//3871
f 2898//3872 2900//3872 964//3872 152//3872
f 2901//3873 2902//3873 919//3873 921//3873
f 2902//3874 2901//3874 922//3874 920//3874
f 2902//3875 2903//3875 949//3875 919//3875
f 2903//3876 2902//3876 920//3876 950//3876
f 2903//3877 2904//3877 951//3877 949//3877
f 2904//3878 2903//3878 950//3878 952//3878
f 2904//3879 2901//3879 921//3879 951//3879
f 2901//3880 2904//3880 952//3880 922//3880
f 2905//3881 2906//3881 905//3881 907//3881
f 2906//3882 2905//3882 908//3882 906//3882
f 2906//3883 2907//3883 935//3883 905//3883
f 2907//3884 2906//3884 906//3884 936//3884
f 2907//3885 2908//3885 937//3885 935//3885
f 2908//3886 2907//3886 936//3886 938//3886
f 2908//3887 2905//3887 907//3887 937//3887
f 2905//3888 2908//3888 938//3888 908//3888
f 2909//3889 2910//3889 921//3889 923//3889
f 2910//3890 2909//3890 924//3890 922//3890
f 2910//3891 2911//3891 951//3891 921//3891
f 2911//3892 2910//3892 922//3892 952//3892
f 2911//3893 2912//3893 953//3893 951//3893
f 2912//3894 2911//3894 952//3894 954//3894
f 2912//3895 2909//3895 923//3895 953//3895
f 2909//3896 2912//3896 954//3896 924//3896
f 2913//3897 2914//3897 907//3897 909//3897
f 2914//3898 2913//3898 910//3898 908//3898
f 2914//3899 2915//3899 937//3899 907//3899
f 2915//3900 2914//3900 908//3900 938//3900
f 2915//3901 2916//3901 939//3901 937//3901
f 2916//3902 2915//3902 938//3902 940//3902
f 2916//3903 2913//3903 909//3903 939//3903
f 2913//3904 2916//3904 940//3904 910//3904
f 2917//3905 2918//3905 923//3905 925//3905
f 2918//3906 2917//3906 926//3906 924//3906
f 2918//3907 2919//3907 953//3907 923//3907
f 2919//3908 2918//3908 924//3908 954//3908
f 2919//3909 2920//3909 955//3909 953//3909
f 2920//3910 2919//3910 954//3910 956//3910
f 2920//3911 2917//3911 925//3911 955//3911
f 2917//3912 2920//3912 956//3912 926//3912
f 2921//3913 2922//3913 909//3913 911//3913
f 2922//3914 2921//3914 912//3914 910//3914
f 2922//3915 2923//3915 939//3915 909//3915
f 2923//3916 2922//3916 910//3916 940//3916
f 2923//3917 2924//3917 941//3917 939//3917
f 2924//3918 2923//3918 940//3918 942//3918
f 2924//3919 2921//3919 911//3919 941//3919
f 2921//3920 2924//3920 942//3920 912//3920
f 2925//3921 2926//3921 925//3921 927//3921
f 2926//3922 2925//3922 928//3922 926//3922
f 2926//3923 2927//3923 955//3923 925//3923
f 2927//3924 2926//3924 926//3924 956//3924
f 2927//3925 2928//3925 957//3925 955//3925
f 2928//3926 2927//3926 956//3926 958//3926
f 2928//3927 2925//3927 927//3927 957//3927
f 2925//3928 2928//3928 958//3928 928//3928
f 2929//3929 2930//3929 911//3929 913//3929
f 2930//3930 2929//3930 914//3930 912//3930
f 2930//3931 2931//3931 941//3931 911//3931
f 2931//3932 2930//3932 912//3932 942//3932
f 2931//3933 2932//3933 943//3933 941//3933
f 2932//3934 2931//3934 942//3934 944//3934
f 2932//3935 2929//3935 913//3935 943//3935
f 2929//3936 2932//3936 944//3936 914//3936
f 2933//3937 2934//3937 927//3937 929//3937
f 2934//3938 2933//3938 930//3938 928//3938
f 2934//3939 2935//3939 957//3939 927//3939
f 2935//3940 2934//3940 928//3940 958//3940
f 2935//3941 2936//3941 959//3941 957//3941
f 2936//3942 2935//3942 958//3942 960//3942
f 2936//3943 2933//3943 929//3943 959//3943
f 2933//3944 2936//3944 960//3944 930//3944
f 2937//3945 2938//3945 913//3945 915//3945
f 2938//3946 2937//3946 916//3946 914//3946
f 2938//3947 2939//3947 943//3947 913//3947
f 2939//3948 2938//3948 914//3948 944//3948
f 2939//3949 2940//3949 945//3949 943//3949
f 2940//3950 2939//3950 944//3950 946//3950
f 2940//3951 2937//3951 915//3951 945//3951
f 2937//3952 2940//3952 946//3952 916//3952
f 2941//3953 2942//3953 929//3953 931//3953
f 2942//3954 2941//3954 932//3954 930//3954
f 2942//3955 2943//3955 959//3955 929//3955
f 2943//3956 2942//3956 930//3956 960//3956
f 2943//3957 2944//3957 961//3957 959//3957
f 2944//3958 2943//3958 960//3958 962//3958
f 2944//3959 2941//3959 931//3959 961//3959
f 2941//3960 2944//3960 962//3960 932//3960
f 2945//3961 2946//3961 915//3961 917//3961
f 2946//3962 2945//3962 918//3962 916//3962
f 2946//3963 2947//3963 945//3963 915//3963
f 2947//3964 2946//3964 916//3964 946//3964
f 2947//3965 2948//3965 947//3965 945//3965
f 2948//3966 2947//3966 946//3966 948//3966
f 2948//3967 2945//3967 917//3967 947//3967
f 2945//3968 2948//3968 948//3968 918//3968
